{"type":"FeatureCollection","features":[{"type":"Feature","id":0,"geometry":{"type":"Polygon","coordinates":[[[-72.80794414452609,-38.836864065930179],[-72.808113513605392,-38.836761244703638],[-72.808565751168189,-38.836616591788406],[-72.809004595578287,-38.83651213251845],[-72.809399227308987,-38.836343874383779],[-72.809793747559539,-38.836207142160085],[-72.810305376809637,-38.836027472809207],[-72.810685437164139,-38.835912987326637],[-72.811050306646464,-38.835847761054858],[-72.811342317729071,-38.835835218296843],[-72.811604389909249,-38.835835626269578],[-72.811940467916671,-38.835792379454475],[-72.812524974219329,-38.835587040748287],[-72.812949049525173,-38.835396801062018],[-72.813432384181141,-38.835085967019197],[-72.814032083916175,-38.834709746529391],[-72.81467578069082,-38.834379388310538],[-72.815070849335598,-38.834152565160913],[-72.815451394424002,-38.833925377913332],[-72.816865074430908,-38.833235073606225],[-72.817015723563415,-38.833084221160519],[-72.817159278290788,-38.832923755347394],[-72.817274909541638,-38.832730432442695],[-72.817378938347488,-38.832517821532541],[-72.817430914138043,-38.832272308086587],[-72.81751167192067,-38.831751513039251],[-72.817497577758786,-38.831480909156227],[-72.817361676704465,-38.831027877470369],[-72.817249569376941,-38.830144844821646],[-72.817171341826878,-38.829528657368279],[-72.817054821079608,-38.829098239157375],[-72.816663064821213,-38.828609077535859],[-72.816561552076593,-38.828422472802757],[-72.816527163841627,-38.828322736387676],[-72.816401122381279,-38.828252745207244],[-72.816094110205498,-38.827742450765889],[-72.815861172916911,-38.827639032998043],[-72.815499787388504,-38.827546660485027],[-72.815310446148203,-38.827407955102871],[-72.815165804344844,-38.827238609518503],[-72.815059471244979,-38.827205074258053],[-72.814921395906921,-38.827145449631281],[-72.81421435667832,-38.827234570079199],[-72.813772668018245,-38.827038125843522],[-72.813774250937328,-38.826912158530519],[-72.813834683616406,-38.825608912617291],[-72.813941319797678,-38.82541065707418],[-72.813252497832778,-38.824968652000827],[-72.812431000226653,-38.824218994283704],[-72.81183300037786,-38.823459916441465],[-72.812349859965593,-38.822870453975781],[-72.811975778988909,-38.822345375207263],[-72.81234526717185,-38.821987368924553],[-72.812788925749885,-38.821626246465009],[-72.814195640438001,-38.820611939496672],[-72.815602417640477,-38.819827329929886],[-72.817083518663509,-38.818990041827973],[-72.818714512476376,-38.818380834205264],[-72.820188188876571,-38.816866207845365],[-72.821791014273757,-38.815670614818067],[-72.824012448673159,-38.81473173545033],[-72.82562261191373,-38.813291197762176],[-72.826831290525135,-38.812625994588991],[-72.828042494298685,-38.811945692849477],[-72.829369083176886,-38.811042311734944],[-72.830176823987841,-38.810678879019889],[-72.830812185953903,-38.810591590085423],[-72.831850839556481,-38.810137846577156],[-72.833177503744409,-38.809824563624808],[-72.833926924374282,-38.809770902461459],[-72.835716390262021,-38.809407618328102],[-72.837678420093624,-38.808596991267464],[-72.838789897927086,-38.808185070600324],[-72.838966027490414,-38.807909069268071],[-72.840221327479725,-38.807575801136792],[-72.839520488083735,-38.805594161311213],[-72.839295063098504,-38.804882673076328],[-72.839264928603384,-38.80477012330693],[-72.839073220043076,-38.804054086492705],[-72.838858121455431,-38.803184078776781],[-72.838761047428832,-38.802791434866982],[-72.838470168719738,-38.801942343370094],[-72.838439536559335,-38.801852926140036],[-72.837834460683936,-38.800941397019862],[-72.837840740350657,-38.800936761255038],[-72.837828435592158,-38.800923825370525],[-72.837782664139652,-38.800850903023928],[-72.837421149539196,-38.800140084727808],[-72.836822422243031,-38.798809044136426],[-72.835621376533297,-38.796430562144593],[-72.835498127465399,-38.796207379494916],[-72.834159405360253,-38.794110679134477],[-72.834019020214797,-38.793890799305828],[-72.833778324046776,-38.793460477304201],[-72.833430897645428,-38.792966861937558],[-72.832806938859591,-38.792080337757803],[-72.832528413411623,-38.791638206121014],[-72.832476807464914,-38.791556288402361],[-72.83154893231216,-38.790196582932573],[-72.831401237375886,-38.789977483329565],[-72.831259519724114,-38.789879493575015],[-72.830983017257338,-38.789664871183177],[-72.830584938265162,-38.789355876249552],[-72.830528160264308,-38.78931180390726],[-72.829990933041714,-38.788811430910371],[-72.829737955373929,-38.788575805403816],[-72.829489482981487,-38.788317486891849],[-72.828984975741676,-38.787792980529211],[-72.82887955768679,-38.787680439746566],[-72.82854824937121,-38.787326745558481],[-72.827448326513718,-38.785913580721385],[-72.826770689378236,-38.784928825220724],[-72.826684258804207,-38.784717192887001],[-72.825994832678717,-38.783005100070334],[-72.825961622191372,-38.782921725224334],[-72.825899659678768,-38.782842055465444],[-72.825578903858158,-38.782065607616254],[-72.826270884187849,-38.781102338755979],[-72.825981311888711,-38.780754539989879],[-72.825865190601561,-38.780436993534323],[-72.825604140594791,-38.77998162290686],[-72.825284948232266,-38.779453101391702],[-72.824964994689878,-38.77899663271095],[-72.82482299751274,-38.778768687345085],[-72.824558775617902,-38.778349379374689],[-72.82415289355788,-38.77773807475176],[-72.82393600308481,-38.777404325679996],[-72.824228567330351,-38.777284467480293],[-72.823582453529212,-38.776267811180468],[-72.823225405946516,-38.775945773046175],[-72.823197415258448,-38.77553978127694],[-72.823140491143818,-38.775214416793254],[-72.823083757823241,-38.774807890240801],[-72.822997382001716,-38.774598996148598],[-72.822993613122208,-38.774590911258656],[-72.822999474839435,-38.774588465180486],[-72.823479505780057,-38.774586330161782],[-72.822320634780851,-38.771803465725611],[-72.821312793033783,-38.769399599640693],[-72.820349243854267,-38.767466340721555],[-72.820135683773103,-38.767480685600688],[-72.819588284932607,-38.767517451513946],[-72.819688405904699,-38.767049980215987],[-72.820846755985698,-38.766713597953796],[-72.821641009714384,-38.766506712449136],[-72.822236643918842,-38.766377465872161],[-72.822931658777819,-38.76614448918702],[-72.823361854421321,-38.766040981213038],[-72.824652582661614,-38.765678739286557],[-72.824762167164252,-38.765653761480188],[-72.826122822155796,-38.765295766806126],[-72.827266950263336,-38.765013216427022],[-72.827658399920125,-38.76492949823011],[-72.828253791481188,-38.764802160570056],[-72.829068429917342,-38.764632472238979],[-72.829095823490746,-38.764626979515207],[-72.829216259505145,-38.764604137254388],[-72.829790255036912,-38.764487383096359],[-72.83073493926085,-38.764323189307831],[-72.830665603808256,-38.764113364448193],[-72.832156591946756,-38.764005738541933],[-72.833317803888761,-38.763970064911646],[-72.834102964066915,-38.763984624028581],[-72.834698695940261,-38.76404652311988],[-72.834658677126669,-38.76396047619685],[-72.833584812419531,-38.761840149547218],[-72.83251525377419,-38.759791275365771],[-72.832062473759521,-38.759001734384178],[-72.83152161090284,-38.757868454681926],[-72.831450307526367,-38.757709059521034],[-72.830204865166806,-38.755466377965227],[-72.828699164811908,-38.752845501229778],[-72.826452729570306,-38.752983533255055],[-72.824207017663142,-38.753006142951257],[-72.823060213445544,-38.753033945492838],[-72.821485584715475,-38.7530524808341],[-72.819756465004602,-38.753071017008992],[-72.817042528505411,-38.753150964417152],[-72.812236624748238,-38.741981135847134],[-72.812057424404315,-38.741630346136603],[-72.812544584208155,-38.741327150686061],[-72.814020530777952,-38.740651931357363],[-72.815443687180036,-38.740070655059291],[-72.817290451754445,-38.739244407247291],[-72.817516610871522,-38.738780100867871],[-72.817282378554978,-38.738185580573983],[-72.817343144722329,-38.737510899419732],[-72.817491094657171,-38.736973064656894],[-72.817565344737034,-38.736447365047056],[-72.817552348995321,-38.736023633964002],[-72.817510733259709,-38.735527300050222],[-72.817410827163329,-38.734957809076015],[-72.817253305969956,-38.734324092835529],[-72.817007151274979,-38.734071761639285],[-72.816600269836826,-38.733739764203669],[-72.815993168376707,-38.732638122346806],[-72.815761528207844,-38.732386058944407],[-72.815645602647891,-38.732271286219714],[-72.815558247386406,-38.732143444570241],[-72.815486164517566,-38.73198444860099],[-72.815341366968795,-38.731733917717001],[-72.815211851001195,-38.731501780444042],[-72.81509585256714,-38.731274309038383],[-72.814966093362486,-38.730907039828672],[-72.81477755355283,-38.73070073298873],[-72.81451646800069,-38.730515680522032],[-72.814328292379642,-38.73025082520585],[-72.814096136645617,-38.730034783046939],[-72.813907688124942,-38.72977893049319],[-72.81363332827901,-38.729323283407389],[-72.813633497652731,-38.729174646648424],[-72.813795985268641,-38.72870465023874],[-72.813825654282184,-38.728484407858048],[-72.813827137558491,-38.72810598876876],[-72.813755616397131,-38.727717286333032],[-72.813597061804288,-38.727398932775479],[-72.813452803397354,-38.727062829426067],[-72.813410357748296,-38.726778268070149],[-72.813295299423629,-38.72640217246677],[-72.812932553854807,-38.726111526805774],[-72.81268575394202,-38.72588169501369],[-72.812657697726934,-38.725529748564114],[-72.812411833573307,-38.725151204527194],[-72.812253175068903,-38.72481483012254],[-72.812226051658953,-38.7243142610006],[-72.812286447014515,-38.723842355905063],[-72.812390236555146,-38.723222623042261],[-72.81258166596453,-38.722789203802797],[-72.812859663242165,-38.722253807951148],[-72.812920077936624,-38.721759291221758],[-72.812790690595719,-38.721405538252668],[-72.812733979341502,-38.72102602965888],[-72.812793318418329,-38.720635181148566],[-72.812824437910436,-38.720180744615135],[-72.812840913690934,-38.719640452784304],[-72.812828874498351,-38.719068008122605],[-72.812919396845132,-38.71824533449287],[-72.812964671578143,-38.71786773441751],[-72.813083129152673,-38.717329350789889],[-72.813361948657246,-38.716744331303289],[-72.813698136988535,-38.716277584677442],[-72.813976191079277,-38.715953885565249],[-72.814151229873744,-38.71572744233697],[-72.814545797679102,-38.715351870528302],[-72.814794966771075,-38.715054654854853],[-72.814669343983027,-38.714978976007529],[-72.814299379477646,-38.714923771850557],[-72.814099545542462,-38.714868505923512],[-72.814018134953855,-38.714714379294577],[-72.813692571318214,-38.714667931032601],[-72.813529755398761,-38.714540027658856],[-72.81333730072889,-38.714342293389201],[-72.812717587774046,-38.714397990554751],[-72.811198997804993,-38.714005165269612],[-72.810449890645074,-38.713788983166907],[-72.809777167933078,-38.713428559247703],[-72.809119714107652,-38.712972027689347],[-72.808783256473077,-38.712323233082373],[-72.808492067260616,-38.711741770159428],[-72.808079754932265,-38.711049661989961],[-72.807725673996387,-38.71085717585806],[-72.807162414144656,-38.710496988310879],[-72.806630801917208,-38.710339363594578],[-72.805664375318003,-38.710136639121323],[-72.804303969701778,-38.710388910512116],[-72.803004642663765,-38.710364944082002],[-72.802576601148559,-38.71036491427288],[-72.802800484449378,-38.709550521635556],[-72.805255322893785,-38.709593312680774],[-72.806548450889721,-38.709776227985245],[-72.807983021518623,-38.709979169230927],[-72.810766069884323,-38.713194940202719],[-72.814257811595255,-38.713794949916284],[-72.816531268889278,-38.713695472349691],[-72.821039235227417,-38.712193116429283],[-72.82508775639397,-38.709302199393221],[-72.826817705061416,-38.708683332238081],[-72.828478702767967,-38.708452507527319],[-72.829619352186512,-38.708442525370906],[-72.83225414578483,-38.7090694105502],[-72.837845172841313,-38.70922711737996],[-72.8409978202871,-38.707143614762856],[-72.847263120658582,-38.703589723736016],[-72.847775746349313,-38.703408092998892],[-72.849851112300385,-38.702189323852075],[-72.851528602860313,-38.700190179002711],[-72.853173769093573,-38.698285906435871],[-72.855146473308693,-38.696817328461655],[-72.857946795326384,-38.696170423456223],[-72.85975319309442,-38.695091492919239],[-72.862927038962027,-38.692995337149533],[-72.86718238586981,-38.689414753349389],[-72.869377210352852,-38.688090694620627],[-72.872835884856684,-38.686695458019926],[-72.874079774898163,-38.687019334322407],[-72.875957322626746,-38.681300645844487],[-72.87776753670839,-38.678441248192435],[-72.879245991156651,-38.676342274193274],[-72.881445885043902,-38.673137154371858],[-72.882512686541858,-38.671712310447766],[-72.882623477775056,-38.671511587921039],[-72.88265296917919,-38.67138597138004],[-72.882735549652168,-38.671000042296853],[-72.882900896303312,-38.67038577465749],[-72.882972205132631,-38.670040205609375],[-72.883007231930421,-38.669752486544908],[-72.882999030683337,-38.669683576164076],[-72.884605252259178,-38.660141089823888],[-72.885412464447938,-38.656281097290012],[-72.886572466001084,-38.650505095209482],[-72.887012940610859,-38.648316866571712],[-72.887051679638759,-38.648141861049616],[-72.889649873525499,-38.649855745714952],[-72.889472710123968,-38.650019241384307],[-72.890134106818849,-38.650580860840641],[-72.891254218716568,-38.65152010389027],[-72.894039021165511,-38.653516563664077],[-72.896262459018587,-38.654944795868289],[-72.896470948673894,-38.655073750103284],[-72.89750216805281,-38.655781248905164],[-72.897763104911874,-38.655954731531217],[-72.898305669542069,-38.65626791610913],[-72.898533211543807,-38.656399259069055],[-72.900172641432832,-38.656757382927694],[-72.900560316072074,-38.656844762623443],[-72.901341904639366,-38.657009248214791],[-72.902031747528355,-38.65719181466725],[-72.902207519393102,-38.657204834023695],[-72.902734189313705,-38.657266077314858],[-72.903330028184811,-38.657328559478479],[-72.90357120836461,-38.65736887483903],[-72.904020526574371,-38.657488927621579],[-72.904910456143526,-38.6578069745783],[-72.905278974617019,-38.657967266560476],[-72.906073803149539,-38.658316543532294],[-72.906513100359248,-38.658584652546381],[-72.907446143056063,-38.659211130205577],[-72.907920166848399,-38.659597526986623],[-72.907968377877069,-38.659449798394391],[-72.907970470173169,-38.659068134419847],[-72.908100351657922,-38.65863220834774],[-72.908181479558976,-38.658322644307766],[-72.90823578196742,-38.658005531510426],[-72.90823643345351,-38.657673321317922],[-72.908231860729444,-38.657365757930535],[-72.908261375442095,-38.657125955505101],[-72.908415214067503,-38.656640976911213],[-72.908534227756448,-38.65626847295929],[-72.908665727300701,-38.65593153518477],[-72.909213091618255,-38.654778547369546],[-72.909449789234515,-38.65425819459908],[-72.909928737802005,-38.65325629783802],[-72.910130886858212,-38.652943770891696],[-72.910472924583146,-38.652469224054904],[-72.910697780275498,-38.652227955484605],[-72.910898902315211,-38.652002679680898],[-72.911074605848029,-38.651815094751591],[-72.911309565727663,-38.651576118423669],[-72.911329410343001,-38.651559492485354],[-72.911537843661193,-38.651437538738101],[-72.911628635805869,-38.651320772264299],[-72.911791490430232,-38.651208046289447],[-72.91193085764732,-38.651119941032015],[-72.912228309379032,-38.650927375722276],[-72.91247016405201,-38.65076481075242],[-72.912780735259147,-38.650539101257664],[-72.91309461989259,-38.650303915058984],[-72.913338752402055,-38.650062713984425],[-72.91359034352341,-38.649773965114143],[-72.914056781704289,-38.649205346076137],[-72.914204777020132,-38.6490291820122],[-72.914375907468084,-38.64878906154869],[-72.914512714862525,-38.64857932054791],[-72.914784807111829,-38.648212260531594],[-72.914935907438547,-38.648033767548689],[-72.915099435798027,-38.647845959151844],[-72.915215452384118,-38.64772405650919],[-72.915380914485922,-38.647469528209186],[-72.915474027331484,-38.647279516905428],[-72.915530370751071,-38.647108101176549],[-72.915545630310476,-38.647017289760349],[-72.915556534917414,-38.646825084865334],[-72.915581232218983,-38.645972982852307],[-72.92291219462146,-38.642037004276872],[-72.928725054450595,-38.640902665369723],[-72.930942758182837,-38.639429174202512],[-72.934097079881269,-38.636626189214986],[-72.936703025497764,-38.634713148808686],[-72.942536515170815,-38.632454901918116],[-72.949704339355335,-38.630895688111039],[-72.957557754078763,-38.627960650640404],[-72.962040032081362,-38.626499504497517],[-72.962729786171579,-38.627301684625678],[-72.961889848746154,-38.628836024829866],[-72.961995290002733,-38.62943250099601],[-72.962170310254706,-38.62935685161797],[-72.962250802165826,-38.629486403718424],[-72.962358014828624,-38.629683414674012],[-72.962509935463189,-38.630005169476377],[-72.962764982610992,-38.630131943015805],[-72.962871055583562,-38.630154150269618],[-72.962959963076415,-38.630171533293499],[-72.963022415916043,-38.63020655250093],[-72.963070009104271,-38.630257147304313],[-72.963097488546595,-38.630305130104361],[-72.963142391947414,-38.630348892103633],[-72.963177943467215,-38.630417374154952],[-72.96315309179478,-38.630480279976169],[-72.963132275120785,-38.630502537792701],[-72.963099480535831,-38.630540422327329],[-72.963057653912273,-38.630591722300338],[-72.963030560202711,-38.630631967781056],[-72.963000199385974,-38.630685729107718],[-72.963020699061744,-38.630776570301009],[-72.963056698666023,-38.630829225757736],[-72.963115886220621,-38.630877759902546],[-72.963161428800731,-38.630898912666247],[-72.963247262247506,-38.630923027869734],[-72.963304783972731,-38.63092855386364],[-72.963382865348876,-38.630920865101679],[-72.963420657038341,-38.630910213023164],[-72.963455694787328,-38.630894988724187],[-72.963511037316778,-38.630875593730778],[-72.963545562005777,-38.630878456579644],[-72.963562025090653,-38.630908150436227],[-72.963569072307237,-38.630964825852075],[-72.963573685540169,-38.631005623551268],[-72.963635499545646,-38.631063252575458],[-72.963715440408222,-38.631091789088828],[-72.963787438176325,-38.631095305216348],[-72.963871349822796,-38.631085455061232],[-72.963912087417413,-38.631072592436347],[-72.963970056016294,-38.631062290549202],[-72.964039747597056,-38.631045407685654],[-72.964149391885911,-38.631047948023365],[-72.964273747230891,-38.631062700573075],[-72.964352608219116,-38.631058925449011],[-72.964451074984112,-38.631058065857211],[-72.964569219199987,-38.631057547748611],[-72.964706316607447,-38.631083099216099],[-72.964767759527248,-38.631115055224001],[-72.964837585978159,-38.631198635898137],[-72.964874834301,-38.631273927494497],[-72.964875494105129,-38.631366600112223],[-72.964896270299363,-38.631444179407829],[-72.964919670898666,-38.631544969875399],[-72.96494592698761,-38.631689681131526],[-72.964997686228614,-38.631741348738643],[-72.965073151862541,-38.631796567224107],[-72.965163815358224,-38.631821368788991],[-72.965245695809159,-38.631860379567279],[-72.965325384654392,-38.631893535778374],[-72.965407711342053,-38.631922905591743],[-72.96553392534706,-38.631961246623561],[-72.96563256731352,-38.632010386552878],[-72.965697063128573,-38.632052763752661],[-72.965863035181783,-38.632166553848904],[-72.965988450937274,-38.632230475294996],[-72.966141354857797,-38.632336893166226],[-72.96623649597521,-38.632446156621732],[-72.966310962491221,-38.632502521121417],[-72.966398524624353,-38.632532195738904],[-72.966436606618316,-38.63256030710037],[-72.966512629347136,-38.632566330736267],[-72.966621550004973,-38.632606108973988],[-72.96670526593465,-38.632658684668172],[-72.966755549121132,-38.632689074199853],[-72.966808869305495,-38.632687929633171],[-72.966847593888431,-38.632694324624659],[-72.966889340579371,-38.632679792616329],[-72.966912237264239,-38.632643952477856],[-72.966954415981363,-38.632614169300787],[-72.967003184384964,-38.632609295298373],[-72.967037102477462,-38.632613699116668],[-72.967074780311862,-38.632651815895066],[-72.967081070298775,-38.632692661535202],[-72.967084746871606,-38.632734685394695],[-72.967069249073873,-38.632766839066349],[-72.967027178024139,-38.632792809942131],[-72.966985215834256,-38.632814967580472],[-72.966986538340919,-38.632846426967724],[-72.966975992602613,-38.632969295045385],[-72.967160473054733,-38.632937401706052],[-72.96736481580335,-38.632976258097464],[-72.967430798305969,-38.632985227030368],[-72.967453069052127,-38.632998298397261],[-72.967464782540958,-38.6330416279026],[-72.967463779757466,-38.633077126901028],[-72.967449057941522,-38.633140292588394],[-72.96745775293607,-38.633175960129307],[-72.967518243062941,-38.633209990427027],[-72.967585985548197,-38.633216240708016],[-72.967640654761709,-38.633227338568581],[-72.967714862833432,-38.633233702034765],[-72.967760192391125,-38.633231952330483],[-72.96780221695191,-38.6332326825816],[-72.967846900801717,-38.633253754642148],[-72.967897212568118,-38.633305250760948],[-72.967903139577402,-38.633454228811651],[-72.968105614962326,-38.633483775899926],[-72.968286129537802,-38.63350517754003],[-72.968363284954336,-38.633521739608483],[-72.968411059365422,-38.633547938147515],[-72.968442239648041,-38.633589069220697],[-72.968440592998604,-38.633647388261679],[-72.968465095210334,-38.633696014629251],[-72.968463734956202,-38.633744190836595],[-72.968440175105215,-38.633776760600846],[-72.968407704890453,-38.633781270453639],[-72.968313956074184,-38.63377964186013],[-72.968281342647188,-38.633789223093707],[-72.968264534748315,-38.633811762312149],[-72.968253977653816,-38.633842021428471],[-72.968272658567884,-38.633867714585143],[-72.968301036237875,-38.633893576195298],[-72.968342345220108,-38.633919662442906],[-72.968364544834387,-38.633935268904381],[-72.968376760161604,-38.633960849725121],[-72.968376115779606,-38.633983670647858],[-72.96835550165865,-38.63402643937286],[-72.968322100544825,-38.634063912051765],[-72.968292147621725,-38.634093833318275],[-72.968245444592924,-38.634129150208409],[-72.968225703242069,-38.634156100536217],[-72.968247759691863,-38.634176778436206],[-72.968286479792567,-38.634179988512763],[-72.968337774416298,-38.634196100431048],[-72.968346899565532,-38.634216553667571],[-72.968327377853427,-38.634275026221452],[-72.968357611350925,-38.634295383006325],[-72.968369968783918,-38.634315892392046],[-72.968420617998902,-38.634354825178463],[-72.968488291198668,-38.634363611145353],[-72.968547196000245,-38.634339265740913],[-72.968577579634129,-38.634294130180308],[-72.968610764819118,-38.634264264083903],[-72.968634324763869,-38.634231694290072],[-72.968667797377762,-38.634191686262483],[-72.968727203079311,-38.634149591251621],[-72.968799360784033,-38.634132707860601],[-72.96889661958339,-38.63413441955494],[-72.969035851172151,-38.634136802413614],[-72.96914610675887,-38.634147734948577],[-72.969347713778646,-38.634264187087702],[-72.969427014307101,-38.634422592818765],[-72.969432699190193,-38.634544278704404],[-72.969543513897221,-38.634639634268986],[-72.96956356044447,-38.634725486292979],[-72.969626148867349,-38.634797965299782],[-72.969626237965201,-38.634799286007613],[-72.969738756836293,-38.634781714210099],[-72.969778517500714,-38.63477957330722],[-72.969893395615202,-38.634801383771602],[-72.970081059759821,-38.634801810114773],[-72.970239945039268,-38.634798906426425],[-72.970352652338207,-38.634769722561195],[-72.970444034506201,-38.634728845707905],[-72.97049926260847,-38.634690171629963],[-72.970553214799779,-38.63469677018913],[-72.970580956126739,-38.634736883190747],[-72.97059995735745,-38.634761073155651],[-72.970676871493751,-38.634731719290833],[-72.970784889369227,-38.634702567168027],[-72.970854162828502,-38.634718993547757],[-72.970931153336309,-38.634782328135913],[-72.971040435534491,-38.634842204153884],[-72.971163571810337,-38.634851056941194],[-72.971335753142725,-38.63483814000034],[-72.971662694174114,-38.634762872548464],[-72.971851229353106,-38.634813823141791],[-72.971979339145761,-38.634851806300112],[-72.972099350900791,-38.634907528762589],[-72.972228132588,-38.634921682882073],[-72.972410583939094,-38.634918885697473],[-72.972697221543797,-38.634907480708314],[-72.972873352798629,-38.634971244063607],[-72.97304538354652,-38.635042699676305],[-72.973282327538342,-38.63504072123753],[-72.973506234432449,-38.634969951542544],[-72.973658844651197,-38.6349150213141],[-72.97391829072312,-38.634847739192175],[-72.974263637526462,-38.634822212225515],[-72.974460733523486,-38.634807581294467],[-72.974624547864266,-38.634855498790053],[-72.974834475156271,-38.634922198981911],[-72.975048648898479,-38.635016040375952],[-72.975274275441691,-38.63508751874982],[-72.975444056402011,-38.6350994804097],[-72.975644345224879,-38.635125443564426],[-72.975838648786109,-38.635214376571035],[-72.97598094401171,-38.635311473000421],[-72.976127115786383,-38.635422125317724],[-72.976328057825853,-38.635425641321774],[-72.976534649624512,-38.635433736640891],[-72.97663110823413,-38.635426311073324],[-72.97670180433272,-38.635490633210225],[-72.976781365366421,-38.635573114691837],[-72.976825762227506,-38.635654992301248],[-72.976844316263254,-38.635731895866776],[-72.976898631998765,-38.635818478308103],[-72.97710039507669,-38.635997658501793],[-72.977285061847383,-38.636045852797949],[-72.977412457959403,-38.636084109642951],[-72.977572953833359,-38.636095934682182],[-72.977732947861597,-38.636098681583313],[-72.977996980753943,-38.636058171056554],[-72.978170274116238,-38.635971041485341],[-72.978333508332909,-38.635861291276797],[-72.978464931827332,-38.635782431906343],[-72.978631762492,-38.635722266993319],[-72.97879794277415,-38.635684547897974],[-72.978896496033244,-38.635677318854661],[-72.979135442462479,-38.635681426451185],[-72.97937935545761,-38.635766682091727],[-72.979520607769089,-38.635877317303333],[-72.979652732804382,-38.635978718217011],[-72.979712717697382,-38.636042773320895],[-72.979781861982516,-38.636161088503052],[-72.979819190709492,-38.636287961149037],[-72.979817084379604,-38.636364487552221],[-72.979769137595468,-38.636435732069124],[-72.979619555403701,-38.636545739958329],[-72.979457016385183,-38.636721927038749],[-72.979415656242992,-38.636853102545913],[-72.979412421774271,-38.636965689070081],[-72.979424595195269,-38.637096571257935],[-72.979668625736849,-38.637253954279636],[-72.979873797058161,-38.637311531046905],[-72.979997692645355,-38.637399343700345],[-72.980020201887029,-38.637516816263968],[-72.980030142555648,-38.637732782736961],[-72.980034019580629,-38.63779466020577],[-72.98003695585453,-38.637841515953852],[-72.980101802635431,-38.637914680825098],[-72.980158703085976,-38.63796365713236],[-72.980176677942552,-38.637979128037848],[-72.980214581304082,-38.637992003846662],[-72.980274251185492,-38.638012274876964],[-72.980335618025421,-38.638031274943593],[-72.98036674453013,-38.638040911469467],[-72.980406693045666,-38.638073139613184],[-72.980405530155849,-38.638113703594961],[-72.980397978696971,-38.638208155499434],[-72.980365105033599,-38.638279697482467],[-72.980337271874191,-38.638373850478757],[-72.980341722908193,-38.638512153742617],[-72.980303086221326,-38.638622943070878],[-72.980197822257452,-38.638779392098172],[-72.980194589418801,-38.638944290996832],[-72.980215479555184,-38.638981518050223],[-72.980289324466014,-38.639113111127962],[-72.980336692725302,-38.639197521177486],[-72.980403176519246,-38.6393602811116],[-72.980623340062508,-38.639438535497689],[-72.980742992250541,-38.63940460122469],[-72.980970725233178,-38.639391814796092],[-72.981197988055385,-38.639395738204755],[-72.981418306018497,-38.639393968197297],[-72.981574548749407,-38.639396664981852],[-72.981744683683061,-38.639410746610736],[-72.9818782153082,-38.639463206236115],[-72.981961220249701,-38.639543773039904],[-72.982164990310807,-38.639625308072588],[-72.982255129429831,-38.639704882246178],[-72.982301562988297,-38.639822712190444],[-72.982312641969841,-38.63993435993833],[-72.982310610945447,-38.640006770693184],[-72.982270882709813,-38.64015655083319],[-72.982203995576313,-38.640261280254997],[-72.98204969575427,-38.640442520196643],[-72.981990690673868,-38.640519520899495],[-72.981958688977656,-38.640647143647527],[-72.981970861382308,-38.640719799484863],[-72.982082620457348,-38.640788601571884],[-72.98223160867451,-38.640796745426748],[-72.982390041774082,-38.640721460054579],[-72.982506019297091,-38.640639868938329],[-72.982558546342574,-38.64054046471945],[-72.982788624615637,-38.640444123244336],[-72.982909984475143,-38.640423925054812],[-72.983009726788723,-38.640414500094487],[-72.983117037797058,-38.640388486281161],[-72.983238086287287,-38.640379428579799],[-72.983457625481279,-38.640405505927603],[-72.983648288888418,-38.640447802493256],[-72.983808671438538,-38.640556451200851],[-72.983941268946978,-38.640642329192865],[-72.984023216066859,-38.640760770699309],[-72.984097437669547,-38.640901370477273],[-72.984263206321629,-38.641071411920457],[-72.984430224382962,-38.641196891662084],[-72.9844711215177,-38.641418612098747],[-72.984627551759658,-38.641705226238123],[-72.984972444986852,-38.641954432442233],[-72.985156538824356,-38.641993628150423],[-72.985317305540661,-38.641996427664701],[-72.985576605269443,-38.641969298636532],[-72.985756838975874,-38.641967922132693],[-72.985864379088142,-38.642001354070892],[-72.985970498074394,-38.642084272380309],[-72.986036452022759,-38.642161163670316],[-72.986068508340821,-38.642198536945095],[-72.986184146133539,-38.642326697584771],[-72.986246299400932,-38.64249450587284],[-72.986265165326671,-38.642562199937366],[-72.986370483460561,-38.642645247368186],[-72.986441688078415,-38.642669019920149],[-72.986611708067358,-38.642725981560183],[-72.986720185317878,-38.642723360033727],[-72.986757434212024,-38.642674450711446],[-72.9867575673983,-38.642494250353799],[-72.986759795226561,-38.642413217876985],[-72.986802213972538,-38.642317597901865],[-72.986996731101897,-38.642187015340014],[-72.987171354877702,-38.642097458047786],[-72.987227041264504,-38.642086435916966],[-72.987458165079786,-38.642040686474743],[-72.987827887538216,-38.642008481157333],[-72.988344141892085,-38.64183609512073],[-72.98850703546772,-38.641638344665751],[-72.98856638457562,-38.641450384562177],[-72.988640587189295,-38.641258822420511],[-72.9888075324304,-38.641091995556984],[-72.988951366087548,-38.641048188458825],[-72.989240092623078,-38.641099766369564],[-72.989322128851214,-38.641164837328532],[-72.989556792734419,-38.641207141036105],[-72.989592914439825,-38.641212070922727],[-72.989717393618449,-38.641229058596196],[-72.989967064560474,-38.641210362157139],[-72.990246461378064,-38.641176849778851],[-72.990410801149395,-38.641119883572905],[-72.990572581289328,-38.641044519297267],[-72.990666533429007,-38.641003987963579],[-72.990776126986432,-38.640896932720509],[-72.990848590527392,-38.640852713405209],[-72.990854649903284,-38.640810671851234],[-72.99092336820992,-38.640624112196093],[-72.9909765822255,-38.640467937775377],[-72.991083828212069,-38.640301197488824],[-72.991296865264331,-38.639932211140234],[-72.991429952221552,-38.639810336123986],[-72.99159516447483,-38.639705184141299],[-72.991778314944142,-38.639662048723295],[-72.991940513353001,-38.639664833925067],[-72.992136364938673,-38.63969519361423],[-72.992253143898466,-38.639739622659391],[-72.992358264274529,-38.639849417683429],[-72.992355251858669,-38.63995735540766],[-72.992301575389575,-38.640030521553271],[-72.992078296790879,-38.640260942459413],[-72.992037044414161,-38.640343557743293],[-72.99202866828827,-38.640360334183598],[-72.992006886586779,-38.6404039557438],[-72.992094464973675,-38.64060817279249],[-72.992106548038791,-38.640716542682839],[-72.99215173530196,-38.640771371802046],[-72.992243076633969,-38.640840471485234],[-72.992307719580339,-38.640918228852975],[-72.992490000249362,-38.641047438258546],[-72.992526025237723,-38.641048099021106],[-72.992602427705151,-38.641054674565574],[-72.992727826431093,-38.641066806348434],[-72.992824655800064,-38.641098316205593],[-72.992844642469947,-38.64110719866909],[-72.992980434511907,-38.641167542713063],[-72.993200113808442,-38.641225308298552],[-72.993381654321851,-38.641239993165634],[-72.993513719144786,-38.641265399494657],[-72.993612669511009,-38.64124395687044],[-72.993689300596102,-38.641141138722439],[-72.993820752029876,-38.641012264064621],[-72.993949729227865,-38.640972052490007],[-72.994177326020989,-38.640927795224066],[-72.994311706247387,-38.640921038879107],[-72.994534926087653,-38.640875312792318],[-72.994660287855069,-38.640832393789481],[-72.994872688796022,-38.640813512687046],[-72.995052404964255,-38.640830148725698],[-72.995164351693504,-38.640832083250011],[-72.99533576160438,-38.64097012340045],[-72.995442657770425,-38.641025991947792],[-72.995602153962736,-38.641046830948888],[-72.995880118233458,-38.641051430855391],[-72.99599932500152,-38.641061994187694],[-72.996055989135627,-38.641069330338254],[-72.996188487463129,-38.641102996669829],[-72.996231758048324,-38.641138449058495],[-72.996279406748798,-38.641193260216518],[-72.996296061157821,-38.641301535046459],[-72.996351715703327,-38.641422048705188],[-72.99644776534609,-38.641504685973949],[-72.996550019764967,-38.641541148775119],[-72.996682302271793,-38.64155884211857],[-72.996806041953619,-38.641530107387929],[-72.996910653737046,-38.641481759319234],[-72.997014806349497,-38.641341629439964],[-72.99707977837393,-38.64128910251992],[-72.997158118121249,-38.641282780637511],[-72.997215968013492,-38.641310591697987],[-72.99726245178168,-38.641395679146548],[-72.997283987148279,-38.641499496950914],[-72.997303421867102,-38.641681324844747],[-72.99730533623628,-38.641789348913086],[-72.997320382353948,-38.641955448276015],[-72.997332874731541,-38.642036653867322],[-72.99740061547493,-38.642076381453165],[-72.997443994558992,-38.642107978683136],[-72.997531826040429,-38.642132623030889],[-72.997677996574069,-38.64218140746182],[-72.997853552632165,-38.642234551387553],[-72.998056991106623,-38.642346023686727],[-72.998226774566874,-38.642429921731058],[-72.998371658906663,-38.642524964880124],[-72.998414502362124,-38.642575835457599],[-72.998501476600325,-38.64263131970808],[-72.998634556275036,-38.642688998619086],[-72.998772623357183,-38.642718484487673],[-72.998981151770536,-38.642839219685158],[-72.99913703836107,-38.643040102272671],[-72.999292001375011,-38.64315674595597],[-72.999333437757898,-38.643187936214566],[-72.999345301498252,-38.64319686603082],[-72.999695802693637,-38.643297429043436],[-72.999926756111535,-38.643332918482606],[-73.00027060358218,-38.643382794395208],[-73.000457496377109,-38.643382133553366],[-73.000570443180465,-38.643387921292756],[-73.000689269528905,-38.64335909846627],[-73.000751569417716,-38.643334848028097],[-73.000830453836528,-38.643302799387286],[-73.000898179972921,-38.643273964183955],[-73.001006425787537,-38.643271957988183],[-73.001156089141077,-38.643276011076956],[-73.001343008534022,-38.643271530539764],[-73.001424950175533,-38.643321304856691],[-73.001495537050332,-38.64341829751811],[-73.001603178875797,-38.643341064613701],[-73.001728702911663,-38.643283050611615],[-73.001877175762147,-38.643248567137874],[-73.001999487312148,-38.643306188013341],[-73.002226552985718,-38.638697173019366],[-73.002247911943286,-38.638756693114587],[-73.002294509141237,-38.63731762997044],[-73.002543701514753,-38.637307425126664],[-73.004520368498149,-38.64336363707875],[-73.004532309299918,-38.643362069330131],[-73.004521021890383,-38.643365637789238],[-73.005430432747474,-38.643244104004729],[-73.008538410429992,-38.648259940529428],[-73.009608110437085,-38.648029597119361],[-73.015727513752537,-38.646711660155887],[-73.016925112517512,-38.646453689467386],[-73.025182884639889,-38.644674524181816],[-73.029904129891648,-38.643914619551808],[-73.02994631682401,-38.643162999645988],[-73.030108594843369,-38.642872854978506],[-73.03051282060467,-38.642562460537015],[-73.030677657071962,-38.642241007082724],[-73.030745657149879,-38.64189576088571],[-73.030921524676856,-38.641268100985712],[-73.030776278840278,-38.640953677763655],[-73.030484791290945,-38.640555081379766],[-73.030272255667157,-38.640397449918254],[-73.029792534594279,-38.640438107150395],[-73.029046647095299,-38.640394187743553],[-73.028954491077641,-38.640147863554681],[-73.028857486117431,-38.63940434739532],[-73.029018694086872,-38.63910121325533],[-73.029512565025144,-38.638872241693903],[-73.029852554072306,-38.638810403694023],[-73.030198922999503,-38.638826958289926],[-73.031031930022735,-38.638729725944266],[-73.031232005191882,-38.638667509666242],[-73.031412694806548,-38.638469022701379],[-73.031467327204368,-38.638144631413077],[-73.031422673399589,-38.637657760598458],[-73.03147893969674,-38.637221687079418],[-73.031551620525519,-38.637092822454605],[-73.032379174867387,-38.636691888848901],[-73.032493759571949,-38.636378145270335],[-73.032469284634573,-38.635839002247955],[-73.032590596456828,-38.635514741722538],[-73.032824157283599,-38.635405428998489],[-73.033117379655394,-38.635369550223146],[-73.033496781696229,-38.635417731186891],[-73.034269881350014,-38.635320278910349],[-73.034796674099582,-38.635171116123878],[-73.035422728187356,-38.635181994800099],[-73.035689431879348,-38.635114583323769],[-73.035790101524967,-38.634942132499113],[-73.035665889039961,-38.634363477655413],[-73.035507476037097,-38.634007127131397],[-73.035415062099858,-38.633797469855061],[-73.035363014301396,-38.633493716492175],[-73.035006121478887,-38.632822774602801],[-73.0349141790754,-38.632495377831361],[-73.035022213136727,-38.632150260358017],[-73.035205410708301,-38.631935233041972],[-73.036917397175714,-38.631257503363969],[-73.037112944727241,-38.631099886791603],[-73.037503540064975,-38.630483386004009],[-73.037821802383718,-38.629959092862407],[-73.038389285248869,-38.629420510531425],[-73.038541430476812,-38.629947920588826],[-73.040152422897705,-38.630064565226881],[-73.042241727291625,-38.629402898482525],[-73.044326856635848,-38.629343098853013],[-73.043980615840184,-38.628765783239182],[-73.044299491732644,-38.628973275759897],[-73.044903987590359,-38.628077806879269],[-73.045923574599442,-38.627491067958985],[-73.04652828705504,-38.626663160117587],[-73.046890513826938,-38.624903101499918],[-73.046214921341516,-38.624759387646741],[-73.046510166028568,-38.624011983841129],[-73.046275847181889,-38.622923036226261],[-73.045450233775384,-38.62257411119198],[-73.045373682004538,-38.622016890740909],[-73.046161710876788,-38.621890418935578],[-73.045812965978982,-38.62048496731289],[-73.045129887638666,-38.619962836611904],[-73.045138880004416,-38.619638665686047],[-73.044628489021022,-38.618847259340775],[-73.0443794871221,-38.617310228225683],[-73.043986373365158,-38.616877532655849],[-73.043850380959199,-38.615887430276125],[-73.043925405592617,-38.615081484901417],[-73.043304154838111,-38.613074084471208],[-73.042371831009945,-38.612231015010607],[-73.039935402722591,-38.609346907346868],[-73.039780948609902,-38.608310364221587],[-73.039182674205293,-38.607520704327271],[-73.038115169942614,-38.60709767349077],[-73.037848872878726,-38.606834290235184],[-73.037517524740622,-38.606150449573406],[-73.037453178415845,-38.605519826171403],[-73.03718868509128,-38.604836114942351],[-73.036588963835328,-38.604414252323878],[-73.03572146656721,-38.604096718359131],[-73.035189815171506,-38.603359868056998],[-73.035259072457947,-38.602782117126786],[-73.035797489358217,-38.601631709196376],[-73.035868720666187,-38.600734714233049],[-73.034873019857358,-38.599103410189457],[-73.041415031957712,-38.597544663258105],[-73.036280770983282,-38.583632104931446],[-73.032567062678297,-38.571898961212696],[-73.026426346894439,-38.555372351202372],[-73.02028829482515,-38.538845449900492],[-73.014152903168323,-38.522318257884834],[-73.008020168625521,-38.505790775732741],[-73.029357521955347,-38.50060626071096],[-73.050691965024399,-38.495417770076401],[-73.050800704801091,-38.49575277569852],[-73.050846820259238,-38.496008068555852],[-73.050720000463031,-38.496239999510614],[-73.050029999491571,-38.496850000149159],[-73.049790000785933,-38.497229999753436],[-73.049710000209117,-38.497769999801939],[-73.049820000161816,-38.497939999819359],[-73.050199999773596,-38.498240000128561],[-73.050390000560725,-38.498400000642356],[-73.05055000003928,-38.498719999786722],[-73.050590000586581,-38.499100000537133],[-73.050720000229617,-38.499490000658305],[-73.050829999942792,-38.499609999790472],[-73.051309999670124,-38.499829999668066],[-73.051670000214102,-38.500000000286036],[-73.051670096423479,-38.500000046941842],[-73.051939999172106,-38.500130000318521],[-73.05228000036621,-38.500490000022054],[-73.052369999374093,-38.500629999990068],[-73.052410000169729,-38.500780000225994],[-73.0524400000794,-38.501489999512131],[-73.05257000020076,-38.501699999452669],[-73.052629999833414,-38.501810000169677],[-73.052620000393404,-38.502539999683293],[-73.052640000350578,-38.502780000031372],[-73.052719999154576,-38.503149999903819],[-73.05278999988785,-38.503290000306173],[-73.053079999928329,-38.503679999693667],[-73.053380000274672,-38.503960000465803],[-73.053480000911875,-38.50434000021918],[-73.053649999809579,-38.504629999925633],[-73.054300000685586,-38.505410000168297],[-73.054500000050709,-38.505840000140395],[-73.054499999788078,-38.50639999950328],[-73.054359999965627,-38.506900000376838],[-73.054239999840732,-38.507270000106281],[-73.054239999953836,-38.507579999846676],[-73.054390000362631,-38.508069999943615],[-73.054530000648654,-38.50840000033071],[-73.054730000081548,-38.508680000130724],[-73.055270000565173,-38.509130000445545],[-73.055279999838589,-38.50939999999126],[-73.055250000228355,-38.509559999954732],[-73.054974915453087,-38.509802336773596],[-73.054829999519384,-38.509930000045287],[-73.054499999347343,-38.510099999849459],[-73.054379999096795,-38.510110000007771],[-73.053330000151405,-38.510139999885595],[-73.052899999946945,-38.510189999735921],[-73.052539999821533,-38.510350000154148],[-73.052359999493888,-38.510579999527202],[-73.052150000009604,-38.510910000185334],[-73.052019999234162,-38.511170000199591],[-73.051779999932904,-38.511420000192764],[-73.051020000203309,-38.51188000007452],[-73.050869999143075,-38.512140000042244],[-73.050849999453192,-38.512580000481428],[-73.050789999099734,-38.513489999905389],[-73.05078999936363,-38.513849999941499],[-73.050870000133472,-38.514140000617225],[-73.051013354831071,-38.514371574906022],[-73.051087693125027,-38.515284874070261],[-73.051318091000127,-38.517458364276926],[-73.052725664640917,-38.518805400019481],[-73.05340558613355,-38.519282477654599],[-73.053974319830544,-38.5193898618463],[-73.055027620339885,-38.51884213836783],[-73.05649020538074,-38.519012648032749],[-73.057794361279193,-38.51907825677187],[-73.059132486894967,-38.518833602033681],[-73.060178325527971,-38.51923841744749],[-73.060573904603359,-38.52036380964006],[-73.061726114835494,-38.521102268807446],[-73.062275734712259,-38.522293539139852],[-73.063172785643744,-38.523576141829295],[-73.063880643108348,-38.523872719052271],[-73.064783606826282,-38.523806569539431],[-73.065802395149262,-38.523854939259628],[-73.067578976006359,-38.5237446409865],[-73.070079139109865,-38.523371470056162],[-73.071073939427691,-38.523365254309113],[-73.071900852957555,-38.523784376344494],[-73.073212340312736,-38.523639303193569],[-73.074453694268414,-38.522871254359266],[-73.074464574863285,-38.52284840948208],[-73.074747546690872,-38.522254280426665],[-73.07501387369777,-38.522147408612319],[-73.075090000613827,-38.521899999865887],[-73.075359999941156,-38.521730000178088],[-73.076089999787214,-38.521420000555779],[-73.076830000483568,-38.521290000198384],[-73.077260000788684,-38.521109999378098],[-73.077960000505541,-38.52083999936373],[-73.078820000070579,-38.520699999935012],[-73.079320000513221,-38.520449999706941],[-73.079599999976367,-38.520239999519127],[-73.080010000316022,-38.520240000127565],[-73.080240000165659,-38.52027999995952],[-73.080529999497045,-38.520320000098032],[-73.080820000083776,-38.520329999373239],[-73.081302794589476,-38.520165849591365],[-73.08285669117501,-38.519156975364496],[-73.082894929438496,-38.519137897339455],[-73.083359999586989,-38.518820000126162],[-73.08408000013452,-38.518439999880634],[-73.084550000007553,-38.518269999701246],[-73.085339999402748,-38.517780000201832],[-73.086370000822029,-38.51722999953347],[-73.086789999565156,-38.517160000103708],[-73.087480000205915,-38.517119999987173],[-73.0886100001849,-38.517119999736742],[-73.08919999984407,-38.517010000305454],[-73.09003000034231,-38.516930000675693],[-73.091100000154469,-38.516660000076463],[-73.091990000365584,-38.516260000326248],[-73.092350000332743,-38.516029999757841],[-73.092639999995683,-38.516149999857362],[-73.092820000326739,-38.516220000301217],[-73.092999999997289,-38.516280000081387],[-73.093319999569886,-38.516429999954923],[-73.093670000960955,-38.516549999804077],[-73.094050000369322,-38.516609999960743],[-73.094720000098931,-38.51646999974168],[-73.094990000249979,-38.516489999955105],[-73.09567999931258,-38.516519999951321],[-73.096049999966951,-38.516609999719805],[-73.096299999952009,-38.516640000009097],[-73.097289999956345,-38.517400000183194],[-73.098270000219969,-38.518169999424792],[-73.098889999552966,-38.518670000423519],[-73.10040000096069,-38.519419999962594],[-73.101410000032885,-38.520199999952723],[-73.101429999806882,-38.52042000025471],[-73.101310000459634,-38.520860000043847],[-73.101209999850724,-38.521599999394155],[-73.101071073090694,-38.52190311425727],[-73.10098999971261,-38.522080000101013],[-73.100791264048809,-38.5222787379723],[-73.100239999990023,-38.522829999533911],[-73.100039999741568,-38.523129999776103],[-73.099935637833681,-38.52330115430285],[-73.099873999971081,-38.523363222481372],[-73.099443851235847,-38.524020482157844],[-73.099562939364063,-38.525275545980222],[-73.099300000131393,-38.525579999765874],[-73.098379999497823,-38.526199999977031],[-73.097880000196639,-38.52645000065008],[-73.097220000258133,-38.527009999509794],[-73.096960000055134,-38.527190000108511],[-73.096650000773707,-38.527230000176871],[-73.096179999949157,-38.527250000618004],[-73.095649999708343,-38.527280000203078],[-73.095420000334911,-38.527659999795517],[-73.095425128531332,-38.527824114259836],[-73.095440000765379,-38.528299999784203],[-73.095420000220756,-38.528739999402013],[-73.095420000305722,-38.529310000226381],[-73.095240000174513,-38.529679999668375],[-73.09505000068151,-38.530050000059838],[-73.095000000256604,-38.530549999969836],[-73.094979999902719,-38.530920000426775],[-73.095019999512715,-38.531259999506929],[-73.095230000805159,-38.531640000222332],[-73.095209999994964,-38.532619999904043],[-73.095309999342362,-38.533149999777933],[-73.095600000369629,-38.533499999326516],[-73.096129999488767,-38.534120000115031],[-73.09636999966547,-38.534799999948184],[-73.096530000126677,-38.535470000015316],[-73.096488433163003,-38.536135079205735],[-73.096470000515296,-38.536429999789036],[-73.096309999585003,-38.537129999292347],[-73.09549957096327,-38.538502565411555],[-73.094566030439594,-38.539586059527608],[-73.094594804635264,-38.539724481903676],[-73.094632521418262,-38.540081430053796],[-73.094667401495627,-38.540322639605463],[-73.094881292320864,-38.540478836119014],[-73.095336173963645,-38.540657465426307],[-73.095655471230842,-38.540838514119493],[-73.09594925989245,-38.541093190793205],[-73.096162301918909,-38.541281764623378],[-73.096450046307822,-38.54131883919549],[-73.096988369513213,-38.54146179684254],[-73.097233462386043,-38.541775839220229],[-73.097376197515175,-38.541949385581887],[-73.097812572137997,-38.542160097947267],[-73.098089435409562,-38.542386727911683],[-73.098137935275233,-38.542558741081471],[-73.098489906943939,-38.542842123221234],[-73.098589711590492,-38.54307975841342],[-73.09874264823722,-38.543313628621213],[-73.098825192611699,-38.543759230615137],[-73.0989517691266,-38.544099110501335],[-73.099079930345823,-38.544378855328802],[-73.099316471877543,-38.544794563715307],[-73.099454833327798,-38.545134633527752],[-73.099711607042039,-38.545453488456111],[-73.100071240139869,-38.545894332147071],[-73.100345076917691,-38.546180779108795],[-73.100100342733711,-38.546733578989205],[-73.099809395905112,-38.547292858351121],[-73.099564654708232,-38.547845655927397],[-73.099408899245233,-38.548515592160598],[-73.099403257898828,-38.549079503170951],[-73.099484515065171,-38.549840057145182],[-73.099526932689741,-38.551026597542815],[-73.099469179065665,-38.551821048414013],[-73.099245433430923,-38.552974342566387],[-73.099110040807759,-38.553919377836124],[-73.098916625471944,-38.555319011354712],[-73.098782365513543,-38.556220680223149],[-73.098455044345812,-38.557000806566791],[-73.097918637074855,-38.557733528787615],[-73.098153744897985,-38.558196335640361],[-73.098339327908405,-38.558503504377541],[-73.098577839552647,-38.55856575181501],[-73.098852928256349,-38.558795537448852],[-73.099099762591294,-38.559038287965606],[-73.099330676117347,-38.559339427874804],[-73.099533643337097,-38.559612996019894],[-73.099867330299404,-38.559960849472837],[-73.100040718516667,-38.560211503773715],[-73.100286803338932,-38.560454239645978],[-73.100489612781658,-38.560705370898326],[-73.100721723862932,-38.560961392723144],[-73.100909495828787,-38.561212279195558],[-73.101171749333375,-38.561279598697915],[-73.101521125735317,-38.561330311921402],[-73.101855934960071,-38.561362770482475],[-73.102263604434739,-38.561409923355669],[-73.102612510687521,-38.5614245901237],[-73.103210128030852,-38.561366709887608],[-73.103560099805989,-38.561286796219086],[-73.104069933207924,-38.561209470684737],[-73.104536300634635,-38.561176484504763],[-73.104871111197554,-38.561154879717087],[-73.105337478036191,-38.561121890324536],[-73.105818412846801,-38.561053009163807],[-73.10616800360242,-38.561045153578256],[-73.106473987319205,-38.561054609608661],[-73.106867350191152,-38.561124126972253],[-73.10709983727665,-38.561204465366522],[-73.107201314737452,-38.561354756452246],[-73.107388992517002,-38.561610135762884],[-73.107780619085503,-38.561940795652873],[-73.108375654879595,-38.562414473140429],[-73.10879720112095,-38.562669126746314],[-73.109378310956217,-38.562966897071959],[-73.110163165250583,-38.563290387807875],[-73.110730492528546,-38.563511351318041],[-73.111632226542312,-38.563755637964078],[-73.111952302390762,-38.563859902117244],[-73.112446982737794,-38.564007613109645],[-73.112912203634323,-38.564181784237981],[-73.113217243368183,-38.564285802480029],[-73.113667958711702,-38.564356132656826],[-73.114206270711904,-38.564427961975454],[-73.11474495589222,-38.564427632582962],[-73.115153425218622,-38.564416194259593],[-73.115648053214755,-38.564428664764179],[-73.115968903177688,-38.564420317206981],[-73.116405516025736,-38.564400228373302],[-73.116696811637624,-38.564454557136898],[-73.11720557554527,-38.564719502488778],[-73.11750872157539,-38.565364204631976],[-73.117739743012663,-38.565719275218264],[-73.118029146026814,-38.566147446560485],[-73.118276250919138,-38.566354215086434],[-73.118639015715033,-38.566607798226535],[-73.118842591446821,-38.566723774400018],[-73.119177253372769,-38.566792216895621],[-73.11955596359762,-38.566793798692323],[-73.120036400073246,-38.566828545563972],[-73.12037106373144,-38.566896985584954],[-73.120457717703616,-38.567010990723581],[-73.12077702085088,-38.567254949290096],[-73.120994783089287,-38.567542233011004],[-73.12109571070178,-38.567715116357505],[-73.121428783435093,-38.56817551256168],[-73.121908537918586,-38.568291322180336],[-73.1224034418331,-38.568348814452882],[-73.122723723275882,-38.56836296132979],[-73.123103145315596,-38.568337516627835],[-73.12333584152104,-38.568327735032014],[-73.123540184460808,-38.568331012012088],[-73.123744396707366,-38.568284736292547],[-73.123919291127265,-38.568179431693899],[-73.12431159992471,-38.567771212133664],[-73.124634042706006,-38.567920525464551],[-73.124779470950955,-38.568012947438753],[-73.125026714063225,-38.568102495193777],[-73.125302847382585,-38.568242145642436],[-73.12538417487076,-38.568335701640301],[-73.125464693584149,-38.568438524091988],[-73.12546017169764,-38.568612506965515],[-73.12535173795348,-38.568789870399705],[-73.125248129368629,-38.569076501079422],[-73.125276078600692,-38.569410375209408],[-73.125172543130716,-38.569719619903545],[-73.12508431865605,-38.570051542537307],[-73.124762650356615,-38.570199633461989],[-73.124558536161686,-38.570187353102135],[-73.124340862478107,-38.570143323070909],[-73.124034547240512,-38.570115889854712],[-73.123699413755162,-38.570232138981353],[-73.123624971614689,-38.570474190988811],[-73.123521252170065,-38.570932080918226],[-73.12346150960056,-38.571242026204025],[-73.123314494430574,-38.571654176787142],[-73.12318230866677,-38.571881877830805],[-73.123151585190058,-38.572178684531941],[-73.123325411813184,-38.57242030366195],[-73.123542676255155,-38.57269856463401],[-73.12370085028131,-38.573043536284757],[-73.123743366460957,-38.573395662365094],[-73.123669337600276,-38.573705378552475],[-73.123668452682608,-38.573957618147972],[-73.123783663064586,-38.574247845936135],[-73.123840294703456,-38.57457767544193],[-73.12385378317245,-38.574888704798312],[-73.123750156559183,-38.575175424468085],[-73.123544729654427,-38.57546042052364],[-73.123281778662545,-38.575668007026586],[-73.123033570844356,-38.575803666308502],[-73.122988438483489,-38.576104836303607],[-73.123234930128163,-38.576311494534664],[-73.123511856663953,-38.576392602711479],[-73.123919533903916,-38.576439681004175],[-73.124195905481628,-38.576462130151448],[-73.124399726632888,-38.576460892911079],[-73.124589462827245,-38.57641888849939],[-73.124765755604471,-38.576151351871388],[-73.124898046564837,-38.57586509067319],[-73.12513162968817,-38.575625589008382],[-73.125453321916126,-38.575477498692592],[-73.125860746527664,-38.575479520496842],[-73.126078582177939,-38.575627244599559],[-73.126193884087783,-38.57593990422945],[-73.126192413655531,-38.576273306721632],[-73.126002384308364,-38.576545130104954],[-73.125884643347007,-38.576741444222193],[-73.125708705408897,-38.576995474533234],[-73.125561723798413,-38.577267897474378],[-73.125517226397548,-38.577519528451027],[-73.125486066644882,-38.577942545540516],[-73.125425732802967,-38.578333564165746],[-73.125366579808158,-38.57862090662077],[-73.125307277964936,-38.578804732738753],[-73.125248329395362,-38.578974960685464],[-73.125246571911902,-38.579402953254139],[-73.12512781061487,-38.579802044559614],[-73.125083035079655,-38.580089707272911],[-73.12499438952679,-38.580408108762725],[-73.124803744572858,-38.580648388999101],[-73.124657558752233,-38.580835235767545],[-73.124511238852264,-38.580972621947332],[-73.124305909237378,-38.581140502880203],[-73.124159928383662,-38.58121023463822],[-73.123941298046546,-38.581368982662099],[-73.12385264220967,-38.581574769928942],[-73.123880519893831,-38.581827560536205],[-73.123908296194955,-38.582138818654578],[-73.123892120430781,-38.582458471235547],[-73.12377484308567,-38.582690916915155],[-73.123598896690183,-38.582998908064567],[-73.123408592766353,-38.583225677620874],[-73.123116110289288,-38.583410175789197],[-73.122926313396945,-38.58347920395471],[-73.122736449228938,-38.583579851834337],[-73.122561515984259,-38.58368515433169],[-73.122386099876053,-38.583754411459154],[-73.122327767022156,-38.58376248445478],[-73.122240198709349,-38.583788106454676],[-73.12205033626779,-38.583888664018367],[-73.122080137433699,-38.584096440227718],[-73.122223388680681,-38.584269911591328],[-73.122199575101902,-38.584413674293344],[-73.122197344105899,-38.584499315158553],[-73.122119911507397,-38.584579153495916],[-73.121987036477066,-38.584694139224695],[-73.121783897297519,-38.584780968641333],[-73.121317585767642,-38.584886095042535],[-73.12086546249067,-38.58497352023543],[-73.12058811869133,-38.585099696733877],[-73.120295697642959,-38.585306712313958],[-73.120076010034609,-38.58561408520778],[-73.119929052052271,-38.585855058060339],[-73.119898123552915,-38.586187896225553],[-73.119838414066351,-38.586578921162648],[-73.119865935453504,-38.586899274989349],[-73.119864951298837,-38.587074935832625],[-73.11980598006879,-38.58724525038302],[-73.119557552739991,-38.587470988232297],[-73.119381841704367,-38.587688976287154],[-73.119322410842003,-38.587931265895079],[-73.119310804307815,-38.588129367911655],[-73.11932031865787,-38.58828717925585],[-73.119431131615684,-38.588437609756923],[-73.119569098971425,-38.588570549394831],[-73.119681962486069,-38.588671462550927],[-73.119842663537938,-38.58878215346116],[-73.120213076591298,-38.588968376686083],[-73.120453242890662,-38.589197461838943],[-73.120670477128996,-38.589507349285135],[-73.120814747732894,-38.589779937904581],[-73.121075617983337,-38.590013948994944],[-73.121365772681514,-38.590334015314163],[-73.121627077692892,-38.590576950262545],[-73.121814889683861,-38.590886363223682],[-73.121887007175474,-38.591148783098653],[-73.121841452369637,-38.591436432277881],[-73.121665045115066,-38.591735493440439],[-73.121562494826421,-38.592008622746711],[-73.121429388914876,-38.592353424230545],[-73.121355851177114,-38.592559541924579],[-73.1213397264533,-38.592847572379959],[-73.12158640601109,-38.593157930909236],[-73.121978342018934,-38.593398457813116],[-73.122487769959619,-38.593649969094791],[-73.122807027058727,-38.59387130868059],[-73.122980210371637,-38.594193998665531],[-73.123139361715076,-38.594502950537503],[-73.123196057494781,-38.594859806876833],[-73.12320834075085,-38.595409646323255],[-73.123105191740535,-38.595651235389695],[-73.122987173856316,-38.595856640416891],[-73.122811294921419,-38.596106072289501],[-73.122635817962774,-38.596369113178987],[-73.122517766454621,-38.596655598104398],[-73.122327517733055,-38.596769662153335],[-73.122036255659651,-38.596850573507567],[-73.121744311976514,-38.596953995019909],[-73.121480977156864,-38.597089498007819],[-73.121174741204527,-38.597192688584997],[-73.120810148704763,-38.597249896434256],[-73.120503613215305,-38.597281007687037],[-73.120212178201967,-38.597339388943652],[-73.119949427891015,-38.597452284086934],[-73.119628382510598,-38.597600368143731],[-73.119219089433201,-38.597773969787397],[-73.118811365890096,-38.597862009765279],[-73.118563060714408,-38.597943692318928],[-73.118343956289564,-38.598034763887455],[-73.118139311530001,-38.598148589453722],[-73.11783254317038,-38.59840951174963],[-73.117700541915667,-38.598569550655824],[-73.117523746089105,-38.598882112299435],[-73.11728964735471,-38.599054021437325],[-73.116822116217648,-38.59945199270544],[-73.116543845801999,-38.599690847494649],[-73.11626604799315,-38.599911600028278],[-73.116032370836706,-38.600092522433528],[-73.115739450890516,-38.6003446529432],[-73.115651613932343,-38.600491887115879],[-73.115577107185032,-38.600734020505733],[-73.115401005680937,-38.601019472532634],[-73.1151519749301,-38.601294831207397],[-73.114757522302568,-38.601612890421421],[-73.114319645787518,-38.601889617356854],[-73.113968358637351,-38.602095757014901],[-73.113603628361048,-38.602265552403487],[-73.11303485936071,-38.602445659401418],[-73.112611486230392,-38.602551442195697],[-73.112085986819963,-38.602637558115489],[-73.111707138778968,-38.602662974478491],[-73.111299280738947,-38.602696931228245],[-73.110919723716293,-38.60274936170849],[-73.110467593438415,-38.602832239736117],[-73.110015488541848,-38.602910522670165],[-73.109506070658185,-38.602906796025131],[-73.109170378579122,-38.602896866159085],[-73.108689756364015,-38.60283504332066],[-73.10823816793004,-38.602814227937849],[-73.107610940149499,-38.602948227549895],[-73.106939910736713,-38.603058992302962],[-73.106313506641285,-38.603107412992053],[-73.105920150423302,-38.603083026731071],[-73.105278650678912,-38.603104170252486],[-73.104534759862759,-38.603227344738833],[-73.103820259988936,-38.603269820074026],[-73.103295505669976,-38.603301854006169],[-73.102800065277279,-38.603392918993372],[-73.102347400130128,-38.603520803013929],[-73.102180641358615,-38.6036937736284],[-73.102126865436929,-38.603909116894712],[-73.102081618626983,-38.604264329060335],[-73.101773097677949,-38.604696350089498],[-73.101568131776034,-38.604985907667611],[-73.101406616860871,-38.605204006583811],[-73.101258318705959,-38.605764843319115],[-73.10129954180195,-38.606270107054897],[-73.101283659871967,-38.606603182594355],[-73.101195066558887,-38.606831563857547],[-73.101004040990333,-38.607026661352556],[-73.100610173756948,-38.60718251907533],[-73.100288691538907,-38.607343965396353],[-73.100142110276906,-38.607458701691868],[-73.100038858011956,-38.607754411835252],[-73.100168346360519,-38.608180028725286],[-73.100254135247582,-38.608546376939323],[-73.100281287047309,-38.608902762880483],[-73.100352198215461,-38.609237247590009],[-73.100216044724604,-38.609685216939646],[-73.100049378256244,-38.610098005019999],[-73.100605474732902,-38.610229558194597],[-73.10123397880777,-38.610499040002104],[-73.101233530428686,-38.61084651016057],[-73.101378359409608,-38.611096608935604],[-73.101199016290423,-38.611990273225416],[-73.101095765790234,-38.612231930713456],[-73.10106532539065,-38.612542337052425],[-73.101122047683745,-38.612840554644947],[-73.101777123321739,-38.613094519390764],[-73.10250373171921,-38.613498290192133],[-73.102924473379815,-38.613901600038304],[-73.103199894895027,-38.61423489495543],[-73.103270505398967,-38.614718111425859],[-73.103268201451954,-38.615186631962395],[-73.102973850048045,-38.615758614261892],[-73.10262202135408,-38.616171916814373],[-73.10229946174276,-38.616617223851364],[-73.102122979876881,-38.616938684334578],[-73.101990611419879,-38.61722491426206],[-73.10181340756813,-38.617627533997698],[-73.101753369547609,-38.618108630851879],[-73.101444497564572,-38.618576679997631],[-73.101063728597225,-38.618944462533662],[-73.100829786893726,-38.619102826195501],[-73.100494349073841,-38.619137920065278],[-73.100217318404887,-38.619191978791683],[-73.100012588160467,-38.619251806818056],[-73.099779005709252,-38.619342606390461],[-73.099472082833259,-38.619603385574763],[-73.099192561965623,-38.620049382772976],[-73.099219554003611,-38.620522883193431],[-73.099275776458725,-38.621001363092105],[-73.099361091507205,-38.62143977501978],[-73.099183592749952,-38.621909952334583],[-73.099080119940325,-38.62224169329761],[-73.099005593636676,-38.622560391051643],[-73.098887303553809,-38.62288288194339],[-73.098740358869051,-38.62314625900585],[-73.098607669862176,-38.623522568795089],[-73.098532030544689,-38.623994401570741],[-73.098661797831127,-38.624406509353733],[-73.098686539822779,-38.625208890842266],[-73.098712801504576,-38.625817513636839],[-73.098755028854598,-38.626151622375396],[-73.098841260814851,-38.626472932822324],[-73.099116997556408,-38.626770206011052],[-73.099407005719613,-38.627072305084802],[-73.099725605048221,-38.627428922130328],[-73.099913507586876,-38.62773827992806],[-73.099969550129586,-38.628198738086908],[-73.100055357636393,-38.628565085842638],[-73.100141522532525,-38.628917925790702],[-73.100197336535572,-38.629333334944562],[-73.100181266957279,-38.629698027711868],[-73.100033956536279,-38.629974912735427],[-73.0997266584763,-38.630190730652693],[-73.099419405342658,-38.630433484524758],[-73.099200330515842,-38.630601184982041],[-73.098936385347088,-38.630889687370235],[-73.098730817618446,-38.631116164189898],[-73.098612884007053,-38.6314746961149],[-73.098509589337397,-38.631770312647518],[-73.098522929660732,-38.632000348726642],[-73.098739594542749,-38.63233278852524],[-73.098913187970453,-38.632610383604124],[-73.099145706985496,-38.632830467623663],[-73.099319391692006,-38.633162117696926],[-73.099172455274271,-38.633367026336693],[-73.098879831292692,-38.633492899965489],[-73.098632267122994,-38.633515902606767],[-73.098456901198674,-38.633549087602837],[-73.098237965830648,-38.633653725220626],[-73.098120170623801,-38.633845502698982],[-73.097987718897912,-38.634050555217179],[-73.097769070996492,-38.634119161443451],[-73.097681528029213,-38.634144763707617],[-73.097534723705152,-38.634236970453742],[-73.097548980324888,-38.634349814141288],[-73.097651384776682,-38.634360488869383],[-73.097913447326789,-38.634441327804112],[-73.098042893582459,-38.634704782699423],[-73.0978361669099,-38.635300606604922],[-73.097542782275852,-38.635669796937933],[-73.097351170845371,-38.635991092647686],[-73.097116074694185,-38.636437805762171],[-73.096984203080765,-38.636674397967191],[-73.096864992478189,-38.637055428504098],[-73.096703086619826,-38.63750333253769],[-73.096452258878742,-38.6381074448541],[-73.096245322532241,-38.638545605285337],[-73.095981050756066,-38.638955805745823],[-73.095862484835152,-38.639390899573044],[-73.09580215417283,-38.639826941444746],[-73.095800724956945,-38.640124303638885],[-73.095900864628121,-38.640517914085102],[-73.095883848318834,-38.640999706145436],[-73.095692366688013,-38.641397576409183],[-73.095427789596812,-38.641843806349236],[-73.09517784222102,-38.642281264013505],[-73.094885697435998,-38.642519746474775],[-73.094520921302532,-38.642599479204073],[-73.094140154296241,-38.642850029260707],[-73.094007280324732,-38.64323083451999],[-73.09391770935801,-38.643711443456105],[-73.093827833512137,-38.644178533812713],[-73.093825745398604,-38.644525434448759],[-73.093810140274641,-38.644763917585536],[-73.093925563457802,-38.644959580618412],[-73.094042983885572,-38.644893927804041],[-73.094247632183937,-38.644811587368466],[-73.094525186654067,-38.644662958032185],[-73.094758132750769,-38.644653239844558],[-73.094918396005667,-38.644754949657276],[-73.095134882841862,-38.645123427881948],[-73.095380026622649,-38.64570858834653],[-73.095537156261429,-38.646229341223538],[-73.095636359608619,-38.646848159428359],[-73.095721805565546,-38.647228016930598],[-73.095749461081226,-38.647593419846771],[-73.095806472706656,-38.647855607212527],[-73.095965548368696,-38.648142068962258],[-73.096343334202061,-38.64840947929423],[-73.096749764507962,-38.648844109307042],[-73.097068901734062,-38.649133174485748],[-73.09737417748984,-38.649376879104928],[-73.097533168419289,-38.649663337364011],[-73.097691930857792,-38.649904746722321],[-73.09783662448595,-38.650190882782439],[-73.097923165558811,-38.650476162014265],[-73.097921686545007,-38.650696856476415],[-73.097847155465587,-38.651096632637255],[-73.097641438514358,-38.65140868926558],[-73.097464536550021,-38.651716709810479],[-73.09744888017218,-38.652036272445926],[-73.097373595506312,-38.652381981987944],[-73.097313822268305,-38.65271443035725],[-73.097283341202413,-38.653024832821963],[-73.097354621913738,-38.653399863832902],[-73.097717377901702,-38.653667114472078],[-73.0979498502562,-38.653837561359566],[-73.098313784755376,-38.654010235862039],[-73.09860488347465,-38.6542176699054],[-73.098705308878976,-38.654494166126312],[-73.098820202041665,-38.654793328937359],[-73.098658824433798,-38.65513763944778],[-73.098496949415434,-38.655310771767383],[-73.098145575577149,-38.655615865774024],[-73.09777974047249,-38.655844237171728],[-73.097502155929888,-38.655938820152521],[-73.097210217626809,-38.656060194952687],[-73.096918155645724,-38.656186161598903],[-73.096683460748167,-38.656371529544536],[-73.09646315474032,-38.656714877637334],[-73.096359611577526,-38.657046612704278],[-73.096285562656789,-38.657320179341582],[-73.096195963489336,-38.657665654699095],[-73.096077653260636,-38.658064716372458],[-73.096075429695517,-38.658420622284062],[-73.096088008307191,-38.658893885916804],[-73.09608634048908,-38.659200163144085],[-73.096188083872448,-38.659373078598897],[-73.096623445026523,-38.659776649393699],[-73.096899065410298,-38.660028880617119],[-73.097131467956885,-38.660285003407303],[-73.097509004814682,-38.660592945554605],[-73.09793127543756,-38.660757561520278],[-73.098295442522385,-38.660894113980376],[-73.09865888723219,-38.661111733480183],[-73.098909908219099,-38.661395182458357],[-73.098972538736405,-38.661743133791539],[-73.098933943199981,-38.662170521080853],[-73.099046500290285,-38.662640905240565],[-73.099292143503988,-38.662834086085027],[-73.099627004804603,-38.662961239228018],[-73.100020094656088,-38.663147805834726],[-73.10036758704743,-38.663585970049517],[-73.1003953270951,-38.663870291808237],[-73.10045207712065,-38.664168508189277],[-73.100684393115316,-38.664375073210294],[-73.100961310415471,-38.664550740629366],[-73.101441108668496,-38.664770242148371],[-73.101805012107931,-38.664942904668365],[-73.102037212293808,-38.66520793339852],[-73.102064901987433,-38.665573333830828],[-73.101640143396608,-38.665881841856127],[-73.101056083119715,-38.666075058068735],[-73.100529951583894,-38.666224258529738],[-73.09996110649459,-38.666300601522316],[-73.099420863791295,-38.666413441642881],[-73.098836767427599,-38.666471513286787],[-73.098355185290274,-38.6665628708055],[-73.097844432991337,-38.666617624898429],[-73.097281262126131,-38.666854983980159],[-73.097228482056806,-38.667215657960625],[-73.097339532326799,-38.667375636541294],[-73.097099192404215,-38.667744556826968],[-73.09669980012869,-38.668133483936742],[-73.096201964503223,-38.668430422461959],[-73.09559008358292,-38.668680310549767],[-73.095410641844737,-38.668925941639664],[-73.095145667081709,-38.669136285914298],[-73.094754042161313,-38.669231586216021],[-73.094347411549222,-38.669349236923054],[-73.093814131245523,-38.669351841851913],[-73.093692454987973,-38.669404450735193],[-73.091850504101302,-38.670775383060302],[-73.091016305589619,-38.671599672037893],[-73.09067057957914,-38.672136325739096],[-73.090441294107194,-38.672629689362587],[-73.09018439420457,-38.673077409769],[-73.089953900194942,-38.673615944200101],[-73.089354257359332,-38.673945083417095],[-73.088839841992808,-38.674320804274224],[-73.088483586179009,-38.674710407254928],[-73.08825127203005,-38.675316695236916],[-73.087936122755096,-38.675786054089087],[-73.087493116150441,-38.676185531867688],[-73.086820808094473,-38.676536065226273],[-73.086184610029363,-38.676658347040245],[-73.08611433038827,-38.676728159830404],[-73.085238697200523,-38.676884991713123],[-73.083646856187769,-38.677120259446582],[-73.085037191899431,-38.681529002534091],[-73.084843715099836,-38.681865962508482],[-73.084654609213615,-38.682094245865613],[-73.084137354851563,-38.682451351470952],[-73.083675181698439,-38.682735316383216],[-73.083315919206996,-38.682923786768214],[-73.08271383504453,-38.683140667684683],[-73.082162665346019,-38.683219551442292],[-73.081783249691199,-38.68327811392691],[-73.081505392698659,-38.683292064479438],[-73.081168521764639,-38.683305046699239],[-73.080917204836695,-38.683430494099952],[-73.080635886145757,-38.68357396004388],[-73.080258660383336,-38.683771380894662],[-73.080035245320175,-38.683983112611777],[-73.07963929238133,-38.68423646071416],[-73.07926076535793,-38.684377114541221],[-73.078702395136304,-38.684774663010153],[-73.078418675048567,-38.685142829529852],[-73.078351676597094,-38.685491962526534],[-73.078288303472476,-38.685705579703402],[-73.078069764990744,-38.685792370169764],[-73.077559740625816,-38.68599864416101],[-73.077421301159504,-38.686324005538339],[-73.077310769249436,-38.686683719531352],[-73.076831561518262,-38.687353708441258],[-73.076573614109819,-38.687835273219861],[-73.076490078111775,-38.688263217180044],[-73.076566849819343,-38.68862601195417],[-73.076612083238615,-38.68908996832171],[-73.076601799228186,-38.689473926887729],[-73.076504759987955,-38.689867754760719],[-73.076505253822006,-38.690387464022862],[-73.076420503720882,-38.690860580097279],[-73.076320737321396,-38.691356043333016],[-73.076135422127962,-38.691816206592755],[-73.07577537663893,-38.692341279331522],[-73.075462186652445,-38.692731548903808],[-73.075094685478462,-38.692996645786835],[-73.074757211265975,-38.693217045485333],[-73.07443111682224,-38.693550610596162],[-73.074088791327895,-38.693951694002138],[-73.074077886233383,-38.694358236045872],[-73.074145564524954,-38.695059818127632],[-73.074395552515071,-38.69541416891019],[-73.074555751831383,-38.695891316836601],[-73.074630098545242,-38.696344455283402],[-73.0748031970071,-38.696878305200109],[-73.074539444499294,-38.697574427120294],[-73.074528237635377,-38.69799226254996],[-73.074876991377451,-38.698427324177018],[-73.074949826765945,-38.698936926389905],[-73.074877344526541,-38.699489326787713],[-73.074662570058081,-38.699971596928862],[-73.074056575350326,-38.700526505762092],[-73.073302822405537,-38.701214550039246],[-73.072417232343824,-38.701979500375622],[-73.071619607018633,-38.702689405989943],[-73.071040514794461,-38.703408220589161],[-73.070966704353495,-38.70363445760659],[-73.070917307454096,-38.703756728444546],[-73.071021258945393,-38.703826562047254],[-73.071098367126382,-38.703910761672311],[-73.071157818334484,-38.70408944162601],[-73.071191700231665,-38.704235122384155],[-73.071175671955203,-38.704409595004968],[-73.071122501928627,-38.70455976202075],[-73.070997310151881,-38.704717625921546],[-73.07085155824474,-38.704937344836324],[-73.070821649121214,-38.705206361811605],[-73.070747078790561,-38.705368404734628],[-73.070676610699053,-38.705399437736993],[-73.070562591882876,-38.705563408268382],[-73.070487742909535,-38.705816875148848],[-73.070631701115119,-38.706085800138105],[-73.070770814007886,-38.706331597443523],[-73.071016286259407,-38.706455874641797],[-73.071180794342311,-38.706520098103439],[-73.071225596983425,-38.706529853489577],[-73.071419454990021,-38.706568995792708],[-73.071557813154982,-38.706580591963203],[-73.071830132038585,-38.706585084381025],[-73.072259873703501,-38.706550303431968],[-73.072612033622875,-38.706497585417075],[-73.073083678484664,-38.706334168245483],[-73.07312132991639,-38.706293588445291],[-73.07312254589236,-38.706293613896626],[-73.073313166904214,-38.70624178634538],[-73.073512032116213,-38.706278620781426],[-73.07371162008107,-38.706408412060334],[-73.073854556938556,-38.706576076736468],[-73.073983715495388,-38.706661171822283],[-73.074071960900483,-38.706774200705844],[-73.074190737749021,-38.706954959505772],[-73.074283615255538,-38.70727174848539],[-73.074351441790114,-38.707434058120953],[-73.074423559439367,-38.707570986813344],[-73.07441459971173,-38.707635881973083],[-73.074646521312786,-38.707849945170125],[-73.074658456780043,-38.707837309645384],[-73.074995142507817,-38.708443643544683],[-73.075666587999081,-38.709769013033323],[-73.076352933415322,-38.71107764049831],[-73.077658343211468,-38.713489244069315],[-73.078106238673499,-38.714309980718092],[-73.078133239658712,-38.714359687905166],[-73.078160673829018,-38.714413103797717],[-73.079563398517905,-38.717144184735659],[-73.079764117580751,-38.717452071540919],[-73.079890808623844,-38.717789283589525],[-73.079958760150987,-38.717963590593961],[-73.080363873804643,-38.718060003933658],[-73.082397405323078,-38.715983472794782],[-73.083427584527627,-38.71501097456666],[-73.083829046039739,-38.714791069541533],[-73.084121184624607,-38.714676654277511],[-73.084457673691588,-38.714610646999354],[-73.084791617643475,-38.714639959895251],[-73.085383148485676,-38.714709253216071],[-73.085732301396206,-38.714738812561727],[-73.086035512688113,-38.714779539720972],[-73.086372318512332,-38.714701611855254],[-73.086757290732464,-38.714529107674466],[-73.087819360281571,-38.71406967061602],[-73.088280365049613,-38.713898405183699],[-73.088847507374496,-38.713740793655226],[-73.089275872060796,-38.713652434113278],[-73.089753152305107,-38.713631626394175],[-73.090575971518263,-38.713585468797319],[-73.091752695035851,-38.713390117743543],[-73.095392995646634,-38.712558270741617],[-73.095729530189004,-38.715597147476821],[-73.094908918895101,-38.715934947270199],[-73.094210946581882,-38.71625059136457],[-73.093846225657941,-38.716628804265071],[-73.093637523074548,-38.716628671336032],[-73.093160725967067,-38.717661595928213],[-73.09232600587913,-38.719346501732865],[-73.091730295793411,-38.721418269444236],[-73.091547380166332,-38.722173209745975],[-73.091129796579253,-38.723539544341385],[-73.089929866058512,-38.725282301134548],[-73.08803000046133,-38.727179999836778],[-73.086849999890703,-38.728630000047815],[-73.08307999916002,-38.731100000017442],[-73.081224061073868,-38.732793776115017],[-73.080308635756523,-38.733412333465928],[-73.079726948529697,-38.734147804380697],[-73.079574476571096,-38.73438561319081],[-73.079444215772497,-38.734612344171232],[-73.07933524714592,-38.734862311099789],[-73.079285612913907,-38.735078923412544],[-73.079263654124773,-38.735353207333198],[-73.079343770387425,-38.735634891559272],[-73.079432721487791,-38.73585950235055],[-73.079537809349404,-38.736027161489659],[-73.079575748134474,-38.736519857770503],[-73.079636947369565,-38.737008511109096],[-73.079702129637226,-38.737528967163932],[-73.079779048824051,-38.737532176492941],[-73.079785775289608,-38.737828497860555],[-73.080039030866459,-38.738521940649719],[-73.080338824511301,-38.739253378467097],[-73.080350851320176,-38.739304561007039],[-73.080389666572088,-38.740037012250362],[-73.080290873645865,-38.740341771341363],[-73.080116499172092,-38.740491333540156],[-73.079953018831318,-38.741004662306963],[-73.079448619813789,-38.741651993896426],[-73.07867950499012,-38.742521457314176],[-73.078166453173495,-38.74303700963825],[-73.07815510753629,-38.743345606130106],[-73.078185716780084,-38.743493218215825],[-73.078209493776967,-38.743553737279299],[-73.078472064888373,-38.744001745604805],[-73.0786739030098,-38.744491585081285],[-73.078749923616115,-38.745033457361608],[-73.078773131510061,-38.745272628171328],[-73.07872647344395,-38.745618788801778],[-73.078680535026308,-38.745879376347034],[-73.078509595453355,-38.746273014020176],[-73.07794131800361,-38.746871891743929],[-73.077801201011638,-38.747162424610281],[-73.077616659803923,-38.747420651376878],[-73.0773376267516,-38.747785143510598],[-73.077228363913662,-38.747927869989276],[-73.076861957674424,-38.748394880695784],[-73.076517213375226,-38.748889319206157],[-73.076503769620658,-38.749389203454669],[-73.076445282524631,-38.74991083221785],[-73.076351322845326,-38.750166073177773],[-73.076126016923737,-38.750306586244513],[-73.075948219287454,-38.750317118849296],[-73.074756095648837,-38.750279507062871],[-73.074201243918012,-38.750373980744662],[-73.073596974945715,-38.750643342557041],[-73.073212692833238,-38.751001916321464],[-73.072966294929969,-38.751096964584853],[-73.072341910381255,-38.751348021742153],[-73.072160076539134,-38.751502678117333],[-73.07202226727928,-38.751707667703421],[-73.072016008272016,-38.751964347444535],[-73.072119390826344,-38.752209367121637],[-73.072235171641864,-38.752380701421671],[-73.072454163972481,-38.752872495422736],[-73.072277940105039,-38.753073277033096],[-73.072283969450226,-38.753125682277457],[-73.072339131864808,-38.753135793968362],[-73.072380386473327,-38.753182442249454],[-73.072408243982196,-38.753228468536562],[-73.072459612954816,-38.753265769324543],[-73.072507706634681,-38.753316686980931],[-73.072531982610712,-38.753387716308907],[-73.072521970525528,-38.753435396666674],[-73.072481742303822,-38.753471933428031],[-73.072476506418496,-38.753463212175248],[-73.072409013162172,-38.753508553952472],[-73.072306537870617,-38.753548038350189],[-73.072213165709158,-38.753557890029477],[-73.072105679245098,-38.753551559954715],[-73.071459178250905,-38.753446392440964],[-73.070517338734177,-38.753430862666661],[-73.070022464190643,-38.753751590996167],[-73.069772857470085,-38.754022250407559],[-73.06948612125592,-38.754490603329842],[-73.06893837852391,-38.755017674195308],[-73.068867140751507,-38.755140531612184],[-73.068808906967874,-38.755238770646784],[-73.068738783766022,-38.755352324013863],[-73.068736212017839,-38.755473890598381],[-73.068751640672474,-38.755541700907592],[-73.068881991409256,-38.755732551144753],[-73.068933723075389,-38.75576800417808],[-73.069089809611313,-38.755804110380836],[-73.069364828020554,-38.755871692228574],[-73.069584685211566,-38.756015038865762],[-73.06972043250515,-38.756125388180116],[-73.069802685005214,-38.75630243868634],[-73.069724592420826,-38.756612050944199],[-73.069334471505954,-38.756970546222469],[-73.068916386020177,-38.757139290182913],[-73.068409095465867,-38.757360670311748],[-73.068148533028193,-38.757423964677656],[-73.067800908150573,-38.757485789932865],[-73.067661015911114,-38.757551090335554],[-73.067642352931827,-38.757604869694269],[-73.067674614374468,-38.75771351616816],[-73.067688634697006,-38.757808299995929],[-73.06725074985647,-38.758044364828152],[-73.066968709027321,-38.758260498748179],[-73.066842046828086,-38.758444498440234],[-73.066803879140735,-38.758582583498757],[-73.066802567233964,-38.75863162096298],[-73.066833057023871,-38.758780850955411],[-73.066882494113784,-38.758821244389416],[-73.067004939410609,-38.758837715956965],[-73.067248326420611,-38.758774212191817],[-73.067576162905468,-38.758779623847005],[-73.067834409347896,-38.758828973824542],[-73.068003881718568,-38.758921850768516],[-73.06817417459871,-38.75900578358624],[-73.068221942336379,-38.759155221410701],[-73.068161648074849,-38.759365968491053],[-73.067872204939505,-38.759987406434377],[-73.067832931168837,-38.760162480991895],[-73.067879837532558,-38.760343466147937],[-73.068063000447111,-38.760540232866404],[-73.068327518585193,-38.761026644187304],[-73.068544033617883,-38.761296087871465],[-73.068592344294871,-38.76145000915691],[-73.06858864563263,-38.761585122463885],[-73.068534161270037,-38.761687878037755],[-73.068446743270854,-38.761726945500875],[-73.068307828173332,-38.761756192355023],[-73.068134568798229,-38.761780335247423],[-73.067996520500088,-38.761778122008479],[-73.067807657378566,-38.761716358771388],[-73.067551574442007,-38.76160849081456],[-73.067331044559154,-38.761465254469734],[-73.067142234718148,-38.761426090550842],[-73.066707938234956,-38.761495436847291],[-73.066515538237056,-38.761618396215617],[-73.065781379433503,-38.76219643411374],[-73.065622997235678,-38.762360529861112],[-73.065564877465604,-38.762436126215619],[-73.065537721371072,-38.762615910303786],[-73.065570516527643,-38.762655363768239],[-73.065596294313863,-38.762809888092214],[-73.065622195771482,-38.762848280393818],[-73.065738962735068,-38.762913486888387],[-73.065893655981867,-38.762970884465744],[-73.066048120623321,-38.763036714684013],[-73.066180703553954,-38.763114837023942],[-73.066308356149563,-38.763176004360716],[-73.066334030442306,-38.763222829375572],[-73.066353408070981,-38.763303296689095],[-73.066335203327569,-38.76337892325337],[-73.066290071956843,-38.763454104171302],[-73.066266140719392,-38.763542290437471],[-73.066252979158776,-38.763630654943171],[-73.066218617284463,-38.763706014070664],[-73.066162943512538,-38.763772583817449],[-73.066096952960862,-38.763822110419198],[-73.06603418509259,-38.763951836030294],[-73.066036837434467,-38.764053116753061],[-73.066056557627178,-38.764120935285433],[-73.066124517824178,-38.764197988012079],[-73.066145040447054,-38.764266440641329],[-73.066201995679066,-38.764321598324095],[-73.066256226379735,-38.76450809717609],[-73.066182231711721,-38.764654509388734],[-73.065964424293384,-38.764739487380915],[-73.065713165551173,-38.764866092488298],[-73.065526759113453,-38.76498533420272],[-73.065383663139286,-38.765096856143863],[-73.065398224624985,-38.765156152729155],[-73.065272620211886,-38.765257981310874],[-73.06526398105035,-38.765264984558634],[-73.065247989674731,-38.765300751335992],[-73.065168943008132,-38.765321965228893],[-73.06497541307462,-38.765562116631855],[-73.064925378213601,-38.765709919577823],[-73.065019248447939,-38.765807530836426],[-73.065031038626955,-38.76581979129093],[-73.0656296555495,-38.766109066528792],[-73.06597927790159,-38.766398640591788],[-73.066144298150775,-38.766658175991807],[-73.066287606050551,-38.767048049633964],[-73.066311049300339,-38.767350250326906],[-73.066226164281019,-38.767619214683833],[-73.065923202895917,-38.767893527451797],[-73.065639902276885,-38.768046487627423],[-73.065480946198946,-38.76817899668039],[-73.065479960669009,-38.768215050678435],[-73.065429977064682,-38.768286023075412],[-73.065426400130605,-38.768384339728165],[-73.065974771742901,-38.768571286850616],[-73.066361509374104,-38.768653130269719],[-73.066457233243,-38.768758303918446],[-73.06642157296335,-38.768856890678173],[-73.066406466912866,-38.768900139325609],[-73.066407510498664,-38.768902283097653],[-73.066381525471755,-38.768961515801287],[-73.066320188994752,-38.76898586277386],[-73.066154859847629,-38.769059701972395],[-73.065956579477984,-38.769132978345013],[-73.065889056447588,-38.76920845151254],[-73.065853792210902,-38.76928901443889],[-73.065851058904485,-38.769361059353841],[-73.065815333059291,-38.769513587648454],[-73.065780191494042,-38.769589642775081],[-73.065747164314487,-38.769616098036757],[-73.065549308742234,-38.769666846131805],[-73.065416437780684,-38.769714249365528],[-73.065381219461827,-38.769817322259826],[-73.065379858269097,-38.769866807524863],[-73.065410974835018,-38.769916871131265],[-73.065474322354248,-38.770021552704144],[-73.065538390336599,-38.770072179908674],[-73.065566544764678,-38.77023031704168],[-73.065564505152807,-38.770306493966643],[-73.065522344580529,-38.770541822961903],[-73.065509955860037,-38.770831280446913],[-73.065523294484464,-38.771013882000041],[-73.065585025172822,-38.771265230071556],[-73.065701547371773,-38.771517485268681],[-73.065888043878601,-38.771668372668003],[-73.066182154291056,-38.771700266716067],[-73.066409336790116,-38.771758085039316],[-73.066537549721929,-38.771832230407426],[-73.066665586348194,-38.77196500374064],[-73.066790938238626,-38.772147306985445],[-73.066848074491134,-38.772454635964209],[-73.066909421162734,-38.772635838536615],[-73.067098155446274,-38.77291831929162],[-73.067416959916457,-38.773207431493816],[-73.067641453379011,-38.773391320619325],[-73.067861095073056,-38.773728373103943],[-73.06792116894178,-38.773932131930557],[-73.068011307004141,-38.774217417435437],[-73.068135136869742,-38.774476224620408],[-73.068194473176732,-38.774707024495505],[-73.068255731662219,-38.774888229394229],[-73.068283203469818,-38.775095915487867],[-73.068292716870232,-38.775137428692467],[-73.068314161314689,-38.775182645190952],[-73.068415421300301,-38.775414575133802],[-73.068436805259921,-38.775454359927068],[-73.068786678135368,-38.775820637881566],[-73.068978041249153,-38.776003968693217],[-73.069005808734161,-38.776180127836795],[-73.069000978536863,-38.776360304830298],[-73.069159199126787,-38.776543080329283],[-73.069317777072996,-38.776775460306624],[-73.069314915366888,-38.776883529262719],[-73.069308612904351,-38.777086180462916],[-73.069239233912697,-38.777260775475646],[-73.06907027014114,-38.777442714377457],[-73.068935215063092,-38.777593664751748],[-73.06883468620893,-38.777691092441927],[-73.068701699912793,-38.777770020871607],[-73.06860048300355,-38.777840367374488],[-73.068565285198062,-38.77797045608478],[-73.068656914644492,-38.778201748982831],[-73.068747061478504,-38.778487033955308],[-73.068876596780996,-38.778565812991907],[-73.068903989850668,-38.778574225750319],[-73.06918049451258,-38.77875101263222],[-73.069630382076184,-38.778934509639306],[-73.069683904508167,-38.778962058141296],[-73.069906502841661,-38.77919553655493],[-73.070091987431681,-38.779422832901254],[-73.070606992313259,-38.779743115736323],[-73.07076357604582,-38.779781991814254],[-73.070936702570179,-38.779723157030674],[-73.071122420182618,-38.779576017984802],[-73.071189209077602,-38.779527581410882],[-73.071346945332223,-38.779407558711881],[-73.071535114473576,-38.77936650506512],[-73.071947672906845,-38.7793057955762],[-73.072371285845605,-38.779366921684392],[-73.072695105960548,-38.779498346819523],[-73.072838638838263,-38.779598017311571],[-73.072842426271336,-38.779714690323232],[-73.072761007876352,-38.779811331036264],[-73.072670809259932,-38.779889682214026],[-73.072589292763922,-38.779989949746067],[-73.072596152859035,-38.780069277708058],[-73.072580725434449,-38.780113685058055],[-73.072601703149303,-38.780133465194034],[-73.072603435167252,-38.780153489164725],[-73.072716367831063,-38.780269332646547],[-73.072806977620601,-38.780376928010746],[-73.073016636591873,-38.780511031908716],[-73.073385173903716,-38.780640576086725],[-73.073645658742251,-38.780694425374399],[-73.073873091934075,-38.780747718334347],[-73.074069398350176,-38.780750948478634],[-73.074528185969115,-38.780731505464516],[-73.075007167625103,-38.780739389127348],[-73.075188544466997,-38.780776917081418],[-73.07531643985449,-38.780812644568535],[-73.075406362538089,-38.780903623714494],[-73.075502030902072,-38.781042125585152],[-73.07553138473385,-38.781130952572916],[-73.075541484338601,-38.781272650982118],[-73.075477629401576,-38.781405873060834],[-73.075370700585836,-38.781589192579069],[-73.075165377194622,-38.781810809528146],[-73.075026884231931,-38.781960946150882],[-73.074997313122296,-38.782152511449361],[-73.075056056780255,-38.78224975664822],[-73.075028357247319,-38.782423309083732],[-73.075202317332071,-38.782506013759544],[-73.075448028640338,-38.782504568185331],[-73.075527124175878,-38.78251407984785],[-73.075724811292815,-38.782463229524865],[-73.075981127346722,-38.782424436515633],[-73.075983427294361,-38.782424526656527],[-73.076102360205923,-38.782484549618744],[-73.07625534676086,-38.782657634042799],[-73.076367306605633,-38.782804638257851],[-73.076365018138944,-38.783062261948906],[-73.076377021122795,-38.783305604002074],[-73.076280928743572,-38.783775796189346],[-73.076217663418021,-38.784232011894964],[-73.076264412319702,-38.784373499166833],[-73.076310593899038,-38.784569590237808],[-73.076668562889466,-38.784850144210573],[-73.077128515463002,-38.785074815292049],[-73.077587084342866,-38.785404587418014],[-73.077569081153968,-38.785669825911448],[-73.077217455710908,-38.786037988945971],[-73.076898016157031,-38.786175308748575],[-73.076592671075829,-38.786322701088395],[-73.07643920016136,-38.78642610251346],[-73.076259810801375,-38.786458752014106],[-73.076053838831939,-38.786531569627179],[-73.075896214423054,-38.786703166991565],[-73.075742883876401,-38.78705991491821],[-73.075540632949185,-38.78747010039806],[-73.075880754880956,-38.788045720580676],[-73.076045558370609,-38.788391672333091],[-73.076510060494499,-38.788533595593968],[-73.076762193074245,-38.788623795270496],[-73.077236688571062,-38.788793541772705],[-73.077406248177667,-38.789176170903637],[-73.077299158684013,-38.789460478049499],[-73.077009543662527,-38.789752812168373],[-73.076676189961049,-38.790065804797194],[-73.075912291607409,-38.790588667680218],[-73.075728360829373,-38.790589903557148],[-73.07541167481989,-38.790754614146394],[-73.075314904858814,-38.790918253902369],[-73.075184707102665,-38.791106536333473],[-73.075108745523565,-38.791156072750695],[-73.07503736818002,-38.791223848178177],[-73.075004190966453,-38.791422898303182],[-73.074924127854828,-38.791468755565099],[-73.074829476003046,-38.791539776752899],[-73.074904464035569,-38.791682544385104],[-73.074976554473267,-38.791745761216127],[-73.075026777842311,-38.791789801774513],[-73.075191490337517,-38.79187235416385],[-73.075237973089514,-38.791952478014586],[-73.075292685220958,-38.792046786728818],[-73.075722673302124,-38.792267529525041],[-73.075984814424217,-38.792545786118623],[-73.076059308215747,-38.792930034575527],[-73.076269487130403,-38.793255707033431],[-73.076563172564121,-38.793888921750742],[-73.076394866798722,-38.794315833864538],[-73.0760999550631,-38.794655062798412],[-73.075954355814034,-38.794821768753202],[-73.075737037885574,-38.795070588607992],[-73.075411841483287,-38.79536120216887],[-73.07538246828976,-38.795811213352849],[-73.075535337168986,-38.796030704710446],[-73.075235094154891,-38.796567691186354],[-73.074940862649342,-38.796881120982768],[-73.074844256215073,-38.797119432473593],[-73.074888999161288,-38.797174459454183],[-73.075018405994271,-38.797278406127738],[-73.074875298894668,-38.797514831280374],[-73.075035496579872,-38.797889155464169],[-73.075234191267484,-38.798138041551127],[-73.07527114172639,-38.798458353404598],[-73.074969067315052,-38.798802178067611],[-73.07497307130852,-38.798962649227299],[-73.07491754743404,-38.799123975677198],[-73.074813977422821,-38.799732496520342],[-73.074878564996965,-38.799961264269172],[-73.074873140153301,-38.800163973799378],[-73.074710583796531,-38.800474701710257],[-73.074512690014089,-38.800618674971446],[-73.074475651519492,-38.800945797447412],[-73.074367215523054,-38.801577228796887],[-73.074410414403758,-38.801824587027824],[-73.074657903053549,-38.802125440375107],[-73.074667614869597,-38.802377212231185],[-73.074589625308988,-38.802517861899389],[-73.074525985291842,-38.802650052869211],[-73.074488554454717,-38.802903290300364],[-73.07458828641829,-38.803096650199826],[-73.074678184566878,-38.803583025349241],[-73.075016837354994,-38.803703736755217],[-73.075212843852455,-38.804013322276838],[-73.075229108911842,-38.804183879038497],[-73.075382571711913,-38.804302535902323],[-73.075530455660967,-38.804298769710442],[-73.075691165872399,-38.804607652134649],[-73.075673035572208,-38.804638094756513],[-73.07582196447305,-38.804883079157506],[-73.076272913271836,-38.805625730811691],[-73.076818205800336,-38.806186820748472],[-73.077002475367379,-38.806177648995885],[-73.077183412785303,-38.806321864676597],[-73.077444278911372,-38.806433413333664],[-73.078160264656304,-38.806565038615936],[-73.078612987497422,-38.806818859857202],[-73.078823635525069,-38.806902225997369],[-73.078976219416361,-38.807007910157665],[-73.079371082034442,-38.807127012399661],[-73.07970708651203,-38.80726325326814],[-73.080276391144025,-38.80737170808677],[-73.080671680571839,-38.807499821731035],[-73.081109909706072,-38.807556569446142],[-73.081680337576813,-38.807651612872242],[-73.082104219981858,-38.807892799883668],[-73.082498170712938,-38.808205654158336],[-73.082787064608652,-38.808490043855805],[-73.082871431542912,-38.808729364240655],[-73.082996821285377,-38.809051391812432],[-73.08324404422747,-38.809261900057123],[-73.083467230718966,-38.809306695728516],[-73.084085614826193,-38.809447750144201],[-73.084428751957731,-38.809771657479565],[-73.084695118320454,-38.810214446322242],[-73.08471189009326,-38.810329903344439],[-73.085902908940639,-38.810505119753522],[-73.086678164713547,-38.810477282814901],[-73.086999849283103,-38.810315800794434],[-73.08745305298892,-38.81024664837264],[-73.087935765286801,-38.810146447497928],[-73.088432820570162,-38.81007800912564],[-73.088930341159227,-38.80991039063904],[-73.089690930420076,-38.809485820591604],[-73.090247101497695,-38.809521942090889],[-73.090626586927527,-38.809730931921941],[-73.091012089017326,-38.809984973494508],[-73.091459286789245,-38.810460825029018],[-73.091853634862233,-38.810814193127847],[-73.092263373854863,-38.810996646559722],[-73.092994026613667,-38.811103169736697],[-73.093594043926544,-38.811058913292293],[-73.094388243408986,-38.811346639431989],[-73.094650931707619,-38.811531189616325],[-73.095092293315787,-38.811799641351165],[-73.095355879381984,-38.812011230912582],[-73.095678657163305,-38.81221468522704],[-73.09597420132053,-38.812552916318189],[-73.09620795375001,-38.812718883676752],[-73.096500987476063,-38.812876898074123],[-73.096823907470821,-38.813107378780479],[-73.097146823272965,-38.813355965275953],[-73.097558135689994,-38.813723014668447],[-73.097763601132044,-38.813906625826156],[-73.098057602512043,-38.814217800273319],[-73.098119412866907,-38.814536003192948],[-73.098012975842835,-38.814888582620299],[-73.09766985736195,-38.815477390078634],[-73.097215900911706,-38.81603772393759],[-73.09692278424447,-38.816474465849808],[-73.097039232555176,-38.817372909976378],[-73.097272936382566,-38.817705535650688],[-73.097974207346383,-38.818108926999173],[-73.098807725965813,-38.818514467964533],[-73.099538602854082,-38.818940853857995],[-73.09994758808898,-38.819289929622471],[-73.100166680235333,-38.81965843701856],[-73.100458477270607,-38.820325412998415],[-73.100384554489366,-38.821130670498917],[-73.100384431099002,-38.821567681684265],[-73.100368946229423,-38.822450463066716],[-73.100412911496335,-38.822933234182578],[-73.100279847184382,-38.824012294571375],[-73.100221033414144,-38.8245204199903],[-73.100177178269476,-38.824898162623846],[-73.099957351886943,-38.825367633388453],[-73.099693618130289,-38.825998635997934],[-73.099649015141182,-38.826322223522844],[-73.09976572800241,-38.826698074203861],[-73.10002863870325,-38.827044771838338],[-73.100734911001112,-38.827710652634849],[-73.100848777567649,-38.828040240802373],[-73.100986883438793,-38.828807880009435],[-73.100724123298065,-38.829132558763305],[-73.100588461609775,-38.829468257060292],[-73.100560405382851,-38.829900304495951],[-73.100609378057541,-38.830473271001374],[-73.100533958181558,-38.830927065360314],[-73.100666530685288,-38.831325639850277],[-73.101033827430541,-38.831782146860306],[-73.101049818597104,-38.832372571702351],[-73.101081774711915,-38.832931818296629],[-73.100940759932769,-38.833470133676116],[-73.100756064762123,-38.833917594216921],[-73.100543890117393,-38.834152966860245],[-73.100296760064154,-38.834482318098487],[-73.099858794445524,-38.834840170013585],[-73.099049969644597,-38.835147302273469],[-73.098801954084493,-38.835400102050649],[-73.098655167110934,-38.835722024962429],[-73.098611694890423,-38.83611328556789],[-73.09868414599903,-38.83666408474533],[-73.098742497416183,-38.837120064342429],[-73.098859422722768,-38.837545466034008],[-73.098863850609206,-38.83813578694847],[-73.098800832497759,-38.838472586740231],[-73.098785596408675,-38.838909349724418],[-73.098790250479666,-38.839399808624087],[-73.098590587525493,-38.839702904172164],[-73.098429024893392,-38.839794848801354],[-73.09832971389082,-38.839955473420552],[-73.098166127246245,-38.840151044603061],[-73.097910877164509,-38.840380650107619],[-73.097831410836562,-38.840594391135042],[-73.097822455403531,-38.840728494990138],[-73.097817474354343,-38.84080308954379],[-73.097702554096458,-38.840900327909495],[-73.097522365477147,-38.841122685392172],[-73.097434833338326,-38.841463622520088],[-73.097335396440357,-38.84162875302993],[-73.097238341657672,-38.841676646596689],[-73.0969999951581,-38.84173139584508],[-73.096506684117159,-38.841786365970592],[-73.096280657355635,-38.84194486717864],[-73.096139907115045,-38.841906587970428],[-73.095840785607479,-38.841834069462088],[-73.095425566469871,-38.841930956709916],[-73.095124628812982,-38.841926037072618],[-73.094762546197458,-38.841843570083007],[-73.094601520097811,-38.841940083682751],[-73.094297280189096,-38.84206125450951],[-73.093932526600426,-38.842077842736884],[-73.093713074533554,-38.841988654940565],[-73.09355620385989,-38.841959042493194],[-73.093379873092331,-38.84200566372342],[-73.093204072357935,-38.8420929686568],[-73.092787175077021,-38.842279863944576],[-73.092534673944456,-38.842217136884187],[-73.092457198733442,-38.842152859775567],[-73.092348972095039,-38.842078946268998],[-73.092194835663463,-38.841891741131214],[-73.092010535076781,-38.841676959986017],[-73.091869050375564,-38.841634108827051],[-73.091632154634397,-38.841634766181961],[-73.091491492007151,-38.841564871198699],[-73.091432584293003,-38.841365679542143],[-73.091112198382376,-38.841500106546384],[-73.090812028031252,-38.841445621452038],[-73.090514800638203,-38.841328179426476],[-73.090358388312112,-38.841253522081239],[-73.090012456417071,-38.841157777945632],[-73.089678837559873,-38.841165785866856],[-73.089600692814386,-38.841151057413171],[-73.089396547036458,-38.84106204439319],[-73.089192578673334,-38.8410092246883],[-73.088969210119117,-38.841068564587893],[-73.088733839157868,-38.840988119293868],[-73.08852750037731,-38.840998325180394],[-73.088129335252745,-38.841054877694532],[-73.087860445204583,-38.841063942901414],[-73.087704528133315,-38.840971345681403],[-73.08745537983053,-38.840809527046147],[-73.087311987657841,-38.840816173591804],[-73.087230798930364,-38.840914020704993],[-73.087226775852074,-38.841062561720477],[-73.087238305479687,-38.841202453298905],[-73.087386039008848,-38.841601322546246],[-73.087512136744422,-38.84169484195283],[-73.087522901149057,-38.841690713929133],[-73.087759003595409,-38.841778942515894],[-73.08796250959702,-38.841894905590983],[-73.088304457341792,-38.842055413162093],[-73.088643413738396,-38.842129158930497],[-73.088641280513428,-38.842129654732204],[-73.088779471413858,-38.84224134582071],[-73.088982730451065,-38.842336164410121],[-73.089032571137139,-38.842385608059018],[-73.089192886395182,-38.842560273041663],[-73.089485368417783,-38.842728498882373],[-73.089509999399468,-38.842794994050536],[-73.089440476130903,-38.842930082098206],[-73.089264100181367,-38.843141760036765],[-73.08916052227265,-38.84320550760669],[-73.089160508499219,-38.843209208902877],[-73.088941525598372,-38.843321744657366],[-73.088684736775818,-38.843463777033122],[-73.088439736497349,-38.843657873570287],[-73.088436987710949,-38.843662080634765],[-73.088382919515198,-38.843942639032605],[-73.088324899925297,-38.84422289932651],[-73.087918240157407,-38.844450022409944],[-73.08781543500308,-38.844530792353403],[-73.087636194170997,-38.84461527429152],[-73.087598573390466,-38.844835411288365],[-73.087734673091063,-38.845180135353004],[-73.087841294266042,-38.845660768686891],[-73.087876004623297,-38.845785722751373],[-73.087888067372177,-38.845948107751759],[-73.087881252778928,-38.846203073914907],[-73.087731889278928,-38.846369307421206],[-73.087676327790206,-38.846665803902624],[-73.087494845155902,-38.846937627857422],[-73.087166541693364,-38.847391814152211],[-73.086804903421367,-38.847854371868934],[-73.08606913952255,-38.84804066685583],[-73.086060368017954,-38.848054359616995],[-73.086042911850654,-38.848733956958206],[-73.08621584868601,-38.848907145145873],[-73.086767247951457,-38.848969602930921],[-73.087271194058957,-38.84906911681756],[-73.087538847060827,-38.849143588349598],[-73.088121094827699,-38.849484101178533],[-73.088451704826028,-38.849620409805382],[-73.088687416232432,-38.849880204783751],[-73.088875905031344,-38.850115262927162],[-73.088985723141803,-38.850325430184661],[-73.089237395506686,-38.850535757186194],[-73.089599327717309,-38.850733924131298],[-73.089961261961335,-38.850932089998615],[-73.090323335925376,-38.851093141846619],[-73.090543464285901,-38.851278806484679],[-73.090779371591609,-38.851489142700203],[-73.090967783118145,-38.851748789528344],[-73.091329600249608,-38.852033433063561],[-73.091313252554883,-38.852268201381214],[-73.09139171578876,-38.852428937579923],[-73.091470039648712,-38.852602012240908],[-73.091611408185145,-38.852787559744634],[-73.091894023255989,-38.853245043209249],[-73.092082402033199,-38.85354180379867],[-73.092097781810139,-38.853727183226212],[-73.092254838542758,-38.85393739847526],[-73.092364314847572,-38.854271156833271],[-73.092442516880283,-38.854530712599484],[-73.092599573911613,-38.854741017493353],[-73.092788184891177,-38.854975981260871],[-73.092929605297826,-38.855149185425894],[-73.093260426517261,-38.855211342908383],[-73.093591197688724,-38.855261156946682],[-73.094005367895249,-38.855280080196067],[-73.094503196661947,-38.855247666648644],[-73.094927493985637,-38.855268103476064],[-73.095176142689724,-38.855155047952636],[-73.095308237710498,-38.855008470013189],[-73.095571796222671,-38.854742509698404],[-73.095747754216319,-38.854650698025139],[-73.095952158340339,-38.854550432266336],[-73.096274182008258,-38.854411544760517],[-73.096713521945745,-38.854220426404716],[-73.097006099271695,-38.854081056838545],[-73.097386541500939,-38.853992665345949],[-73.097752795138618,-38.854030163421598],[-73.098162119811775,-38.854077370634272],[-73.098762215231133,-38.854204256126167],[-73.098908198410484,-38.854377887896533],[-73.098995399496204,-38.854618036787883],[-73.099038983162217,-38.854929635287895],[-73.098936392178871,-38.855238853834187],[-73.098863207211195,-38.855607017601436],[-73.098731340949243,-38.855987828923794],[-73.098643036213701,-38.856409887751148],[-73.098701412556068,-38.856811813379849],[-73.098934951367653,-38.857076957936044],[-73.099344492987342,-38.8572773109411],[-73.09972433380517,-38.857643930369946],[-73.100061096818479,-38.858036873720422],[-73.100250734748016,-38.858323732044454],[-73.100499132945075,-38.858462993347594],[-73.100674605155476,-38.858718090042814],[-73.100864807050812,-38.859041081493025],[-73.100908615161643,-38.85945177862763],[-73.100980952744067,-38.859925999817513],[-73.101038934565025,-38.860454038790621],[-73.101287679546033,-38.860877077469951],[-73.101565526990768,-38.861156449521538],[-73.101886623720574,-38.861431929592435],[-73.10228190739295,-38.861708705663332],[-73.102354908730618,-38.861700883506202],[-73.102398375137668,-38.861881762320358],[-73.102559618188664,-38.862100681089736],[-73.10269016839267,-38.862391079508924],[-73.102806732889718,-38.862667828461717],[-73.102791943113488,-38.862870282219262],[-73.10285051981451,-38.863240679315581],[-73.102791553764931,-38.863564122832116],[-73.102675076171479,-38.86396320477845],[-73.102543105777173,-38.864294470403735],[-73.102308838677274,-38.864569931717575],[-73.101986302766804,-38.864916116400565],[-73.101825010963864,-38.865291947044298],[-73.101678930779613,-38.865613883356595],[-73.101721704474684,-38.86600654562973],[-73.101707110157875,-38.86625864024753],[-73.101590220528138,-38.866454930107921],[-73.101297412029993,-38.866576379485309],[-73.101018762504353,-38.866679951819314],[-73.100960718282607,-38.866886205950692],[-73.100960465211656,-38.86713853459225],[-73.101091695643476,-38.867460566213246],[-73.101120309274251,-38.867681742904431],[-73.100944715465062,-38.867841042423166],[-73.100623061308738,-38.867989046894685],[-73.100212883697253,-38.868081468607073],[-73.09997902265718,-38.868262340197369],[-73.099876253298078,-38.868549034165724],[-73.099860784849682,-38.868940748029942],[-73.099992679155619,-38.869262791589264],[-73.100182156607687,-38.869720902471343],[-73.100182331081498,-38.870067737307963],[-73.100050202097094,-38.870457553522378],[-73.100196125637737,-38.870631182601414],[-73.100357077748569,-38.870836496359985],[-73.100576482135722,-38.87084907403527],[-73.100781671433694,-38.870906464412059],[-73.10098616922285,-38.871072036700291],[-73.101205362346889,-38.871174696692592],[-73.101351358226793,-38.871370757148718],[-73.101468633239108,-38.871485362230175],[-73.101570557386253,-38.871851869954448],[-73.10159997506878,-38.872289357294029],[-73.101394395148006,-38.872542851033913],[-73.101057484096472,-38.872749074676953],[-73.100691371972673,-38.873081033111625],[-73.10042781247742,-38.8733200678396],[-73.100091442896684,-38.873616383403331],[-73.099929758718048,-38.87400571821059],[-73.099900515002361,-38.874293608540398],[-73.099943843634549,-38.874722313781589],[-73.100104321505981,-38.87513490910726],[-73.100294629194153,-38.875480334373009],[-73.100513645143565,-38.875857846045655],[-73.100703887664238,-38.876180837970985],[-73.100688954372387,-38.876527517696722],[-73.100541773403705,-38.8769396099201],[-73.10032176475076,-38.877273853813819],[-73.10014624695431,-38.877671972210642],[-73.100086728769895,-38.878364847810161],[-73.100086559522936,-38.879099139077475],[-73.09986613509129,-38.879694805279954],[-73.100187217835284,-38.880569544376691],[-73.100435298804769,-38.881398050363579],[-73.100273631236519,-38.882571225787949],[-73.100433641790559,-38.883569463132702],[-73.100506367625414,-38.883786943951421],[-73.100292764378835,-38.88435803723268],[-73.099865785517011,-38.88493826984498],[-73.099201871952374,-38.88571589633122],[-73.098853814467205,-38.886259122762631],[-73.098568811956866,-38.886765450112478],[-73.099083516421743,-38.887620192804476],[-73.099053551768606,-38.888070225613966],[-73.099243071481737,-38.88885273717969],[-73.099359230359923,-38.889737652650972],[-73.099212494342481,-38.8905417144992],[-73.098962826884559,-38.891226897901859],[-73.098566970819078,-38.891914293823234],[-73.098434764489653,-38.892547337242398],[-73.097921921474381,-38.892890407492601],[-73.097262595957986,-38.893645573371231],[-73.097071538808123,-38.894160543964261],[-73.096954296711331,-38.894748786013494],[-73.096645949936018,-38.895365532173798],[-73.096103985154812,-38.895744153760155],[-73.094785683858817,-38.896429908847672],[-73.094419563187614,-38.897023093964563],[-73.09458559020068,-38.897843874972878],[-73.09480443511714,-38.898684346055504],[-73.09480307989044,-38.899265018575385],[-73.094943229995039,-38.899994209674936],[-73.095146954211671,-38.900550482396348],[-73.094437991784403,-38.900277750267044],[-73.09391810743945,-38.900067109368656],[-73.093713869908527,-38.899757931386198],[-73.093588629247648,-38.899374732225155],[-73.093258356911434,-38.899003678966501],[-73.092612144323425,-38.898866910404479],[-73.091634696618144,-38.898803908693559],[-73.090688855572424,-38.898679166267641],[-73.089742928736101,-38.898603872220995],[-73.088528804940637,-38.898602283019855],[-73.087504106561397,-38.898489826459695],[-73.086416289468104,-38.898426593580531],[-73.084461469514366,-38.898263453844244],[-73.083781342986299,-38.898066353366502],[-73.083171090162068,-38.897604552491529],[-73.082563907007014,-38.897036047717869],[-73.081754050829559,-38.896742303758678],[-73.081240688390196,-38.896334154711532],[-73.080495907388922,-38.896205248248933],[-73.079626657568994,-38.895896999937925],[-73.078949174564428,-38.895673700053123],[-73.07797203146319,-38.895499332942393],[-73.077294555502334,-38.895325480102052],[-73.0766642399457,-38.895176273606694],[-73.076049902491349,-38.894928322246621],[-73.075782139875827,-38.894841480042501],[-73.075420129395312,-38.894569128052936],[-73.07515271192932,-38.894346350595065],[-73.074979795388643,-38.894123689422123],[-73.074838537793127,-38.893901099638512],[-73.074681355735024,-38.893690859822797],[-73.074461389107043,-38.893418685265416],[-73.074178541857364,-38.893035298666781],[-73.073864229961941,-38.892676524982249],[-73.07343910857648,-38.892453483893256],[-73.072950762521074,-38.8922798451121],[-73.072383657612718,-38.892093732558017],[-73.071318574952969,-38.891935785058635],[-73.070937223001437,-38.891866423747615],[-73.070644454587367,-38.891843567677753],[-73.070145029974825,-38.891844320236629],[-73.069882145383147,-38.891894025364323],[-73.069384586631713,-38.892011916786345],[-73.069175113319616,-38.892195649936589],[-73.068410980752191,-38.892495695425772],[-73.067873721950093,-38.892625895670193],[-73.067473745898042,-38.89261927423042],[-73.066867481551412,-38.89249284476945],[-73.066544844542392,-38.892379398379425],[-73.066162896866217,-38.89221992536698],[-73.065898432625389,-38.892089423717685],[-73.065547413270323,-38.892065589640033],[-73.065313331937801,-38.892223864358606],[-73.064991281199042,-38.892407706178176],[-73.064524402240536,-38.8925892358005],[-73.063996841160701,-38.892778674677217],[-73.063512138420009,-38.892755230106452],[-73.063026723903974,-38.892754472570267],[-73.062592219923289,-38.892793926381522],[-73.062132146959016,-38.892833223484004],[-73.061595472298578,-38.892892507675846],[-73.061135005651963,-38.893072057698795],[-73.060623444192984,-38.893291475926674],[-73.060035661953535,-38.893310626409196],[-73.059677511089291,-38.893475295503713],[-73.058846187369497,-38.893814338261677],[-73.057427052806858,-38.894162603036179],[-73.056864181028686,-38.894422048875541],[-73.056403391624443,-38.89474165857964],[-73.05595531260505,-38.895041298390019],[-73.055814410156728,-38.895191286035612],[-73.055596703230776,-38.895351075084797],[-73.055302250848072,-38.89557084325417],[-73.05487960452254,-38.895920629181212],[-73.054648963415673,-38.89616055748143],[-73.053983591242542,-38.896509897628697],[-73.053753493546935,-38.896569571861612],[-73.053581555345076,-38.896651115150853],[-73.053170626307647,-38.896599218791138],[-73.052833167256708,-38.896708268711876],[-73.052373157210425,-38.896747618163438],[-73.051912861835547,-38.89686695720296],[-73.051452827530156,-38.896886304013428],[-73.051094827768864,-38.897005816631172],[-73.050813623475804,-38.897025443626362],[-73.050532322760759,-38.897125064484101],[-73.050072091701693,-38.897224488792432],[-73.049535209438886,-38.897303712164316],[-73.048793650722843,-38.897482659095921],[-73.04835906392762,-38.897562056188427],[-73.048046898963335,-38.897576834700935],[-73.047636946419686,-38.897732222077067],[-73.047131687362139,-38.897840340619908],[-73.046416329144805,-38.897819180705469],[-73.045497604541637,-38.897437242625884],[-73.04503667006847,-38.89777689287402],[-73.044626219038193,-38.89829674609549],[-73.0443696846432,-38.898636755066256],[-73.044036425133029,-38.898976558041142],[-73.043539861556226,-38.899366593059618],[-73.043072640460082,-38.899556948441749],[-73.042604050498099,-38.899693227442526],[-73.042092506518046,-38.899614021383194],[-73.041428468200792,-38.89949279596793],[-73.040866510422973,-38.899431745987954],[-73.040330108338921,-38.899350762516029],[-73.039767944889462,-38.899369880029226],[-73.039486167607464,-38.899589640198343],[-73.039280512213409,-38.899969678419325],[-73.039561020430753,-38.900912629103431],[-73.03947330213461,-38.901118442286339],[-73.039684736706107,-38.901472065093238],[-73.039734064792924,-38.902032773578689],[-73.039604247791786,-38.902673261421405],[-73.039070075153489,-38.903274075408675],[-73.038732213327791,-38.903692970252145],[-73.038273300776552,-38.904298468063082],[-73.03705193428668,-38.904501345079602],[-73.036429296610279,-38.90465005151102],[-73.036172415018626,-38.905090120255487],[-73.03596701121198,-38.905370071711083],[-73.035991421082798,-38.905750552665793],[-73.036066815124443,-38.906151168324094],[-73.036168229752548,-38.906411599567768],[-73.036371115156768,-38.906892464779837],[-73.036291972531401,-38.9076732533035],[-73.035933950960654,-38.907752719248514],[-73.035628885596097,-38.907739387386506],[-73.035482412358519,-38.908061318722275],[-73.03536689974284,-38.908563941470035],[-73.035368689264146,-38.908816300669102],[-73.035521166656409,-38.908973362700564],[-73.035724782588858,-38.909213984203532],[-73.035928495551516,-38.909454606987481],[-73.036157272080104,-38.909855461761623],[-73.036207245732612,-38.910215922664015],[-73.036359440950875,-38.910576572623846],[-73.036358255510009,-38.910936982686323],[-73.036459522733452,-38.911237499101659],[-73.036330247812927,-38.911697821633055],[-73.035818614572349,-38.912022526949386],[-73.035562121226747,-38.912136941224432],[-73.03522957988551,-38.912236473521581],[-73.034744554643609,-38.912075521878577],[-73.034310232725204,-38.912034696026197],[-73.033951666063018,-38.912274318239682],[-73.033746463537867,-38.912494182102641],[-73.033286249270702,-38.912533452595873],[-73.033005307321659,-38.912492953921877],[-73.032673345986197,-38.912392228879675],[-73.032443861608982,-38.912251610857737],[-73.03190916642879,-38.911610017380625],[-73.031654926144341,-38.911209085495145],[-73.031400080983218,-38.91098840234136],[-73.031068812779537,-38.910687425603143],[-73.030379270689366,-38.910526068947661],[-73.030174236126243,-38.910725930867088],[-73.030122016985644,-38.911046202135203],[-73.030094411135465,-38.911686871891249],[-73.030104652161455,-38.912241607983702],[-73.029870070741993,-38.912381785099065],[-73.029742770924315,-38.912658989568548],[-73.029145094525973,-38.912806366463137],[-73.028821770514455,-38.912575783049817],[-73.028193304264846,-38.912416527101513],[-73.027798816426866,-38.912369322845606],[-73.02651280609247,-38.912036700184224],[-73.025738279457599,-38.911712807190277],[-73.025183716563802,-38.911176246825022],[-73.024848208261616,-38.910850767349864],[-73.024629560930137,-38.910392047472946],[-73.024059818700579,-38.910039990322943],[-73.023811909774722,-38.90990967305622],[-73.023417068667499,-38.9096461545859],[-73.023052716485338,-38.909243519606569],[-73.022643873919435,-38.908727522821131],[-73.022439943209463,-38.908260039664498],[-73.022235982615314,-38.907869127434829],[-73.021973472185493,-38.907306061831704],[-73.021506537436963,-38.906937716736735],[-73.021148446490969,-38.906440592196397],[-73.020999708093171,-38.905852427711615],[-73.020851606477365,-38.905525520087686],[-73.020704777502459,-38.905207642409202],[-73.020645045532277,-38.90499943354704],[-73.02052835124482,-38.904609999158573],[-73.0204970630746,-38.904384255511779],[-73.020437730258308,-38.904130921317467],[-73.020357834366223,-38.903744993275708],[-73.019876210280955,-38.903232256586342],[-73.019642403429941,-38.902930918982712],[-73.019482554018794,-38.90277055775671],[-73.019322772454402,-38.902529120455249],[-73.019234791885282,-38.902324846526973],[-73.019162336516118,-38.902129933780749],[-73.019162459880746,-38.901841573738722],[-73.019134076180535,-38.901566241804431],[-73.019090579005521,-38.901290744349907],[-73.019032438572339,-38.901073462961378],[-73.018915729110475,-38.900787714237715],[-73.018769958231957,-38.900456339184672],[-73.018718243647811,-38.899963507310986],[-73.018786507636989,-38.899587389619967],[-73.018898937577219,-38.899360031150245],[-73.018877543833881,-38.899062477418973],[-73.0186331320607,-38.898650693439542],[-73.018422741455012,-38.898116520314197],[-73.01836823718827,-38.897713905715655],[-73.018190729320395,-38.897354785137786],[-73.018001769312306,-38.897065646143204],[-73.01775283931498,-38.896601519857931],[-73.017483172320453,-38.896654613303525],[-73.012857686681201,-38.897659859525305],[-73.006001487739709,-38.899151733858879],[-73.003210046238735,-38.899907803894884],[-73.002382848839886,-38.899820915787245],[-73.001155369876685,-38.900098712386651],[-73.00041426610116,-38.900117277554038],[-72.999596620365409,-38.900115608953527],[-72.999315823560423,-38.900014855684169],[-72.998984323968472,-38.899854046270988],[-72.998652644882625,-38.899713232194891],[-72.998474403681257,-38.899532617975169],[-72.99830051324588,-38.899410364181733],[-72.998125575583146,-38.899200168385335],[-72.997892447421137,-38.898925825201829],[-72.997600330934304,-38.898605516977909],[-72.99736670118736,-38.898376205933275],[-72.997103705017324,-38.898146481495935],[-72.996636040555188,-38.897760008427205],[-72.996285654988185,-38.897510674978747],[-72.996051964004735,-38.89720938299287],[-72.995848490570964,-38.896503046828286],[-72.995789917331592,-38.896276739313862],[-72.995644135360166,-38.896003980708556],[-72.995293159625902,-38.895772651264942],[-72.995031162988937,-38.895633023858792],[-72.994532959674558,-38.895336102347805],[-72.994241760569381,-38.895105886951477],[-72.994007772795953,-38.89474143594461],[-72.993862729943245,-38.894540756147912],[-72.993460755861449,-38.894186299620365],[-72.971953567459309,-38.898944545281957],[-72.960165159249456,-38.90200952072847],[-72.960102984174839,-38.901836788015224],[-72.959958387683912,-38.90177227706242],[-72.959923841614639,-38.901700154036938],[-72.959979548802764,-38.901672520094444],[-72.959982822937391,-38.9015581466372],[-72.959884777514645,-38.901146388943424],[-72.959851050392032,-38.90104567163376],[-72.959938615485186,-38.900970914824136],[-72.96009888282687,-38.900916316935692],[-72.960085882609107,-38.900728892802213],[-72.959976649332646,-38.900548186034293],[-72.960115402787395,-38.900496971160123],[-72.960234526525198,-38.900332174405555],[-72.960349216975999,-38.900322259056189],[-72.960435460455031,-38.900240327286362],[-72.960590071786015,-38.900275479597639],[-72.960454851813097,-38.899966785683894],[-72.960407743493889,-38.899876286619872],[-72.960190419589381,-38.899741369039972],[-72.960023049690747,-38.89972652406157],[-72.959845840462833,-38.899788986358146],[-72.959648586524068,-38.899883974720815],[-72.959499042534773,-38.899914042461972],[-72.959469742763176,-38.899871810754711],[-72.959574564575462,-38.899726174589524],[-72.959599643172993,-38.899582412300084],[-72.959570584290447,-38.89939592463616],[-72.959385310231539,-38.899357778683225],[-72.959198142096056,-38.899235307131264],[-72.959074506347903,-38.899007110324391],[-72.958776246782278,-38.898786893505999],[-72.958557637092326,-38.898546011016954],[-72.958454401941523,-38.898312011847878],[-72.95833754723985,-38.898132491149127],[-72.958242411782038,-38.898026943654195],[-72.958156497625623,-38.897748082228482],[-72.958050002186141,-38.897631787492216],[-72.957865891516832,-38.897349640953102],[-72.957750074070958,-38.897229956255025],[-72.957758903137972,-38.896923753547703],[-72.957742938387938,-38.896747704989735],[-72.95761502061201,-38.896522779033532],[-72.957341007438259,-38.896503679975154],[-72.957097919186268,-38.896363538460491],[-72.957101197323226,-38.896249165104543],[-72.957058533101474,-38.896141139074082],[-72.957162227999547,-38.896035674783569],[-72.957219775484475,-38.89594370747313],[-72.957046504503069,-38.895738358487307],[-72.957093618038897,-38.895668691090442],[-72.95749458896212,-38.895355839553751],[-72.957536456656797,-38.895112472486439],[-72.957513931474566,-38.894940432167147],[-72.957454406736844,-38.894782048202252],[-72.957356246227178,-38.894694506384901],[-72.957230232937903,-38.894620781761532],[-72.957315016373528,-38.894536442520746],[-72.957240066045145,-38.894277661555279],[-72.957257203041422,-38.893999035119045],[-72.957356984661672,-38.893671793814306],[-72.957359678299895,-38.89357839605583],[-72.95734591054449,-38.893352924688998],[-72.957242895454186,-38.893213694939455],[-72.957166912803103,-38.893111000146568],[-72.956993095182582,-38.893145090170755],[-72.956188174920428,-38.893302949944996],[-72.955965843772447,-38.893359582350136],[-72.955534555641563,-38.893469439983029],[-72.955231514149986,-38.893524937428367],[-72.954117567026671,-38.893782957549625],[-72.953953986004763,-38.89373305007976],[-72.953621234331209,-38.893834794028344],[-72.95344891610678,-38.894019782373597],[-72.953330076171497,-38.894320387611685],[-72.953122106448888,-38.894417506326931],[-72.95280123920945,-38.894463752877456],[-72.952367473679558,-38.894315762683291],[-72.9517038233259,-38.894123568055036],[-72.951177278907494,-38.894114348083818],[-72.950539782980641,-38.894058057652721],[-72.949943564520353,-38.894016033925787],[-72.949365395066522,-38.89405093063197],[-72.948611929053754,-38.894443142493117],[-72.948152822066689,-38.894642305426068],[-72.947712640105607,-38.894891436047153],[-72.947478180847682,-38.895148547471344],[-72.94730535733045,-38.895420320901437],[-72.947154804591463,-38.89564298236504],[-72.946878558982831,-38.895926451468355],[-72.946588144900232,-38.896002380976213],[-72.946152125428782,-38.896107371909665],[-72.945884137454158,-38.896102665724207],[-72.945637599257651,-38.896080302395291],[-72.945332511817057,-38.895917188144338],[-72.945048666883409,-38.895763530374566],[-72.944903784945993,-38.89576104880944],[-72.944487156850798,-38.895915896342551],[-72.943856137575722,-38.89595321003079],[-72.943733002193611,-38.895961593566597],[-72.943714858167496,-38.895953135824975],[-72.943643902137069,-38.895967660001617],[-72.943475729723232,-38.895979109774316],[-72.943208358725201,-38.895956365234113],[-72.942877491940536,-38.895986646441429],[-72.942609106911902,-38.895995363663026],[-72.942140810916911,-38.896070548455128],[-72.942143234008469,-38.896075598188176],[-72.942013636138128,-38.896164151125426],[-72.941922227126312,-38.896226609589014],[-72.941548027319101,-38.89633255525586],[-72.941087544923235,-38.896581266407651],[-72.94092114210703,-38.896627864840752],[-72.940672345586037,-38.896686613914127],[-72.940463404119342,-38.896782016727357],[-72.940146120216639,-38.897064696712711],[-72.939814362109459,-38.89712192477819],[-72.939649400494332,-38.897119034466556],[-72.93934194022107,-38.897064047295238],[-72.939096613413284,-38.896996603213672],[-72.938788108002029,-38.896977669656565],[-72.938376858659126,-38.896920873091453],[-72.937879451564669,-38.897024665651585],[-72.937671128472246,-38.897102122274845],[-72.937248073446099,-38.897450502240531],[-72.936958990861569,-38.897476925101991],[-72.936671841828655,-38.897440334780519],[-72.936466262375291,-38.897400719563478],[-72.936054229544112,-38.897393379932346],[-72.935765111020075,-38.897424302527412],[-72.935265721991712,-38.897573176722418],[-72.934941941543627,-38.897711459488541],[-72.934930443724426,-38.897719890590302],[-72.934816156847035,-38.898164411730662],[-72.934824209322002,-38.898583510786359],[-72.935000167037288,-38.898924541475466],[-72.93525740373606,-38.899298488078301],[-72.935465362517888,-38.899932906032376],[-72.935555890958682,-38.900366960343639],[-72.935566982573306,-38.900705090031785],[-72.935569239844838,-38.901349333038581],[-72.935493416455813,-38.901798458908303],[-72.935281507552872,-38.90202452862367],[-72.934758631267655,-38.90228558772057],[-72.934407412361608,-38.90229735125645],[-72.934186813766132,-38.90209974874162],[-72.933944091795212,-38.901919731446917],[-72.933897111372744,-38.901918893460802],[-72.933717178873195,-38.901915681870264],[-72.933387073452053,-38.901941409023543],[-72.9328529849913,-38.901868925615801],[-72.932628438320862,-38.901783837935078],[-72.932342323139892,-38.90171118257814],[-72.932011941615556,-38.901723316187372],[-72.931703845898653,-38.901686340554477],[-72.931623486795303,-38.901621872569812],[-72.931524784684825,-38.901471392800396],[-72.931468898327608,-38.901263186231475],[-72.931226948868314,-38.901083227498965],[-72.930979107642045,-38.901078798045177],[-72.930711862690757,-38.901074121347619],[-72.930483888837941,-38.901083518828081],[-72.930356222087212,-38.901163166297138],[-72.930360286765634,-38.901244357704108],[-72.930313099655507,-38.90130576105895],[-72.9300829983829,-38.901414376084993],[-72.929754111451743,-38.90139502545906],[-72.929445480420029,-38.901353468889333],[-72.929369858692922,-38.901126836674024],[-72.929336359649056,-38.900869516773028],[-72.929319638327641,-38.900725007377602],[-72.9292608994527,-38.900611360463778],[-72.92909958404455,-38.90050936559777],[-72.928871915701322,-38.900505331974699],[-72.928437819739656,-38.900565256958039],[-72.927961557984744,-38.900637857007354],[-72.927672713740947,-38.900632730425173],[-72.927446999271709,-38.900610707303557],[-72.927099514577776,-38.900491928719873],[-72.926895382796673,-38.900425232098122],[-72.926817528829645,-38.900275126854545],[-72.926782061370446,-38.900085321175723],[-72.926707138021158,-38.89980913429045],[-72.926691712757389,-38.899646660404457],[-72.926488898317217,-38.899512469964272],[-72.926175444451431,-38.899655583373388],[-72.92592157069862,-38.899889803192202],[-72.925569612400324,-38.899946590935151],[-72.92530292869759,-38.899896856998801],[-72.924976908286425,-38.899760418778939],[-72.924736334470538,-38.899530870670333],[-72.924539844284595,-38.899076870462117],[-72.924439579862891,-38.898980468094422],[-72.924381999568809,-38.898830758735336],[-72.924385296929813,-38.898718173017073],[-72.924288078619625,-38.898540801809482],[-72.924061960615433,-38.898487177786187],[-72.92370957520211,-38.898561984595389],[-72.923253232641628,-38.898666493588216],[-72.92277965766084,-38.898644608256937],[-72.922592005644773,-38.898704322941484],[-72.922423732782448,-38.898813904416897],[-72.922279696152785,-38.898811366482597],[-72.922136187465327,-38.898790800153165],[-72.922065396629904,-38.898789529908711],[-72.921930213335628,-38.89878710321468],[-72.921763890587357,-38.898833762042401],[-72.921680235687916,-38.898881781919833],[-72.921596976283965,-38.898893857890677],[-72.92147310640425,-38.898891631232075],[-72.921329069704143,-38.898889092120797],[-72.921230356498498,-38.898743106041962],[-72.921194846787685,-38.898548797399016],[-72.921201358038019,-38.898323628345203],[-72.921209419949278,-38.898048969280609],[-72.921446531104635,-38.897701767332073],[-72.921491368517437,-38.897571935243555],[-72.921331921780961,-38.897406920121753],[-72.921169069615061,-38.897309468753747],[-72.920903283587251,-38.897255100568103],[-72.920472799320322,-38.897166378669738],[-72.920040859328822,-38.897127142364141],[-72.919797099527045,-38.897010165445685],[-72.919723403775137,-38.896716012561676],[-72.919562238111752,-38.896586982886213],[-72.919235390262273,-38.896450556392629],[-72.919078196346547,-38.896208917404806],[-72.918897994934596,-38.896011997599388],[-72.918555050759281,-38.895762644202016],[-72.918251217489882,-38.895581495788853],[-72.917885889929821,-38.89538124982181],[-72.917583518519066,-38.895150611754168],[-72.917359008867123,-38.895065492011646],[-72.916880917005116,-38.895201144736014],[-72.91671221277268,-38.895328833530343],[-72.916526988424579,-38.895325510125453],[-72.916178147126473,-38.895283197317944],[-72.915829819700235,-38.895213940298937],[-72.915437135391898,-38.895238475976306],[-72.915188877454398,-38.895252036112005],[-72.914944300632413,-38.895166595643317],[-72.91478109860482,-38.895100574054858],[-72.914330463692195,-38.895011424583245],[-72.914005814463835,-38.894829972532506],[-72.913702033337316,-38.894644307296879],[-72.913451224508506,-38.894770514672501],[-72.913265603832031,-38.894780707895684],[-72.913074992184789,-38.894793529071123],[-72.912937997799787,-38.894783927133069],[-72.912678493886759,-38.894765395391616],[-72.912389833634592,-38.894927126673906],[-72.912000553026417,-38.895085500226109],[-72.911962757012731,-38.895035796634239],[-72.911724844476609,-38.894722928554323],[-72.911401599165217,-38.894560140232173],[-72.911154412365889,-38.894574939056739],[-72.911021312141912,-38.894841319751436],[-72.910736096738063,-38.894863517414912],[-72.910507924112082,-38.894685930698159],[-72.910545952403339,-38.894463946838599],[-72.910812153855744,-38.894367753265414],[-72.91078664556639,-38.894339077495886],[-72.910708055148447,-38.894122243951983],[-72.910483121389447,-38.894055134767065],[-72.910277064388993,-38.894051420396153],[-72.910147832377547,-38.894069741756695],[-72.909880449467039,-38.894019976510748],[-72.909690305909109,-38.894071773440245],[-72.909652276841342,-38.894241962536391],[-72.909633262784652,-38.894434349211551],[-72.909333467845926,-38.894434348712508],[-72.90918134219983,-38.894428671002991],[-72.909005787953959,-38.894360354066407],[-72.908834658994095,-38.894249361673268],[-72.908501906492702,-38.894123570387137],[-72.908254720309657,-38.893857186895595],[-72.907979011668161,-38.893842388201037],[-72.907807882258098,-38.893709195788794],[-72.907665273768188,-38.893428012183087],[-72.907551187620371,-38.893228222849999],[-72.907217571990088,-38.893073831097489],[-72.906984736863123,-38.893107204379675],[-72.906857163044748,-38.893132027496499],[-72.906762091619072,-38.893250421739403],[-72.906505397294453,-38.893257821229909],[-72.906261323212235,-38.893144867956472],[-72.906117746762988,-38.893101336262788],[-72.905874886054605,-38.89302200042497],[-72.905608860524964,-38.892954097773476],[-72.905345276179858,-38.892800742904321],[-72.905268771511672,-38.892610143217439],[-72.904990482430392,-38.892249258483751],[-72.904648439162301,-38.891968314392216],[-72.904631325584035,-38.891956530823649],[-72.904622973179329,-38.891948078844941],[-72.904261700366021,-38.891792683937034],[-72.903710283924383,-38.891792683830687],[-72.903415560728192,-38.891829682353084],[-72.903101823725862,-38.891992477310339],[-72.903071948180767,-38.89202919248563],[-72.902870580888518,-38.892148063290165],[-72.902661828803843,-38.892238980140021],[-72.902484049853271,-38.892187777089852],[-72.902436320362483,-38.89215527089064],[-72.902423146652083,-38.892150932682078],[-72.902275193010269,-38.892056326915444],[-72.902071901949668,-38.891985055747185],[-72.901884650662282,-38.8920313056014],[-72.901611562858804,-38.892202089454976],[-72.901297415440695,-38.892345069425467],[-72.901089819545263,-38.892422436616037],[-72.900845171374058,-38.892336967308879],[-72.900540330847576,-38.892169312800711],[-72.900252276180197,-38.892164091378447],[-72.900002821946885,-38.892240695476602],[-72.899571862775062,-38.892425779488917],[-72.899312074670831,-38.892597714459058],[-72.899101080960278,-38.892738048876481],[-72.898681951606505,-38.892973774516165],[-72.898294920585059,-38.89280462991205],[-72.898051835901668,-38.892669573511476],[-72.897649317310794,-38.892342451777559],[-72.897340754885676,-38.892177331297148],[-72.897149472823074,-38.892151828145138],[-72.896658031686556,-38.892306606772813],[-72.89628779107548,-38.892254863149738],[-72.895630298037716,-38.892193445321908],[-72.895217854284169,-38.892204073838059],[-72.894722410617291,-38.892240166904273],[-72.894289916460764,-38.892102616858921],[-72.89397108376258,-38.891839223268413],[-72.893497747241014,-38.89123150702985],[-72.892907500260833,-38.890964038036607],[-72.892657683609841,-38.890813320762057],[-72.891868622365166,-38.890432297840483],[-72.891386524166364,-38.890130135374427],[-72.890958927648157,-38.889946740098317],[-72.890326582031449,-38.889741538393025],[-72.889963510705016,-38.889446662685728],[-72.889741826733356,-38.889294034882056],[-72.889338422014703,-38.888998341529273],[-72.888908420844132,-38.888895976512238],[-72.888558357849703,-38.888889641714847],[-72.888335225226172,-38.888948313474671],[-72.886889844125619,-38.889240467869939],[-72.886100660202999,-38.889415353390241],[-72.885486171340219,-38.889530429704735],[-72.884678325238013,-38.889967221435903],[-72.88377905646783,-38.89017271109585],[-72.88327617792055,-38.890297326344765],[-72.883162749639652,-38.890337759576447],[-72.882722231124447,-38.890411731609305],[-72.880625293318275,-38.890872342979975],[-72.879813419067261,-38.891132329065385],[-72.87906920480394,-38.891271524541153],[-72.878783209615662,-38.891512255330419],[-72.878603262449346,-38.891657380175914],[-72.878710917463607,-38.89176256764457],[-72.878742313277968,-38.892388687890197],[-72.878741150254115,-38.89326834549486],[-72.878880108125699,-38.894482873731455],[-72.879104539425427,-38.895347082243767],[-72.879542364401075,-38.896606136217549],[-72.879698197365158,-38.897254065131158],[-72.879685998053048,-38.898504941866996],[-72.879862187480981,-38.89930962752279],[-72.880225303725084,-38.90064285653618],[-72.880387276906816,-38.901000328769399],[-72.880823992882299,-38.902298453424507],[-72.880762364881406,-38.902688302841185],[-72.87930690224556,-38.90535954298268],[-72.878941130440865,-38.90588070258508],[-72.874789440058606,-38.910027620757646],[-72.874320668281868,-38.910644630633229],[-72.873825131771554,-38.911319796264962],[-72.873340086058178,-38.911643280205659],[-72.87287245757075,-38.912221207787148],[-72.872006594740412,-38.912727562122036],[-72.871881945494081,-38.912220733150839],[-72.871620436361937,-38.911711408917135],[-72.871388527777711,-38.911436838863793],[-72.871038276210669,-38.911097051791799],[-72.87065431754138,-38.910774755488944],[-72.870313082635221,-38.90999363339261],[-72.869615790776876,-38.909233036057365],[-72.868887319579983,-38.908841296614845],[-72.867910322366768,-38.908467622570569],[-72.866903818749734,-38.908142857006496],[-72.866073917707993,-38.907963734107497],[-72.865444409221098,-38.907827816454585],[-72.863881340513913,-38.907916415122919],[-72.862055557407771,-38.908067651902783],[-72.861018325334939,-38.908165753135002],[-72.859717007545086,-38.908394217548398],[-72.858253993532855,-38.909016064803957],[-72.857382600174603,-38.909255815277938],[-72.856738124729176,-38.90938054687939],[-72.856474972230174,-38.909580832462957],[-72.856174978586708,-38.909880343413576],[-72.855612176990519,-38.910159980403932],[-72.855228295368192,-38.910459838555667],[-72.855000591707864,-38.910906879024623],[-72.854435112903261,-38.911139166685267],[-72.853788631734588,-38.91144338013963],[-72.852984114038335,-38.911807020062838],[-72.852143779360119,-38.911951634265677],[-72.85107278357124,-38.912183158797291],[-72.850359443372923,-38.912042463266481],[-72.849110785658169,-38.911877754764618],[-72.848218683690334,-38.911853291460886],[-72.847434569837546,-38.911911978436969],[-72.846455508222334,-38.911898418958252],[-72.845492359124322,-38.911880640876404],[-72.844557553404726,-38.911809329261118],[-72.843872270671795,-38.911634520705029],[-72.843405806041631,-38.911450149569099],[-72.842657484223537,-38.91121561477614],[-72.842273537257753,-38.911113839578888],[-72.841878208930666,-38.911029959410584],[-72.841513788263157,-38.910996194510126],[-72.841030976242465,-38.910874659996068],[-72.840619520004793,-38.910704898077356],[-72.840022475336525,-38.910333427344348],[-72.839234523496899,-38.909935899025754],[-72.838450429863045,-38.909646535946401],[-72.837503069694421,-38.909610967956141],[-72.836384383130039,-38.909518166918168],[-72.835442726096019,-38.909554753640194],[-72.834668144723281,-38.909594433844745],[-72.833978434532654,-38.909829452338464],[-72.83333609791174,-38.909835544871186],[-72.832692898988086,-38.909913683511874],[-72.831990878570821,-38.910152965670626],[-72.831304173678618,-38.910288842407731],[-72.830676532190964,-38.910308705806834],[-72.830136376510254,-38.910294159291915],[-72.829669000736871,-38.91030348464384],[-72.829229852236608,-38.910475572078369],[-72.828907697456415,-38.91069028181613],[-72.828423952423478,-38.91104620508608],[-72.828419882923612,-38.911047599328739],[-72.82819331839309,-38.91110806802746],[-72.827521817758793,-38.911290677623192],[-72.825959443742761,-38.911342876798813],[-72.824756103053119,-38.911222898222022],[-72.824212410819982,-38.910627436819134],[-72.823375566824694,-38.910091541339391],[-72.822634841636813,-38.909134697908065],[-72.821800579862455,-38.907834664031782],[-72.821061389288317,-38.906829062233854],[-72.82014490469102,-38.906177843907663],[-72.818776380152116,-38.905339320620115],[-72.818050091542631,-38.904594085625227],[-72.817850691822258,-38.903631073284494],[-72.817858654199796,-38.903371077702715],[-72.818042937395603,-38.902789197559507],[-72.81800990766034,-38.901829294799064],[-72.817738175598492,-38.901190110935325],[-72.817175314529521,-38.900545481591905],[-72.816846187199786,-38.899742630995028],[-72.817120615395481,-38.898934811143796],[-72.817388069697003,-38.898354487195874],[-72.809838359635322,-38.879949002901142],[-72.802292345344739,-38.861543089191478],[-72.801348525916566,-38.859157914234828],[-72.799113358656726,-38.852936622375971],[-72.799196996100932,-38.852853901866183],[-72.799206536738794,-38.852879024530893],[-72.799427572409982,-38.852666949166043],[-72.799605772151665,-38.852449604183548],[-72.799845960866364,-38.852318944344205],[-72.800039301846198,-38.852309132940043],[-72.800208581765673,-38.852375391111835],[-72.800309826820609,-38.852598041316725],[-72.800392835413035,-38.852685210806875],[-72.800539611229212,-38.852805064902071],[-72.800860183575722,-38.852824606571481],[-72.80107586575312,-38.85281514582266],[-72.801184701864628,-38.852763149181236],[-72.801231507029598,-38.852646894149515],[-72.801250973244336,-38.85252633543724],[-72.801192270628391,-38.852353586327979],[-72.801030242614971,-38.852192641460121],[-72.8010350016188,-38.852039572819805],[-72.80110119316447,-38.851991216816131],[-72.801231565513945,-38.851944101986604],[-72.801573919332085,-38.851982113646429],[-72.801723667491018,-38.851984887464077],[-72.801854043615251,-38.851937861205798],[-72.801877070900176,-38.851888751503473],[-72.802032459526757,-38.851706907520544],[-72.802210754785847,-38.851507567024662],[-72.802584838847565,-38.851194767718397],[-72.803110415750595,-38.850871263974341],[-72.803316492317848,-38.850643759722345],[-72.803469099287327,-38.850495787357438],[-72.803446648880907,-38.850404530803061],[-72.803360341298628,-38.850209515487613],[-72.803327020742344,-38.850053931749713],[-72.803525432628632,-38.850045745236734],[-72.803671991791319,-38.849988903831608],[-72.803677590832692,-38.849872789750499],[-72.80384882440633,-38.849876030759141],[-72.803967516371429,-38.849769480073626],[-72.804080845434441,-38.849779656000962],[-72.804119699982962,-38.849408491311458],[-72.804499561111044,-38.849349495293289],[-72.804596283730334,-38.849317894538011],[-72.804684462867513,-38.849238471071637],[-72.804839625549263,-38.849088240979384],[-72.805038165198241,-38.848907237443584],[-72.805209397765339,-38.848910476412506],[-72.805359344078724,-38.848931339838344],[-72.805483463505013,-38.84908227495221],[-72.805694839454588,-38.849189928859573],[-72.805920981134761,-38.849260599231869],[-72.806033810629756,-38.849262981785174],[-72.806187587975742,-38.849230674158711],[-72.806318312198897,-38.849147610473956],[-72.806427195558456,-38.849118030607841],[-72.806597641671559,-38.849152812688452],[-72.806982248172261,-38.849196093749654],[-72.806835004354483,-38.848946533872343],[-72.806715936481496,-38.848704815786256],[-72.806676822666645,-38.8484895262973],[-72.806725372523545,-38.848197792524182],[-72.806899450361215,-38.848136936333582],[-72.807061558163582,-38.848021709319951],[-72.807255024291777,-38.84800737947544],[-72.807579731455363,-38.847914380014359],[-72.807667388166081,-38.847848389393228],[-72.807911176398747,-38.847600704643888],[-72.808191445393305,-38.847385238036608],[-72.808430024487848,-38.84730864587187],[-72.808518893234861,-38.847206683494889],[-72.808569770054092,-38.846955299509204],[-72.808580555370284,-38.846604093399343],[-72.80855556858171,-38.84637411359909],[-72.808414689488671,-38.846246312456898],[-72.808202882363489,-38.846194657232139],[-72.808035130823214,-38.846197468131457],[-72.807911067615876,-38.846266657105303],[-72.807837945125968,-38.846414280922865],[-72.807853846348706,-38.846641053831839],[-72.807766586053347,-38.846752653458445],[-72.807673280316649,-38.846789870432978],[-72.807446924307484,-38.846643904150312],[-72.806991416285541,-38.845921034122512],[-72.807015653360281,-38.84583595218475],[-72.807191726505948,-38.845704037267467],[-72.807515541931707,-38.845642586446502],[-72.807708858978813,-38.845632673369572],[-72.807866984250154,-38.845617395908917],[-72.807926432642148,-38.845468323265649],[-72.80789038751243,-38.845152965190522],[-72.807942670941941,-38.844939391997329],[-72.807819100761506,-38.84479403442819],[-72.807601497333323,-38.844732733846136],[-72.807421113481681,-38.844650676801827],[-72.807188248554695,-38.844411051366436],[-72.807320104112591,-38.844066032241756],[-72.807595339055752,-38.843819170932427],[-72.807868525984588,-38.84369637849359],[-72.808093859902996,-38.843565162637361],[-72.808081321654498,-38.843346707018796],[-72.80764358459281,-38.843187991233897],[-72.807302012305826,-38.843031079869355],[-72.80734994572731,-38.842723462531218],[-72.807490809130996,-38.842522937310775],[-72.807600051563355,-38.842412115461144],[-72.807729912643694,-38.842256532442583],[-72.807958012372794,-38.842035070480541],[-72.80829119624542,-38.841838154813978],[-72.808365664362356,-38.841606282682875],[-72.808419977565265,-38.841404131589442],[-72.808563373833167,-38.841120879575662],[-72.808638071000942,-38.840881486223587],[-72.80855016994316,-38.840630105668367],[-72.80844259108548,-38.840216572435267],[-72.808185484293787,-38.839776716521456],[-72.807774526494967,-38.839451547167897],[-72.807319219231928,-38.839102027851318],[-72.807239894451953,-38.838747811056187],[-72.807428126793013,-38.838492679778234],[-72.8077025385019,-38.838368499430835],[-72.807949063353817,-38.83817324962785],[-72.807985964435929,-38.837950548359309],[-72.808037529999353,-38.837739880664422],[-72.808134889123096,-38.83750655691555],[-72.808069503910417,-38.837187875337932],[-72.807941497283025,-38.836950320734289],[-72.80794414452609,-38.836864065930179]]]},"properties":{"FID":0,"CAP_USO":" ","SERIE":" ","FORMULA":" ","ESTUDIO":" ","SIMBOLO":" ","CAP_USO_2":" ","SERIE_2":" ","TOPOGRAFIA":" ","MORFOLOGIA":" ","MATERIALES":" ","LITOLOGIA":" ","DESARROLLO":" ","DRENAJE":" ","TEXTURA":" ","FACTORES_L":" ","SUBCLASE":" ","Superficie":0,"sup_km2":0,"NOMBRE":"NUEVA IMPERIAL","Perimetro":0,"sup_m2":0}}]}