{"type":"FeatureCollection","features":[{"type":"Feature","id":1,"geometry":{"type":"Polygon","coordinates":[[[-73.035790129541496,-38.801714564364282],[-73.0360279643143,-38.801521454126394],[-73.039775007371389,-38.800553265874974],[-73.041053418165845,-38.800223014665704],[-73.041407895960091,-38.800894339462928],[-73.043699328234894,-38.800448884039987],[-73.043757888672459,-38.80041486433894],[-73.044284491458399,-38.80010893689159],[-73.044287091557152,-38.800224656677841],[-73.044288079181015,-38.800268591425869],[-73.044286479392355,-38.8003263410423],[-73.044266580487218,-38.800505831854913],[-73.044220738240242,-38.800605710961534],[-73.044173731438022,-38.800708126833946],[-73.044151302017809,-38.800897018272202],[-73.04433588819326,-38.801236707999607],[-73.04445202101472,-38.801504304311855],[-73.044491009083245,-38.801594141436247],[-73.044537790056452,-38.801671445619817],[-73.044563309095679,-38.801713615006527],[-73.044656664345794,-38.80186788014003],[-73.044708671941052,-38.802008418415745],[-73.0448396622415,-38.802362384749884],[-73.044852698116983,-38.802397608847386],[-73.044898752188331,-38.802502883804387],[-73.044983092174661,-38.802695674548694],[-73.045102698638289,-38.802732894979926],[-73.045191126792986,-38.802841656966898],[-73.045277503589773,-38.803025481875558],[-73.045344348544873,-38.803136470365061],[-73.045745278181798,-38.803802162079194],[-73.045931132752273,-38.804151550500407],[-73.046116989104135,-38.80450093775255],[-73.046125601161776,-38.804515362596902],[-73.046192283328409,-38.804627052500322],[-73.046385458170946,-38.805003068902295],[-73.046541557832995,-38.805407901389138],[-73.046539520393878,-38.805482487057994],[-73.046484905643993,-38.80566931687212],[-73.046425019398356,-38.80590969902218],[-73.046304855926508,-38.806265295103294],[-73.046221801666334,-38.806517209601829],[-73.046106176208482,-38.806846061523267],[-73.046081933423622,-38.807036378950805],[-73.046018218516465,-38.807259371341857],[-73.045950723435183,-38.807438714759108],[-73.045924216731166,-38.807695458548061],[-73.045898980288172,-38.80815719935466],[-73.045866359514022,-38.808245251306332],[-73.04575136241894,-38.808555657018744],[-73.045704404069085,-38.80903698083727],[-73.045614481326282,-38.809823893657203],[-73.044942247347223,-38.810087073554641],[-73.043961978394577,-38.810255788798159],[-73.043221464939052,-38.810398222209578],[-73.042691433893694,-38.810528578545906],[-73.04244194203919,-38.81057597244218],[-73.042413911731998,-38.810581297293325],[-73.041684291314837,-38.810719893781297],[-73.04161788334433,-38.810732507803607],[-73.040685013628035,-38.811002574419312],[-73.039660901869496,-38.811237045067294],[-73.039652416149963,-38.811239285917274],[-73.039512856046912,-38.81089583170499],[-73.035971709607409,-38.80218003200671],[-73.035790129541496,-38.801714564364282]]]},"properties":{"OBJECTID":1,"NOMBRE":"Pte. Negro","LUGAR":"Pte. Negro","Shape_Length":3625.1139119155346,"Shape_Area":776783.89694278431}},{"type":"Feature","id":2,"geometry":{"type":"Polygon","coordinates":[[[-72.839191060109741,-38.809215456967848],[-72.839885663629332,-38.80892661500323],[-72.840691994518835,-38.808751989045675],[-72.841744825183838,-38.808454804350674],[-72.843177965186513,-38.808298589892736],[-72.844409983746118,-38.807931360832079],[-72.845866755123311,-38.807160453872484],[-72.84676294350119,-38.806810247700852],[-72.847904857955882,-38.806706348267454],[-72.849025029013106,-38.806321335380147],[-72.849921017571873,-38.80605902239251],[-72.850822071922465,-38.8059076284651],[-72.851046831495836,-38.805869863772628],[-72.851158803152444,-38.806195012978222],[-72.851461958503009,-38.807075315956261],[-72.851566508029052,-38.807378903556753],[-72.851942157381671,-38.808480127494427],[-72.852427415266277,-38.809902622557772],[-72.853190887998039,-38.81201258307086],[-72.853481122118396,-38.812814651855795],[-72.854019978998181,-38.814164385047562],[-72.854057618816299,-38.814256416583987],[-72.85410717335651,-38.814377582822964],[-72.854307629174144,-38.814867711962457],[-72.854429545621002,-38.815209148279671],[-72.854840768248039,-38.816360783393087],[-72.854948892952621,-38.816663582931042],[-72.855169616781197,-38.817281702556009],[-72.85627082662549,-38.819948370694618],[-72.856985463144838,-38.821751423764475],[-72.857412459531844,-38.822875804483303],[-72.857543425995971,-38.823220661591961],[-72.857676583185054,-38.823571283864247],[-72.857728621715566,-38.823708308018581],[-72.857736659275332,-38.82372947192242],[-72.85778122873937,-38.823862644996964],[-72.856899360046725,-38.82411773145396],[-72.856357555478652,-38.824214661084895],[-72.854778118449957,-38.824601034053892],[-72.852821272532609,-38.825079694425931],[-72.851190533696496,-38.825478557092431],[-72.851861902447126,-38.82694393881502],[-72.851893742453811,-38.827059835109665],[-72.851836559915782,-38.827084018200928],[-72.851540906718455,-38.827179181105727],[-72.850688173893417,-38.827373191531059],[-72.848209824598626,-38.827967108426826],[-72.846802116870862,-38.828304427344591],[-72.846730032895778,-38.828321698875513],[-72.846175505829208,-38.828454569975598],[-72.846049620411407,-38.828107897892728],[-72.839191060109741,-38.809215456967848]]]},"properties":{"OBJECTID":2,"NOMBRE":"Fdo. San Bernardo","LUGAR":"Fdo. San Bernardo","Shape_Length":6715.8882908502046,"Shape_Area":2350868.0312251332}},{"type":"Feature","id":3,"geometry":{"type":"Polygon","coordinates":[[[-72.806894736268035,-38.873607442723291],[-72.816792132183167,-38.871852046592295],[-72.829169038615433,-38.869335161074531],[-72.829637803592576,-38.869239806440838],[-72.829628904578456,-38.869329069651279],[-72.82967528432556,-38.869563506265195],[-72.829748055052406,-38.869678049501566],[-72.829753145754935,-38.869992589237164],[-72.829539572236087,-38.870310786049039],[-72.829597269569817,-38.870519262154637],[-72.829478087381602,-38.870752863924295],[-72.829472533232021,-38.87081434156029],[-72.829419161871328,-38.870893292789759],[-72.829235248714085,-38.870991703989347],[-72.828925039354829,-38.871565232867013],[-72.828888756620614,-38.871584259675615],[-72.828852472687998,-38.871603287351419],[-72.828779907124215,-38.871641340909143],[-72.828608938372,-38.871730997899682],[-72.828465041311617,-38.871950027974137],[-72.828340303299527,-38.87244118345177],[-72.828337021564224,-38.872548979499072],[-72.82833296544166,-38.872682211253718],[-72.828324417838701,-38.872962972095387],[-72.828335310861448,-38.873506713897143],[-72.82849512729058,-38.87383946901604],[-72.828292210463871,-38.874020843864123],[-72.828081470831535,-38.874331603807107],[-72.827617312404854,-38.874551825538767],[-72.827503885237135,-38.874671294973254],[-72.827683280922813,-38.875089439932864],[-72.827717462352268,-38.875469123658497],[-72.827582915659633,-38.875681174162395],[-72.827277897277597,-38.875782774740607],[-72.827013369539443,-38.876357148955123],[-72.826778233290511,-38.876567325843297],[-72.826490405156306,-38.877005380023505],[-72.826369516154443,-38.877516426817955],[-72.826311862200683,-38.877760149251749],[-72.826132186114549,-38.878133668265797],[-72.825950428195469,-38.878511510905767],[-72.825765719395591,-38.878662919011063],[-72.825688057972755,-38.879014403754915],[-72.825498849486948,-38.879218282015451],[-72.825294183392529,-38.879328897986042],[-72.825256999061864,-38.879350412518868],[-72.825219638687514,-38.87937202917832],[-72.825173444815931,-38.87939875668323],[-72.825126531599238,-38.879425900550423],[-72.824956208710034,-38.879486537672449],[-72.824933470103872,-38.879537604278809],[-72.824919821964016,-38.879568255680418],[-72.824900930649463,-38.879610681153416],[-72.824851316246793,-38.879722107798202],[-72.824832424846917,-38.879764533256726],[-72.824831465749327,-38.879766688632571],[-72.824764723801934,-38.879779561972001],[-72.824606419886194,-38.879810095279069],[-72.824386981358074,-38.879852418465326],[-72.824354586065667,-38.879858666865239],[-72.82262287550148,-38.880192648649363],[-72.819804509710352,-38.880748276454675],[-72.819581868398814,-38.880792166050135],[-72.818424503612562,-38.881020310506969],[-72.814572586182095,-38.881625226482612],[-72.810380671897221,-38.882283361354744],[-72.808509368297621,-38.877596367612512],[-72.806894736268035,-38.873607442723291]]]},"properties":{"OBJECTID":3,"NOMBRE":"Bascuñan","LUGAR":"Bascuñan","Shape_Length":5666.3367393489807,"Shape_Area":1738624.3794092634}},{"type":"Feature","id":4,"geometry":{"type":"Polygon","coordinates":[[[-72.8942436539689,-38.854314927089902],[-72.894280826164959,-38.854311698795932],[-72.894439476456455,-38.855158301073111],[-72.894704704969314,-38.856210042693299],[-72.895191817621807,-38.858320692177088],[-72.895647550392582,-38.860620313601316],[-72.89567616366304,-38.860764690890363],[-72.895747498907582,-38.861189131260581],[-72.89576117552734,-38.86119363963099],[-72.895926658967397,-38.861248190720907],[-72.896034379521893,-38.861283700772688],[-72.896222058154493,-38.861406230252676],[-72.896222108620819,-38.861638720369491],[-72.896128858554732,-38.861764107194496],[-72.896007793061415,-38.861926894324533],[-72.896077530411389,-38.862282888904936],[-72.896083767936076,-38.862314730065442],[-72.896501498382165,-38.864223491907119],[-72.896541452359557,-38.864378745936754],[-72.896067149113549,-38.864536147199352],[-72.895622009024052,-38.864590639811944],[-72.895450437069059,-38.864611642153932],[-72.892465130869738,-38.865048969510397],[-72.892332454520002,-38.865067987074426],[-72.891688892122218,-38.865160233717056],[-72.891067245459368,-38.865250439936197],[-72.890377490018551,-38.865361792609747],[-72.887824739410121,-38.865793537194797],[-72.887671576893737,-38.865831092183363],[-72.88704138637145,-38.865937608278813],[-72.886985272450829,-38.865947092255169],[-72.885994817894584,-38.866114493183261],[-72.885634361749339,-38.866175413188955],[-72.885436130661887,-38.866209821584199],[-72.885370430253161,-38.866198989626135],[-72.88532063232293,-38.866006435106549],[-72.885312300367119,-38.86597421490449],[-72.885300917992708,-38.865930203597202],[-72.88527744401469,-38.865839436224199],[-72.884788088793727,-38.864707026929459],[-72.884732657259306,-38.864578750093003],[-72.884529927066254,-38.864109604421451],[-72.884265315963347,-38.863497245290809],[-72.884132603512128,-38.863108121928732],[-72.883750569602441,-38.862275217672789],[-72.883563397781487,-38.861691530193355],[-72.882990527095217,-38.860071401436251],[-72.882252113108521,-38.858347977383779],[-72.882084535084161,-38.857925541647901],[-72.88320713549993,-38.857712563954522],[-72.884765532920653,-38.857343034854679],[-72.886932004404272,-38.856829276949604],[-72.888306340005911,-38.856503340831125],[-72.889114515662371,-38.856311666085112],[-72.889938590482444,-38.856116213021238],[-72.889882222153076,-38.85603026976343],[-72.890145688160459,-38.855982015884351],[-72.890537339445743,-38.855910283903896],[-72.892784957488047,-38.855498596573597],[-72.893178582633098,-38.855339044752107],[-72.89354479826406,-38.855084318008068],[-72.893852486964676,-38.854639358186432],[-72.893920297350888,-38.854572428656894],[-72.894175157589174,-38.854320875523946],[-72.8942436539689,-38.854314927089902]]]},"properties":{"OBJECTID":4,"NOMBRE":"Fdo. Las Mercedes","LUGAR":"Fdo. Las Mercedes","Shape_Length":4287.6029773147911,"Shape_Area":1062724.6404823281}},{"type":"Feature","id":5,"geometry":{"type":"Polygon","coordinates":[[[-73.092415221181056,-38.516158958011154],[-73.092789520703363,-38.516507402520539],[-73.093236563636808,-38.516708471330631],[-73.093915603817763,-38.516701511439464],[-73.094537104663786,-38.516617033972516],[-73.094864258810262,-38.516662899042821],[-73.095225608984123,-38.516713825108695],[-73.095815154985189,-38.51664683833225],[-73.09627883356076,-38.516762489829134],[-73.096914819207299,-38.517435090659518],[-73.097925489430494,-38.518037290631881],[-73.09856645372615,-38.518525277216526],[-73.09934705837361,-38.519015526769735],[-73.100128834408608,-38.519465250700357],[-73.100953108810671,-38.52006881309925],[-73.101192158487478,-38.520667923649761],[-73.10708863321814,-38.519152226828368],[-73.1092717876097,-38.525046146249458],[-73.111454258122123,-38.531286593849906],[-73.098567662166033,-38.53450890525972],[-73.099167172911521,-38.536372355638285],[-73.100912678178119,-38.541356143918307],[-73.10097176533688,-38.541496780454146],[-73.101640562934804,-38.54293668080394],[-73.099423328300304,-38.547955785917758],[-73.099248320428217,-38.552254842282011],[-73.098789290405222,-38.552405753162127],[-73.098789084480458,-38.552405816497675],[-73.097566112294302,-38.55276649104983],[-73.09476579831906,-38.553501135939577],[-73.094318354619176,-38.553618512338218],[-73.092965984465692,-38.553956089747452],[-73.092690693259215,-38.554016604619058],[-73.084100326148572,-38.556148196898398],[-73.083826823541287,-38.55621605038418],[-73.083826768652742,-38.556215913420736],[-73.083826665279616,-38.55621565762052],[-73.081593013514777,-38.550684044607316],[-73.079730164007799,-38.546087966203764],[-73.079571824034986,-38.545901210208378],[-73.079103587120599,-38.544714565526462],[-73.074536480543102,-38.533949899062918],[-73.074518072111985,-38.533904347863015],[-73.072141109744919,-38.528017040315639],[-73.070541527985242,-38.523240068278078],[-73.07053200300831,-38.523216361191146],[-73.070531601397789,-38.523215164226471],[-73.070866796294766,-38.523190230082584],[-73.071464030664657,-38.52321358402326],[-73.07229094485136,-38.523632704226756],[-73.072932160471609,-38.523620739346285],[-73.073602427693572,-38.523487626589272],[-73.074214775782664,-38.523213825334075],[-73.07453645558175,-38.522926231737287],[-73.074843776170397,-38.522719572540346],[-73.07500560486757,-38.522375294569279],[-73.075137624629875,-38.522102597510283],[-73.075370914929707,-38.522011838349322],[-73.076129696776349,-38.521704488785382],[-73.076640218497488,-38.521510083242823],[-73.077121510312466,-38.521283753392552],[-73.077660984959707,-38.521134864655849],[-73.078156438702521,-38.521079935942026],[-73.078389628091358,-38.520989169020048],[-73.079031835599707,-38.520643759932469],[-73.079526767823623,-38.520579808559908],[-73.080181634764045,-38.520590549589151],[-73.080925017865169,-38.520512648417544],[-73.081727633814353,-38.520034717582945],[-73.083246735047567,-38.519005265347488],[-73.08425344215469,-38.518458586000612],[-73.08498299068664,-38.518141600422652],[-73.085712332971227,-38.517775056460842],[-73.086806169639857,-38.51740104186409],[-73.087723674120198,-38.517321347965002],[-73.088524598418374,-38.517311905832344],[-73.089223379273136,-38.517291781834338],[-73.0899369994453,-38.517168290371117],[-73.090855554707687,-38.516858856102111],[-73.092415221181056,-38.516158958011154]]]},"properties":{"OBJECTID":5,"NOMBRE":"San Ricardo","LUGAR":"San Ricardo","Shape_Length":13587.59578179741,"Shape_Area":9346762.026394641}},{"type":"Feature","id":6,"geometry":{"type":"Polygon","coordinates":[[[-73.099248320428217,-38.552254842282011],[-73.09931003400078,-38.552234552655534],[-73.099238244820967,-38.552502321559892],[-73.098965491538564,-38.553519655982214],[-73.099375355583547,-38.554484067676292],[-73.099921241896809,-38.555914293270249],[-73.100438530649299,-38.557745046318217],[-73.106177818233135,-38.556195709589453],[-73.108101054654909,-38.560203335746898],[-73.118687127880506,-38.557394781099141],[-73.118659145867639,-38.566277112389869],[-73.119056804806846,-38.566524588053397],[-73.119285359579095,-38.56665168527946],[-73.119632667604662,-38.566732402571382],[-73.120022663794913,-38.566733082894878],[-73.120488821552016,-38.566767328179616],[-73.120743028129496,-38.566814474157546],[-73.120852944528238,-38.566914709024672],[-73.121182917044848,-38.56714874828382],[-73.121368650890844,-38.567415785830192],[-73.121478315581655,-38.567609350454063],[-73.121832956273337,-38.568110181424004],[-73.121958272765482,-38.568157058183914],[-73.122349677368135,-38.568231178135491],[-73.122875154804476,-38.568292131697049],[-73.123188800453349,-38.56829941444947],[-73.123561359928175,-38.568272146109805],[-73.124002766808601,-38.568254177600856],[-73.124248730772152,-38.568214606771633],[-73.124426224609138,-38.5681148388447],[-73.124716216263181,-38.567768762733898],[-73.12480113843587,-38.567742195130101],[-73.12491120203498,-38.567782427445103],[-73.125173556890957,-38.567949605694608],[-73.125453040391818,-38.568036786495874],[-73.125681656132116,-38.568143962640114],[-73.125766188394195,-38.568230723196905],[-73.125816758649904,-38.568324236811257],[-73.125824792594514,-38.568477610041413],[-73.125721752263047,-38.568636861720897],[-73.125611531466816,-38.568726448248164],[-73.125487076900043,-38.56886112266865],[-73.125375356751121,-38.569070235775975],[-73.125413852827464,-38.569300583664152],[-73.125349871664056,-38.569551903695597],[-73.125294215303157,-38.569708671016585],[-73.12521468110225,-38.569815505499868],[-73.12505977229246,-38.569840050906464],[-73.124673373604622,-38.569802327034012],[-73.124454880182952,-38.569789816056463],[-73.124236027561238,-38.569849371987836],[-73.124044091454721,-38.569918368159755],[-73.123906231312404,-38.570033365894659],[-73.123770940485954,-38.570296964345168],[-73.123717494740319,-38.570616019903127],[-73.123633854583659,-38.570880537351847],[-73.123588924380712,-38.571199639253024],[-73.123514546019791,-38.571522863553376],[-73.123353109001101,-38.571772618539576],[-73.123351471601453,-38.572137460256229],[-73.123579531429101,-38.572470039188936],[-73.12371665608795,-38.572634491584161],[-73.123821076838738,-38.572811842135899],[-73.123904463101184,-38.573051920152395],[-73.12393156917922,-38.573250644802854],[-73.123877183115667,-38.573605720813482],[-73.123890509711188,-38.573835666362406],[-73.124085534814455,-38.574172219190267],[-73.124101091198398,-38.57449111940592],[-73.124112529167419,-38.574677250521304],[-73.124067338339572,-38.575009952040197],[-73.123876433701781,-38.575286172397945],[-73.123526413191655,-38.575478849693418],[-73.123294925657532,-38.575666759921546],[-73.123210058774916,-38.575807201884928],[-73.123218044617531,-38.575969493318922],[-73.123298761771622,-38.576119437610529],[-73.123448706415999,-38.576257068530268],[-73.123677508479545,-38.5763688463324],[-73.123959258852835,-38.576431923350604],[-73.124337020812675,-38.576501042461139],[-73.124614054854504,-38.576523501242306],[-73.124978530552369,-38.576524837797642],[-73.125197037423121,-38.576424735011685],[-73.125375049829941,-38.576229297110956],[-73.125657458875011,-38.575742736420409],[-73.125797633849501,-38.575677413286186],[-73.125987367217817,-38.575635407429779],[-73.126234897594756,-38.575634866997028],[-73.126379835208425,-38.575772323919267],[-73.126374286352316,-38.576069624611911],[-73.126144000433783,-38.576426390338284],[-73.125895175559563,-38.576724299315337],[-73.125764011285668,-38.577051029730725],[-73.125695436660834,-38.577482456732334],[-73.125612519739974,-38.578075907356954],[-73.125610463217043,-38.578431733019684],[-73.12550657080692,-38.578867098584809],[-73.125387353317294,-38.579509517513202],[-73.125269901866929,-38.580025747626479],[-73.125062851790801,-38.580481982560194],[-73.124930643497891,-38.580655540884699],[-73.124682081268503,-38.580858856260448],[-73.124375049302841,-38.581079161946803],[-73.124263898650199,-38.581185488644167],[-73.124190993633363,-38.58128801393601],[-73.124161881946364,-38.581413673973522],[-73.124157078305757,-38.581598282981169],[-73.124179821687875,-38.581710090159788],[-73.120887917181051,-38.582167826486007],[-73.114573805726721,-38.583045520318471],[-73.095388871118757,-38.586908770914789],[-73.09430663685356,-38.583729429533101],[-73.093631146178126,-38.581740495958229],[-73.093205870189664,-38.580488244636491],[-73.09214696098546,-38.576509351003587],[-73.091414746421194,-38.57665167613726],[-73.090474160724696,-38.576834496435836],[-73.084269744125521,-38.578355064020826],[-73.081312393586174,-38.579069006284392],[-73.079047348651244,-38.57961575665437],[-73.078687738899774,-38.57970255684377],[-73.078414082282535,-38.579768608945912],[-73.078169591451257,-38.579827620793267],[-73.078150456917967,-38.579775238997797],[-73.077412718408155,-38.579957896101767],[-73.076537952498342,-38.580174472782801],[-73.075842313389657,-38.580346694358596],[-73.074442237346773,-38.580693301392316],[-73.074422777127793,-38.580698119122516],[-73.074186445616064,-38.580571694346844],[-73.073254122540263,-38.57813201997903],[-73.07188436615742,-38.574547388523769],[-73.06629019336097,-38.560609832558846],[-73.083553420613811,-38.556284149953619],[-73.083826665279616,-38.55621565762052],[-73.083826768652742,-38.556215913420736],[-73.083826823541287,-38.55621605038418],[-73.084100326148572,-38.556148196898398],[-73.092690693259215,-38.554016604619058],[-73.092965984465692,-38.553956089747452],[-73.094318354619176,-38.553618512338218],[-73.09476579831906,-38.553501135939577],[-73.097566112294302,-38.55276649104983],[-73.098789084480458,-38.552405816497675],[-73.098789290405222,-38.552405753162127],[-73.099248320428217,-38.552254842282011]]]},"properties":{"OBJECTID":6,"NOMBRE":"San Jose","LUGAR":"San Jose","Shape_Length":17203.165690642993,"Shape_Area":12589081.841551729}},{"type":"Feature","id":7,"geometry":{"type":"Polygon","coordinates":[[[-73.095388871118757,-38.586908770914789],[-73.114573805726721,-38.583045520318471],[-73.120887917181051,-38.582167826486007],[-73.124179821687875,-38.581710090159788],[-73.124239795337886,-38.581973575783813],[-73.124189660821642,-38.58232872047914],[-73.124007334969477,-38.58266372746737],[-73.123801692002587,-38.582930701764433],[-73.123616818228157,-38.583112513168025],[-73.123337715126382,-38.583252181795231],[-73.122951412236674,-38.583426166471732],[-73.122658026797012,-38.583547136445553],[-73.122528622037365,-38.583572627135624],[-73.122350519720214,-38.583686887575553],[-73.122308587789703,-38.583839368666212],[-73.122350009758648,-38.583957241083837],[-73.122554837952634,-38.584136204773081],[-73.12254053289405,-38.584271111017102],[-73.122494180136414,-38.584342529322043],[-73.122421570912067,-38.584404427942083],[-73.122284854846399,-38.584474306822074],[-73.122101723268088,-38.584534430560105],[-73.121766378321141,-38.584547065969147],[-73.12132850608495,-38.584661658976096],[-73.120919981278163,-38.58486690106438],[-73.12055449128934,-38.585095266556529],[-73.120320348098645,-38.585379884957028],[-73.120184890890485,-38.585760684087369],[-73.120119232941477,-38.586074946119126],[-73.120097136065809,-38.586457565527844],[-73.12010958168176,-38.58685875903651],[-73.12010144637037,-38.587007367778583],[-73.120035350907131,-38.587145946004206],[-73.119888904163147,-38.587341792200817],[-73.119712959533004,-38.587568785219716],[-73.119631761732535,-38.587792706974106],[-73.119594449919475,-38.588039945972113],[-73.119739588547617,-38.588308046215211],[-73.119883308336469,-38.588463599792007],[-73.12004588549479,-38.588614861539455],[-73.120275560886711,-38.588803327625925],[-73.12063205039864,-38.589029775789484],[-73.120967401325728,-38.589431651015609],[-73.121255611041846,-38.589855290160536],[-73.121508472800485,-38.590120612547729],[-73.121798383700622,-38.590395629280685],[-73.122001231105969,-38.59065122870566],[-73.122108393924421,-38.590945742852519],[-73.122131755603831,-38.591229992863759],[-73.121997586353061,-38.591561264354098],[-73.121849984803333,-38.591910248124648],[-73.121650579454993,-38.592208940036791],[-73.121580062556802,-38.592491682832524],[-73.121602281036658,-38.592852401750385],[-73.121772148335964,-38.593080445620892],[-73.121953811167714,-38.593241020240761],[-73.122248141226322,-38.593430519451474],[-73.122481840399217,-38.593519856537398],[-73.122807613984918,-38.593687246999913],[-73.123085909856982,-38.59388549685243],[-73.123238862813963,-38.594185249051272],[-73.123399488889589,-38.594521250633541],[-73.123439652183535,-38.59479676068878],[-73.123446191152283,-38.595152813280251],[-73.123391740847424,-38.595422211031192],[-73.123243641079625,-38.595681187487592],[-73.123064284942416,-38.59592605943061],[-73.122918217426815,-38.596081464329501],[-73.122753022190039,-38.59638962573721],[-73.122397719051023,-38.596501131432724],[-73.121989067339911,-38.596625203197199],[-73.121711585565095,-38.596751380426788],[-73.121463629567813,-38.596878030188606],[-73.121258744858679,-38.596946902101486],[-73.121040928800923,-38.596934395818472],[-73.120675932378418,-38.596978082234813],[-73.120471881474671,-38.597069399675107],[-73.120150671082172,-38.597194869711281],[-73.119771165605044,-38.597355528440453],[-73.11959903102246,-38.597410149496426],[-73.119274683618414,-38.597514215358785],[-73.119011856782862,-38.597604584416715],[-73.11872018425305,-38.59767196719762],[-73.11842804722356,-38.59781150369475],[-73.118237870822895,-38.598002139394914],[-73.118061954509344,-38.598143454180601],[-73.117652019834807,-38.59870010455829],[-73.117447077541229,-38.598908518592673],[-73.117139017832173,-38.599273021788079],[-73.116876145603925,-38.599444466969807],[-73.116554554001837,-38.599696137174149],[-73.116159759749081,-38.599973565753587],[-73.116032045698134,-38.600077995254722],[-73.115886972000837,-38.600194488141071],[-73.115690644089824,-38.600511236793793],[-73.115617081997215,-38.600717259890239],[-73.115455549614737,-38.600967000459626],[-73.115061506606821,-38.60129849085483],[-73.114769167448856,-38.601528105468212],[-73.114330576474757,-38.601777883812233],[-73.114084045244311,-38.601867063353041],[-73.113644179046773,-38.602064116576791],[-73.113060336629474,-38.602212448895877],[-73.112550406669243,-38.602253772685444],[-73.112088843958944,-38.602284883337497],[-73.111777688311136,-38.602299861129794],[-73.110874098251202,-38.602411400114043],[-73.110382978225104,-38.602475539952465],[-73.109863719959861,-38.602489674091309],[-73.109256319663885,-38.602416796095355],[-73.108396120856341,-38.602429917381912],[-73.107737850694775,-38.602545397628141],[-73.10728542610309,-38.602585375826585],[-73.107216981905879,-38.602595620333872],[-73.106697604391599,-38.602614242996594],[-73.106194649447204,-38.60260610200158],[-73.105713486403289,-38.602647860683753],[-73.105130834976279,-38.602670947518966],[-73.10482477112221,-38.602683016559205],[-73.104300212874861,-38.602679021962004],[-73.103643640612546,-38.602758471215928],[-73.10307479566157,-38.602965554521219],[-73.102738314389256,-38.603122260165264],[-73.102256347607593,-38.603384803671347],[-73.102167687584085,-38.603698680748977],[-73.102110848173297,-38.60387217291035],[-73.102047808455353,-38.604079709307932],[-73.101850628377335,-38.604400924565283],[-73.101624045051224,-38.604608958950031],[-73.101470151346291,-38.605084029056059],[-73.101449165425564,-38.60530900415629],[-73.101442400589846,-38.605565650741553],[-73.101511084896643,-38.605927216080232],[-73.101503369451578,-38.606219973558936],[-73.101434658165473,-38.606430570371245],[-73.101308065444258,-38.606631308736844],[-73.101059640298587,-38.606744393171432],[-73.100753043296493,-38.606937614134246],[-73.100425762773767,-38.607103561348666],[-73.100262108070027,-38.607348650954009],[-73.100253317115317,-38.607681931516673],[-73.100291332757322,-38.608006963139928],[-73.100396215127262,-38.608414161174288],[-73.100423963761514,-38.608747944947268],[-73.10039194127846,-38.609229586777083],[-73.100154227591077,-38.609629059347341],[-73.100053615933078,-38.609964542016478],[-73.100640579838696,-38.610354704149465],[-73.101202560169526,-38.610414098312731],[-73.101564337789867,-38.61098762695481],[-73.101577522636774,-38.611195138318621],[-73.101533053684562,-38.611491803604281],[-73.101341570696491,-38.611894100329756],[-73.101267235612184,-38.612181272553997],[-73.101207775219933,-38.612342469371249],[-73.101192342202921,-38.612626092201253],[-73.101379762472931,-38.612949043892449],[-73.101583083326616,-38.613078469591578],[-73.10202019167582,-38.613216193026453],[-73.102310905456591,-38.613378657217382],[-73.102790534260066,-38.613674725059461],[-73.103022700114536,-38.613881283142234],[-73.103297335504394,-38.614273213110799],[-73.103383935959329,-38.614526869747444],[-73.103410910102824,-38.614973342401406],[-73.103219948743913,-38.615330696233279],[-73.102882344969373,-38.615775761054678],[-73.102500907317662,-38.616220113775483],[-73.102280730973149,-38.616622037229604],[-73.101957688097158,-38.617139407761151],[-73.101866816422216,-38.617453787644173],[-73.101750326523998,-38.6178704554953],[-73.101602810703284,-38.618156348985195],[-73.101382226278886,-38.618490696097197],[-73.101031810986299,-38.618741853703398],[-73.100681553695793,-38.618821752736459],[-73.100351083814758,-38.618883953993105],[-73.100015084794293,-38.619076693753698],[-73.099677936553149,-38.619341577166466],[-73.099495809758139,-38.619793661910577],[-73.099436992266376,-38.620009012317617],[-73.099420569814541,-38.620387122293479],[-73.099433060410988,-38.620810838230945],[-73.099417935035277,-38.621089600426096],[-73.099430374168293,-38.62129286536279],[-73.099384781134049,-38.621742663648064],[-73.099237118588249,-38.622087200263174],[-73.099119180562468,-38.622450236897322],[-73.098883460972445,-38.622865414160628],[-73.098750541122769,-38.6231966761327],[-73.098661108099705,-38.623645761334586],[-73.098541721759858,-38.624170936242535],[-73.098670543350039,-38.624758703802172],[-73.098785021060905,-38.625179571905186],[-73.098826558541205,-38.625536192006855],[-73.098897082784603,-38.626154543226306],[-73.098982658517585,-38.62642178874578],[-73.099185319367734,-38.626767513793354],[-73.099417442001211,-38.627005519705648],[-73.099577191924752,-38.627179286070586],[-73.099894839544902,-38.627765705679494],[-73.100038030730701,-38.628272624682943],[-73.100167744038131,-38.628662207235678],[-73.100224597296688,-38.628901868978787],[-73.100267095320888,-38.629222467954961],[-73.100177980588825,-38.629576964339876],[-73.10003115808,-38.629727732762575],[-73.099767936816221,-38.629935256886554],[-73.099460334731376,-38.630137465517308],[-73.099196552061699,-38.630448582941433],[-73.098947186576581,-38.630755339453799],[-73.098771245057705,-38.631054370060532],[-73.098667956481137,-38.631296023751901],[-73.098578765590872,-38.631627905714161],[-73.098562890326917,-38.631902511018886],[-73.098663882838125,-38.632156493698496],[-73.098895306615333,-38.632421516292965],[-73.099171657687251,-38.632696366843611],[-73.09924317129979,-38.632868699541561],[-73.099213829703245,-38.632971825496057],[-73.099038193327459,-38.63307266473074],[-73.098819194869023,-38.633154689788682],[-73.098512008039037,-38.633311857335926],[-73.09833690836237,-38.633471171819608],[-73.098263197047132,-38.633600693225802],[-73.098145671337207,-38.633724908395408],[-73.097970705554559,-38.633771611783438],[-73.097736640330609,-38.633907443836549],[-73.097604745807601,-38.634008992306612],[-73.097560447507092,-38.634215477285466],[-73.097662062126147,-38.634284697751411],[-73.097866155601011,-38.634333062328118],[-73.098069917192987,-38.634390429267484],[-73.098141954790364,-38.634517817041342],[-73.097979951984797,-38.634916171088328],[-73.097715263241469,-38.635285738464034],[-73.097582832545044,-38.635626015186332],[-73.097331866237454,-38.636153550839055],[-73.097156192853603,-38.636416547801126],[-73.096964212853194,-38.636805403486726],[-73.096758568908712,-38.637198541859938],[-73.096626046954711,-38.637484671675715],[-73.096551951759679,-38.63773580632715],[-73.096448551115003,-38.637977455828171],[-73.09599840090037,-38.638450743124096],[-73.095981190858041,-38.638406111735613],[-73.095723021069887,-38.637707593933527],[-73.094690771166242,-38.634914548264035],[-73.087081792956482,-38.636384614258851],[-73.08554789727917,-38.636728988784412],[-73.085064686619816,-38.635382386607844],[-73.085004975430337,-38.635208252862256],[-73.084948779279387,-38.635044372362273],[-73.084850273287046,-38.634757102532618],[-73.083689995121787,-38.631088685940355],[-73.07611974553167,-38.632702313500722],[-73.075772293463118,-38.632945894646532],[-73.075546280322044,-38.632999225051712],[-73.075545252560829,-38.632999467651175],[-73.075538535725016,-38.633001052058475],[-73.07524974815135,-38.626465446238683],[-73.075543584322887,-38.626139319060421],[-73.075786435082975,-38.625869776367431],[-73.077975173159814,-38.623305238829793],[-73.07800891587479,-38.622577009838636],[-73.0780312751194,-38.622094456378726],[-73.077969309666074,-38.621488756860309],[-73.078362857075831,-38.62061874137094],[-73.07839384931404,-38.618957367122789],[-73.077357453035731,-38.618138178141223],[-73.07694267006103,-38.6178921719697],[-73.076009129889599,-38.617399976014923],[-73.074991561378809,-38.616668282672883],[-73.074568748787669,-38.615830697681041],[-73.074409087062833,-38.615065460671779],[-73.074048508757826,-38.614532409559743],[-73.073556658467695,-38.614060258578562],[-73.0728307559488,-38.613611276748408],[-73.07177365105845,-38.61351755045407],[-73.070411717895468,-38.61338446168476],[-73.069581867051284,-38.612974105440429],[-73.066470407054311,-38.611333175179425],[-73.066995388726767,-38.611233083032822],[-73.067098727034121,-38.611213380053094],[-73.065311182556925,-38.606585745794476],[-73.064590136124991,-38.604584317275361],[-73.063728538327226,-38.60219261402063],[-73.063686879165445,-38.601969924880741],[-73.06396569283504,-38.601917950620845],[-73.064423624745061,-38.601832585306148],[-73.065144450081448,-38.601708710240032],[-73.06632616729118,-38.601510054896352],[-73.067106603024385,-38.601338326003606],[-73.06771465250587,-38.60121409710306],[-73.068840728003309,-38.600987032094352],[-73.070064260719661,-38.600750882545448],[-73.071246603958272,-38.600527774420833],[-73.072470284054177,-38.600285498908995],[-73.073605234250635,-38.600089050001323],[-73.074456187918514,-38.599959513278414],[-73.074591165119031,-38.599938965393775],[-73.075215990443922,-38.599840912806648],[-73.07593601908944,-38.59971699641514],[-73.076068444634586,-38.599660221823612],[-73.076279659597503,-38.599446197897599],[-73.076385617714735,-38.599338829764683],[-73.076147820488188,-38.599168087312414],[-73.076160214670935,-38.599140826094761],[-73.076439331331656,-38.598927840972706],[-73.076444042097464,-38.598924246512063],[-73.076779401539213,-38.598678263099139],[-73.077150057588781,-38.598406386795737],[-73.077336619793371,-38.598549183289421],[-73.077473980871773,-38.598654319303058],[-73.077843245374225,-38.59836895210227],[-73.078644606997727,-38.597774831147589],[-73.079033256015478,-38.597491304859673],[-73.079360272648458,-38.597258642659327],[-73.079518481292951,-38.597085768097571],[-73.079598382146088,-38.596932969907911],[-73.079687845821056,-38.596713191504975],[-73.079851702202532,-38.596328318129075],[-73.080028356462279,-38.595900930477669],[-73.080111457703921,-38.595700882857457],[-73.080223082091621,-38.595305996660919],[-73.080320938052054,-38.594916987448705],[-73.080369219736312,-38.594710265194912],[-73.08046543431395,-38.594528743383769],[-73.08049917028309,-38.594430117163974],[-73.080537117199384,-38.594319353019891],[-73.080718799424417,-38.594140758744231],[-73.081001828201849,-38.593879904915461],[-73.081067501330196,-38.59384199216403],[-73.081201561086814,-38.593772137490639],[-73.081718374479792,-38.593568612518169],[-73.081385443598649,-38.593270558029339],[-73.081862132127171,-38.592657427475885],[-73.082257605291318,-38.591834902007868],[-73.082876137931152,-38.591462868958985],[-73.083110143254501,-38.59132211772306],[-73.083233748812575,-38.59126683561275],[-73.083497606530429,-38.591148824982987],[-73.084326766825228,-38.590115197506279],[-73.089473347677185,-38.589761965666035],[-73.091570247560057,-38.59082204593728],[-73.091151052464454,-38.590172561939191],[-73.090707872735621,-38.589485902661664],[-73.090707626394291,-38.588580401621151],[-73.090379070118303,-38.58801080474241],[-73.093682783918226,-38.587284096714981],[-73.095388871118757,-38.586908770914789]]]},"properties":{"OBJECTID":7,"NOMBRE":"Los Chilcos","LUGAR":"Los Chilcos","Shape_Length":21956.383249615472,"Shape_Area":15179013.264147855}},{"type":"Feature","id":8,"geometry":{"type":"Polygon","coordinates":[[[-73.034353388533802,-38.617927999565708],[-73.040970876352759,-38.616485183873579],[-73.048282341364754,-38.614890552461226],[-73.066470407054311,-38.611333175179425],[-73.069581867051284,-38.612974105440429],[-73.070411717895468,-38.61338446168476],[-73.07177365105845,-38.61351755045407],[-73.0728307559488,-38.613611276748408],[-73.073556658467695,-38.614060258578562],[-73.074048508757826,-38.614532409559743],[-73.074409087062833,-38.615065460671779],[-73.074568748787669,-38.615830697681041],[-73.074991561378809,-38.616668282672883],[-73.076009129889599,-38.617399976014923],[-73.07694267006103,-38.6178921719697],[-73.077357453035731,-38.618138178141223],[-73.07839384931404,-38.618957367122789],[-73.078362857075831,-38.62061874137094],[-73.077969309666074,-38.621488756860309],[-73.0780312751194,-38.622094456378726],[-73.07800891587479,-38.622577009838636],[-73.077975173159814,-38.623305238829793],[-73.075786435082975,-38.625869776367431],[-73.075543584322887,-38.626139319060421],[-73.07524974815135,-38.626465446238683],[-73.075534454189807,-38.632908698159213],[-73.075538535725016,-38.633001052058475],[-73.065949103231304,-38.635229440889482],[-73.057668648604619,-38.637152898116398],[-73.057009771769046,-38.637262132864038],[-73.055832808295492,-38.637591938515271],[-73.053134764345273,-38.638189136135082],[-73.050796066022613,-38.638706735179724],[-73.048181147908267,-38.639307272717836],[-73.043035458628466,-38.640488819066263],[-73.039396546712368,-38.630396466858492],[-73.036311135940949,-38.623567667440923],[-73.034353388533802,-38.617927999565708]]]},"properties":{"OBJECTID":8,"NOMBRE":"Buenos Aires","LUGAR":"Buenos Aires","Shape_Length":11513.809084983712,"Shape_Area":8458322.5700287819}},{"type":"Feature","id":9,"geometry":{"type":"Polygon","coordinates":[[[-73.065808761797285,-38.665928404823553],[-73.065765073572592,-38.665563505994605],[-73.065752017053612,-38.665530722501316],[-73.065826690343343,-38.66516598487199],[-73.065871896536493,-38.665022158977834],[-73.066265830919662,-38.664738964005011],[-73.066362062078085,-38.664675071699271],[-73.06645829421511,-38.664611179328205],[-73.066975410982693,-38.664267838409991],[-73.067182136586609,-38.664157151890443],[-73.067217244153042,-38.664073114156011],[-73.067294378390045,-38.663888472333461],[-73.067363446892685,-38.663769129534778],[-73.067416459750248,-38.663677527608577],[-73.067470131719276,-38.66358478767976],[-73.06750550636221,-38.66352366407034],[-73.067918691477217,-38.663187226133154],[-73.068441684598014,-38.662921879772632],[-73.068586678004436,-38.662879162567265],[-73.068760045951038,-38.662828085103179],[-73.06893341366046,-38.662777007375169],[-73.069391377865855,-38.662600766760065],[-73.069843218991394,-38.662309820978152],[-73.070209083112516,-38.662094904545278],[-73.070467952101126,-38.661803912454616],[-73.070609112594155,-38.661666748174532],[-73.07201837518268,-38.660477256127493],[-73.072153351757493,-38.660398457804156],[-73.072159868781938,-38.660394652782557],[-73.072153291813962,-38.660371467813356],[-73.072140208138805,-38.660325349531014],[-73.072127125458877,-38.660279237570983],[-73.072115526910835,-38.659987997260394],[-73.072041151217292,-38.659632016768747],[-73.071927954790894,-38.658954973741999],[-73.071883380423515,-38.658440252766574],[-73.071898669144332,-38.657870201619801],[-73.071824178428727,-38.657382616932402],[-73.07178169739116,-38.657266050736425],[-73.071739215407888,-38.657149481805398],[-73.071466518732706,-38.656569938972247],[-73.071041192387398,-38.655967852300812],[-73.070753380642159,-38.655408085762168],[-73.070511489227997,-38.655040757549621],[-73.070273899585928,-38.654785075526213],[-73.070123339870847,-38.654685319703795],[-73.069972780576009,-38.654585563696649],[-73.069957377839401,-38.654576778989792],[-73.069830216289546,-38.654504253828577],[-73.069713412299336,-38.654424701713062],[-73.06949320477122,-38.654274724597798],[-73.070780128824808,-38.653820206214739],[-73.072524274805943,-38.653188729840359],[-73.073264249902721,-38.652994445586124],[-73.074317443604912,-38.652724531677627],[-73.074624326575943,-38.652664712799748],[-73.075924896075918,-38.652338900315314],[-73.081244570719306,-38.651011005638679],[-73.082550326423373,-38.650683043964357],[-73.084297600610228,-38.650260791273638],[-73.084978590630882,-38.650086137484998],[-73.086425975141779,-38.649735137364431],[-73.086496438474683,-38.649718048947904],[-73.089134314198219,-38.649078287659215],[-73.089712766164283,-38.648969511387556],[-73.09316922377306,-38.648172976531683],[-73.094383422433594,-38.647895800726204],[-73.094908527282627,-38.647775925405554],[-73.095327403596428,-38.647681103986798],[-73.095795861175816,-38.647575056287096],[-73.095939995644613,-38.647576760689589],[-73.096020719406511,-38.647931867704841],[-73.0961502499907,-38.648217758065435],[-73.096469415674761,-38.648587906268965],[-73.09674525514923,-38.648826718067916],[-73.096992216058879,-38.649046952089726],[-73.097399114047562,-38.649414020930223],[-73.097790863166665,-38.649780841054628],[-73.0979934191393,-38.650103953196542],[-73.098006996952805,-38.650324983576894],[-73.098034272101501,-38.650622812266057],[-73.097989164391052,-38.65094189604072],[-73.09784188210962,-38.651272921437865],[-73.097694512773501,-38.651549891257524],[-73.097620118073053,-38.651836966930425],[-73.097574936859345,-38.652133617799876],[-73.097515359742644,-38.652430033527367],[-73.097527721263717,-38.652858158930322],[-73.097627277519578,-38.653328423502458],[-73.097830652094544,-38.65362452218929],[-73.098048606180839,-38.653799327322282],[-73.098469975963752,-38.654053925379692],[-73.098804364237282,-38.654226027804292],[-73.099036120536596,-38.65461727034166],[-73.099020238299204,-38.65489187460112],[-73.098756391207459,-38.65514443043476],[-73.098288521041567,-38.65542961277616],[-73.098010886882747,-38.6555512222427],[-73.097704007654301,-38.655667940903555],[-73.097352893823356,-38.655801866882783],[-73.09708977435163,-38.655919206699913],[-73.096884949940275,-38.656168213246602],[-73.096722734877389,-38.656489984808672],[-73.09653600626028,-38.656842798418943],[-73.096440077889227,-38.657237719477621],[-73.096322236942498,-38.657672825007666],[-73.096243752426787,-38.658221181582967],[-73.096229678179895,-38.658752659769284],[-73.096286351909598,-38.659217632287287],[-73.096343254882044,-38.65948432174995],[-73.096575900645661,-38.659677386741542],[-73.097011539745779,-38.66001330318521],[-73.091448894531581,-38.661068487773406],[-73.076084587296421,-38.663953783019693],[-73.07366197332118,-38.664434120270414],[-73.073489948142964,-38.664468225639432],[-73.073488283160884,-38.664468555933553],[-73.07331525029322,-38.664502860698619],[-73.07312698345153,-38.664538620796975],[-73.06680958588727,-38.665738371599858],[-73.066028137329681,-38.665886750995135],[-73.065808761797285,-38.665928404823553]]]},"properties":{"OBJECTID":9,"NOMBRE":"Fdo. San Alberto","LUGAR":"Fdo. San Alberto","Shape_Length":8455.0080859643604,"Shape_Area":3156582.6278970251}},{"type":"Feature","id":10,"geometry":{"type":"Polygon","coordinates":[[[-73.073489948142964,-38.664468225639432],[-73.07366197332118,-38.664434120270414],[-73.076084587296421,-38.663953783019693],[-73.091448894531581,-38.661068487773406],[-73.097011539745779,-38.66001330318521],[-73.097593035967392,-38.660459788071208],[-73.097971253408872,-38.660659723078744],[-73.09826184191526,-38.660808592244251],[-73.098626604248096,-38.66092263091182],[-73.098931734037691,-38.661062816004915],[-73.099145234489811,-38.66143565325531],[-73.0991504874398,-38.661917896530113],[-73.099151793204129,-38.662219716728814],[-73.099293111917916,-38.662609488317713],[-73.099616776882684,-38.662862584275445],[-73.09997281353165,-38.662980981495153],[-73.10022031447582,-38.66312914570797],[-73.100464536631662,-38.663534101218019],[-73.100542511142564,-38.663954372767328],[-73.10056475576819,-38.664256623160284],[-73.100893693097888,-38.664500703088819],[-73.101369100098495,-38.664778781137471],[-73.102040344944442,-38.665037423705435],[-73.102022166295569,-38.665370549097048],[-73.101520513091018,-38.665655285176257],[-73.100746186719817,-38.665872438286435],[-73.099958175552871,-38.666008373182095],[-73.099067543426287,-38.666165066742664],[-73.098279537241567,-38.666246847294509],[-73.09777255456892,-38.666628326349745],[-73.097396351942649,-38.666898869486971],[-73.096863356451109,-38.667292443459104],[-73.096115199237346,-38.667833501509271],[-73.094433456045365,-38.669066273034495],[-73.091545648726978,-38.665979747012557],[-73.075327678341282,-38.667301554200691],[-73.074827727747589,-38.666464054710531],[-73.073489948142964,-38.664468225639432]]]},"properties":{"OBJECTID":10,"NOMBRE":"Rucarraqui","LUGAR":"Rucarraqui","Shape_Length":5912.5992768638089,"Shape_Area":1225082.4668042092}},{"type":"Feature","id":11,"geometry":{"type":"Polygon","coordinates":[[[-72.935795526539735,-38.674895290978242],[-72.936015004491054,-38.674842003785159],[-72.938778722681263,-38.674170959528297],[-72.941365221493356,-38.673542872935201],[-72.94252959150721,-38.673265008830654],[-72.945283735066937,-38.672587327042834],[-72.945373544508655,-38.672565227372836],[-72.945633451708034,-38.672501270991297],[-72.946974245086665,-38.672186243364798],[-72.950042586973012,-38.671462732917291],[-72.952148997906676,-38.670965986851677],[-72.955720882264927,-38.670127416680515],[-72.956789649679607,-38.669905776579895],[-72.95684414497245,-38.669894475402039],[-72.955689373507738,-38.67360872825094],[-72.955460281879979,-38.67430268626709],[-72.954858956182548,-38.6759602317873],[-72.954273930598546,-38.677675499433981],[-72.953791675853054,-38.679018670811764],[-72.949751870345779,-38.679950571643452],[-72.948194661242752,-38.680309743342811],[-72.948143715876299,-38.680321839745652],[-72.946620512729936,-38.680694995748894],[-72.945878367698413,-38.68088458153597],[-72.944103226061202,-38.68133802902048],[-72.943166206973672,-38.681589613051074],[-72.94194094679807,-38.681889862610667],[-72.941712560794116,-38.681902829373506],[-72.941483486197725,-38.681915834022917],[-72.939415708708481,-38.682320165956824],[-72.938894674247038,-38.682527280324315],[-72.93830639062304,-38.681246408997524],[-72.935793646984706,-38.675075243853499],[-72.935795526539735,-38.674895290978242]]]},"properties":{"OBJECTID":11,"NOMBRE":"Carritahue","LUGAR":"Carritahue","Shape_Length":5207.1485217426234,"Shape_Area":1471192.1353432925}},{"type":"Feature","id":12,"geometry":{"type":"Polygon","coordinates":[[[-72.83987231427912,-38.829832594172174],[-72.83985844299265,-38.829797657156526],[-72.839769843355626,-38.829574500479922],[-72.838253549146643,-38.825755223343137],[-72.836761616672447,-38.821706528651887],[-72.833009171291209,-38.811791176508542],[-72.832913420449984,-38.81143180442978],[-72.832809902906291,-38.811254625936144],[-72.832998524203759,-38.811192018739682],[-72.833315416695797,-38.811086835340546],[-72.833411576047197,-38.811054917376296],[-72.834219937401784,-38.810601384325707],[-72.835373952864558,-38.810379462381562],[-72.8364578365385,-38.810090017818752],[-72.838084814264704,-38.809343982807931],[-72.839191060109741,-38.809215456967848],[-72.846049620411407,-38.828107897892728],[-72.846175505829208,-38.828454569975598],[-72.846171026016208,-38.828455643359909],[-72.844802292561141,-38.828783594156874],[-72.843506977500667,-38.829093936120294],[-72.842755693897473,-38.829277721176403],[-72.840053527723541,-38.829938697303419],[-72.839926752678423,-38.829969706281176],[-72.83987231427912,-38.829832594172174]]]},"properties":{"OBJECTID":12,"NOMBRE":"Huacanilahue","LUGAR":"Huacanilahue","Shape_Length":5563.2874505259724,"Shape_Area":1285986.2087545926}},{"type":"Feature","id":13,"geometry":{"type":"Polygon","coordinates":[[[-72.831919469282752,-38.83160422908221],[-72.833272787063123,-38.831300363307449],[-72.8345182188731,-38.831027613381501],[-72.836334209427719,-38.830637031540846],[-72.83652925740472,-38.830595173621319],[-72.836861601273313,-38.830523850933744],[-72.837294822957375,-38.830430877227272],[-72.837774468564817,-38.830319548130902],[-72.83987231427912,-38.829832594172174],[-72.839925220829485,-38.829970080701393],[-72.840909779865072,-38.832650511240388],[-72.842282950670139,-38.836270949049783],[-72.842839374292453,-38.837644929719005],[-72.844292080924475,-38.841175746217509],[-72.84458607376871,-38.84187189073333],[-72.844160819928547,-38.841721002178886],[-72.84392783201362,-38.841716456742184],[-72.843577907007571,-38.842144782030722],[-72.843503612326487,-38.842235720510487],[-72.842601531355569,-38.842227786610238],[-72.84248256500733,-38.84229445168252],[-72.842468648017217,-38.842302250556649],[-72.842382937931191,-38.842368778601212],[-72.842125738242018,-38.842568416923505],[-72.841941472178405,-38.842711442673256],[-72.841277524480034,-38.843265155845025],[-72.841183004390956,-38.843343982123514],[-72.841134347833403,-38.843384559210669],[-72.841011398325506,-38.843487094464265],[-72.840943566438497,-38.843511520168612],[-72.840678050964897,-38.843607127077171],[-72.840647412475718,-38.843622015667648],[-72.840553015611988,-38.84366788791619],[-72.840534430238719,-38.843684202266978],[-72.840065482408974,-38.844095849223386],[-72.839326344267349,-38.844726427126929],[-72.839114584525248,-38.844898196524305],[-72.838965698264431,-38.845057630168888],[-72.838858830381866,-38.845148209532461],[-72.838765105697476,-38.845227648580433],[-72.838717166019663,-38.845268281139987],[-72.838695009508797,-38.845287060949431],[-72.838669226287109,-38.845308913678032],[-72.838639391651739,-38.845386008719871],[-72.838584599307993,-38.845527599973806],[-72.83844780977121,-38.845515259957793],[-72.83802618790682,-38.845477224156333],[-72.837546314151396,-38.845675555017522],[-72.837264140637203,-38.8457284073571],[-72.837150969603414,-38.845749605043707],[-72.836758362425556,-38.845823140399666],[-72.836140126551683,-38.845861216703909],[-72.835784436169263,-38.84586327287451],[-72.83554387989588,-38.845698133543237],[-72.835057619062169,-38.845534797353139],[-72.834746025663264,-38.84547124927532],[-72.834579289070149,-38.845437243827867],[-72.834280371468296,-38.84537627947126],[-72.834257183522979,-38.84528976940242],[-72.834221854611584,-38.845157965944495],[-72.834192287777185,-38.84504766140369],[-72.83417495824915,-38.844983008836792],[-72.834130715925312,-38.844817951805467],[-72.834115195642383,-38.844760051705379],[-72.833923031863719,-38.844454484329702],[-72.833909507572713,-38.844412186371414],[-72.833816209162492,-38.843928857830775],[-72.833790421367183,-38.843795267922957],[-72.833647596886593,-38.843055358266469],[-72.833351288081971,-38.842038781710109],[-72.83303507980095,-38.841302871702808],[-72.832978859164214,-38.840852109548528],[-72.832380719029828,-38.838859089039637],[-72.831934090300891,-38.837606370375418],[-72.83134882388147,-38.83580038039694],[-72.830817198231827,-38.834423920727922],[-72.830756619031803,-38.834236595492001],[-72.830686284450167,-38.834019099363218],[-72.830108987582022,-38.832233892407878],[-72.830077888288201,-38.832137721423337],[-72.830046910638799,-38.832054689594948],[-72.830308527327304,-38.831960508065528],[-72.831303507542927,-38.831714372631808],[-72.83167829173901,-38.831647355343861],[-72.831742881581334,-38.831633258085496],[-72.83174398636956,-38.831635608644788],[-72.831919469282752,-38.83160422908221]]]},"properties":{"OBJECTID":13,"NOMBRE":"Laurel Boroa","LUGAR":"Laurel Boroa","Shape_Length":4927.0371796370846,"Shape_Area":1395651.271078639}},{"type":"Feature","id":14,"geometry":{"type":"Polygon","coordinates":[[[-72.944102355262942,-38.739366516178343],[-72.940795588610726,-38.739314507118777],[-72.939472946549003,-38.739262454744747],[-72.934011262630023,-38.739274843734393],[-72.932617120737063,-38.739360182066825],[-72.93208707766361,-38.729758414913078],[-72.932082072643027,-38.729668871122925],[-72.932766303571285,-38.729726109524016],[-72.934004215156605,-38.729729983732732],[-72.934630287991098,-38.729682404704612],[-72.935169001472488,-38.729601837579672],[-72.935722026765617,-38.729571068562549],[-72.936158742170534,-38.729560764614781],[-72.936251915951246,-38.729579526407434],[-72.935753825092306,-38.727682338691345],[-72.937068352528939,-38.727682488377653],[-72.94044233859627,-38.72765065035923],[-72.946978230817422,-38.72776222921857],[-72.9484723145179,-38.731034555170588],[-72.947977498061363,-38.73111595453426],[-72.947764367455193,-38.731549762009919],[-72.947585282371492,-38.734117685541818],[-72.948394337042856,-38.734197205002538],[-72.948495548790248,-38.736421595796827],[-72.94718085529,-38.736421570305325],[-72.947079751924562,-38.737454346989693],[-72.945866067737541,-38.737533825344613],[-72.945244842059722,-38.739389133306183],[-72.944102355262942,-38.739366516178343]]]},"properties":{"OBJECTID":14,"NOMBRE":"Fdo. Gonzalez","LUGAR":"Fdo. Gonzalez","Shape_Length":5363.9127669828758,"Shape_Area":1624845.3123740749}},{"type":"Feature","id":15,"geometry":{"type":"Polygon","coordinates":[[[-72.964109328337798,-38.742339398944999],[-72.964190322058613,-38.741986229335538],[-72.964317121424003,-38.741433234980256],[-72.966100565449509,-38.741225921067425],[-72.967502123281449,-38.741317421579978],[-72.97134366265125,-38.74089797893815],[-72.972601457691098,-38.740665493537719],[-72.972796403069509,-38.740890713832954],[-72.972854550110043,-38.740957891343172],[-72.973259566661241,-38.741842811111859],[-72.975181803456351,-38.741507410229175],[-72.975682544267087,-38.743780669440866],[-72.975731361570553,-38.744002280147711],[-72.975731685930171,-38.744003749976656],[-72.975738707169512,-38.744035624689836],[-72.975745728414495,-38.744067499402604],[-72.975451169337759,-38.744054961686572],[-72.975225993891314,-38.744045376261724],[-72.975145778328809,-38.744041961607337],[-72.973749974238771,-38.74398253490115],[-72.971206800873659,-38.743862038735365],[-72.967649056534469,-38.743694661368991],[-72.966243064364662,-38.743628484752541],[-72.966185803476208,-38.743625788745938],[-72.966045709334608,-38.743619193744159],[-72.965722224182102,-38.743603965483921],[-72.965664844973261,-38.743601264459095],[-72.965537781861883,-38.743595282264756],[-72.965519908716061,-38.743604827675718],[-72.965490266500879,-38.743620660243977],[-72.965477896413802,-38.743606455147066],[-72.965456760803818,-38.743602163069873],[-72.965435626320911,-38.74359787190955],[-72.965379142737291,-38.743589642171713],[-72.965362007669228,-38.743585711675841],[-72.9653344109269,-38.743579382428472],[-72.965279218633214,-38.743566723033958],[-72.965255953131802,-38.743561386457806],[-72.965147654348826,-38.743553459035112],[-72.965011043200164,-38.743543458905734],[-72.964953990167857,-38.743539281884786],[-72.964175812910156,-38.743482314114182],[-72.964109328337798,-38.742339398944999]]]},"properties":{"OBJECTID":15,"NOMBRE":"La Cantera","LUGAR":"La Cantera","Shape_Length":2571.1369771075892,"Shape_Area":278011.71331168531}},{"type":"Feature","id":16,"geometry":{"type":"Polygon","coordinates":[[[-72.859987511490004,-38.739764433303407],[-72.862094357950284,-38.739835069575904],[-72.863164299551357,-38.739881215890996],[-72.863014038519296,-38.739540557696643],[-72.862998666736189,-38.739238400646343],[-72.863101633859955,-38.738893454942271],[-72.863284789727004,-38.738563398249902],[-72.863745612181646,-38.737504312479039],[-72.863901481068936,-38.737051960555704],[-72.863944021111195,-38.736665370616819],[-72.865582501372373,-38.732927036307906],[-72.866966650832737,-38.729043499633313],[-72.872533841091894,-38.731844309098619],[-72.872646567018094,-38.73270613819966],[-72.872847259437464,-38.733745955272667],[-72.872844602073926,-38.734538839872151],[-72.873103823989041,-38.735444593581427],[-72.87327571022665,-38.736461364715616],[-72.873404025267163,-38.737274649906659],[-72.873664163035002,-38.738031687723769],[-72.873923545546688,-38.738788801294326],[-72.873892704530491,-38.739441540250318],[-72.873260751340936,-38.740332246008926],[-72.87292442312463,-38.740812675739143],[-72.872205699452394,-38.741637475058859],[-72.871755554345711,-38.742206004568111],[-72.871863318945401,-38.74324773264081],[-72.871815771442357,-38.744679584908347],[-72.87109896787976,-38.74557206590277],[-72.871019188140352,-38.745993292368794],[-72.870700695075357,-38.746207297196982],[-72.870626565723157,-38.746597908079295],[-72.87020215302438,-38.747157800097057],[-72.86964139949626,-38.747960147481152],[-72.869487155020749,-38.747898689180971],[-72.868701197918739,-38.7477041845776],[-72.867843034866738,-38.74768852783648],[-72.866983816969423,-38.747587264923972],[-72.866358981892759,-38.747319023760681],[-72.865660782388673,-38.746905302817474],[-72.865007637309162,-38.746285203692551],[-72.864937204990341,-38.745608187653254],[-72.864748472450771,-38.745051975317985],[-72.864678003254539,-38.744751964503983],[-72.864213588900853,-38.744166750713362],[-72.863749596863386,-38.743523077148602],[-72.863489150507661,-38.742995730098741],[-72.863375273549934,-38.742137657734538],[-72.863071667759741,-38.741514931301232],[-72.862489340207929,-38.74141410421678],[-72.861573640055113,-38.741091059624388],[-72.860659256030956,-38.740263374859538],[-72.859987511490004,-38.739764433303407]]]},"properties":{"OBJECTID":16,"NOMBRE":"Los Robles","LUGAR":"Los Robles","Shape_Length":5387.9274056351887,"Shape_Area":1370581.9259352551}},{"type":"Feature","id":17,"geometry":{"type":"Polygon","coordinates":[[[-72.817754671010434,-38.739114048569668],[-72.820102105399783,-38.737822904644695],[-72.820590190023623,-38.737554435018026],[-72.821122047839296,-38.737286420933557],[-72.821388224640373,-38.737524435462589],[-72.821651005176363,-38.737759409965776],[-72.821812073863583,-38.737825292106308],[-72.822245644319224,-38.738064202141508],[-72.822301852580779,-38.738137722546547],[-72.822399782959323,-38.738280680137493],[-72.822469691575634,-38.738429878608606],[-72.822501808325001,-38.738498422263483],[-72.822545224029653,-38.73876463077881],[-72.822593628836316,-38.739061422316617],[-72.822594226233988,-38.739065085338034],[-72.822353880315575,-38.739316969313769],[-72.822150572332959,-38.739785853302976],[-72.822033795056171,-38.740150587406653],[-72.822098960781616,-38.740722129123704],[-72.822495099080314,-38.741138136113932],[-72.822692909180702,-38.741450002701384],[-72.823287357315408,-38.74191816877817],[-72.82388154051344,-38.742542173266742],[-72.823881054682872,-38.742801878052248],[-72.824078481489821,-38.743373540010268],[-72.824011755407099,-38.743737050036394],[-72.81743485187063,-38.747625404223335],[-72.814484765785664,-38.740521585265185],[-72.815907916022752,-38.739940304013935],[-72.817754671010434,-38.739114048569668]]]},"properties":{"OBJECTID":17,"NOMBRE":"El Roble","LUGAR":"El Roble","Shape_Length":3061.5061528632828,"Shape_Area":535678.99057711661}},{"type":"Feature","id":18,"geometry":{"type":"MultiPolygon","coordinates":[[[[-72.809453963800621,-38.742510317607831],[-72.810614192860854,-38.742315049027951],[-72.811392600732802,-38.742202702737877],[-72.81300882490649,-38.741196810658607],[-72.814484765785664,-38.740521585265185],[-72.81743485187063,-38.747625404223335],[-72.824011755407099,-38.743737050036394],[-72.823745348401488,-38.74482769955214],[-72.828336990213444,-38.7524611607111],[-72.828572872449882,-38.752853261899176],[-72.828571569757599,-38.752853342208006],[-72.828562522431298,-38.752853898490393],[-72.828212343450289,-38.752875417267525],[-72.828010399541682,-38.752887826900611],[-72.82645272957032,-38.752983533255069],[-72.82504616271676,-38.752997699641298],[-72.824207017663142,-38.753006142951264],[-72.823318888822769,-38.753027675091047],[-72.823060213445544,-38.753033945492838],[-72.82210523893221,-38.753045190020096],[-72.821485584715475,-38.753052480834107],[-72.819857263445741,-38.753069937163012],[-72.819756465004616,-38.753071017008992],[-72.817042528505425,-38.753150964417166],[-72.816767642414931,-38.753159060626047],[-72.815332637484858,-38.753146147617429],[-72.815222724268722,-38.753145158241843],[-72.813823996482526,-38.753174207392938],[-72.813214330813821,-38.753186863536961],[-72.809843800233367,-38.753237783968522],[-72.807997260253856,-38.753265639074719],[-72.807863437998833,-38.753265639442418],[-72.806785094262878,-38.75326563885001],[-72.805292035259484,-38.753312850128111],[-72.804146848219247,-38.753349048701622],[-72.804024521729787,-38.753345838613939],[-72.803953996830174,-38.753118669138985],[-72.801424982699558,-38.744971518193708],[-72.794871708710971,-38.74496315189014],[-72.794107406346299,-38.744473709448911],[-72.793964962041883,-38.743985104994458],[-72.793726799652333,-38.743496404949454],[-72.795492299992318,-38.743386043301633],[-72.798176304153344,-38.74301370552049],[-72.799228075280823,-38.742987217657621],[-72.801716271175493,-38.742830285444981],[-72.802720335840149,-38.743056996040856],[-72.803640698309025,-38.742876204109784],[-72.80492156491988,-38.74257128528285],[-72.806595173945936,-38.7428738689539],[-72.808460385952955,-38.742988772482548],[-72.809453963800621,-38.742510317607831]]],[[[-72.822039869662774,-38.728310352205511],[-72.822707423605294,-38.728048945847767],[-72.824503900216868,-38.727345436411909],[-72.825760368874825,-38.726858646291973],[-72.826443852287966,-38.726599585182264],[-72.827115309101515,-38.726335529005539],[-72.827896404197475,-38.726068738552648],[-72.829167196549335,-38.725571377608581],[-72.829295611612793,-38.725521117273843],[-72.830260172204717,-38.725184935537548],[-72.83113185740487,-38.724881112762624],[-72.831702416315679,-38.72461134304757],[-72.833353251443768,-38.723880989221904],[-72.833595239082726,-38.723778668352679],[-72.834077135754768,-38.723632423321696],[-72.834271438497964,-38.723573456348802],[-72.834187545482379,-38.723683893294236],[-72.834103653352685,-38.723794330191311],[-72.834151527514408,-38.723947954075058],[-72.83447787717779,-38.724995163850409],[-72.834622593176491,-38.725250173665884],[-72.834723419099049,-38.725432212339271],[-72.835202213125143,-38.725981684283475],[-72.835941856935989,-38.726581027058721],[-72.837220385250475,-38.727330061935675],[-72.837947148305787,-38.727618359986259],[-72.839038103633882,-38.727895282473966],[-72.839442763398125,-38.728351777776489],[-72.839604994481562,-38.728534789027307],[-72.839846975451877,-38.728807761544772],[-72.839805796695899,-38.728817218997669],[-72.8390693309657,-38.728986360860361],[-72.837998642601647,-38.729284129035335],[-72.835951029589268,-38.729931034467619],[-72.834885817817167,-38.730227001929777],[-72.833832271486671,-38.730507790616528],[-72.832704276731306,-38.730720076173903],[-72.832095714435425,-38.730828474123726],[-72.831418785090676,-38.730925559913985],[-72.831151320762203,-38.731001316245077],[-72.83073874933018,-38.731178065011122],[-72.830510446437316,-38.731363218034531],[-72.829969143828905,-38.731804443584728],[-72.829343726676697,-38.732373806302732],[-72.828628876470574,-38.732982948623032],[-72.828214464099048,-38.733389430585738],[-72.828179541430586,-38.733423684916772],[-72.828150149533613,-38.733452513281733],[-72.827952119963982,-38.733688063606515],[-72.827846745612035,-38.733805719967563],[-72.827721700117579,-38.733912426988219],[-72.827469741894035,-38.734067845925054],[-72.827133610149545,-38.734241019116098],[-72.82679111652233,-38.734414072999897],[-72.826402875605467,-38.734624527433049],[-72.825432198251491,-38.735118942625526],[-72.823108093271301,-38.736216997711466],[-72.822199942795166,-38.736664785585603],[-72.821122047839296,-38.737286420933557],[-72.820590190023623,-38.737554435018026],[-72.820102105399783,-38.737822904644695],[-72.817754671010434,-38.739114048569668],[-72.817980827859998,-38.738649741203737],[-72.817746592022175,-38.738055221728793],[-72.817807353660939,-38.737380540188639],[-72.817955298701264,-38.736842703795439],[-72.81802954518146,-38.736317004677119],[-72.817918506387144,-38.735128333220644],[-72.817717494134882,-38.734193733299385],[-72.817471338184987,-38.733941403041612],[-72.817064455231034,-38.733609407175017],[-72.816457347529791,-38.732507767532297],[-72.816053801253474,-38.731867379700489],[-72.815626230934228,-38.731100423715702],[-72.815470971245759,-38.730717002162457],[-72.815247161191465,-38.73047904835213],[-72.815023094786355,-38.730302436210259],[-72.814838398887218,-38.730041610406388],[-72.814634034816237,-38.729803747861574],[-72.814419824192939,-38.729596420648321],[-72.814361707084629,-38.729443090483784],[-72.814196365833794,-38.729182264366187],[-72.814206581175171,-38.729021383937628],[-72.814373452422444,-38.728584801514032],[-72.814393497964247,-38.728347262031768],[-72.814384691177167,-38.727964056066249],[-72.814288045763334,-38.727550019976775],[-72.814171714382354,-38.727227952638586],[-72.8140144126358,-38.726928428533796],[-72.814004557392437,-38.726872280951561],[-72.813944640763808,-38.726530937747128],[-72.816555154128977,-38.727115853177303],[-72.817061663578144,-38.727251600483697],[-72.817747808129042,-38.727421081409332],[-72.818433957246597,-38.727590558415898],[-72.819852443356652,-38.727983483529435],[-72.821921223403464,-38.728362304754341],[-72.822039869662774,-38.728310352205511]]]]},"properties":{"OBJECTID":18,"NOMBRE":"Fdo. La Esperanza","LUGAR":"Fdo. La Esperanza","Shape_Length":14939.209399404197,"Shape_Area":3868234.2900514733}},{"type":"Feature","id":19,"geometry":{"type":"Polygon","coordinates":[[[-72.837983092885352,-38.90494398702976],[-72.838521726708137,-38.906217285483905],[-72.842433062384004,-38.905609897895552],[-72.845041233092246,-38.904988591091879],[-72.8468025376486,-38.909955122196202],[-72.847243335312385,-38.910969930417586],[-72.847037789028931,-38.911556811638157],[-72.84700263950792,-38.912090534623474],[-72.847068877336056,-38.912998080054734],[-72.841994019875628,-38.914186942497487],[-72.826523803910888,-38.917982282961745],[-72.822224886934222,-38.908244205109575],[-72.837983092885352,-38.90494398702976]]]},"properties":{"OBJECTID":19,"NOMBRE":"San Luis","LUGAR":"San Luis","Shape_Length":6074.8888732227297,"Shape_Area":2064987.238533871}},{"type":"Feature","id":20,"geometry":{"type":"Polygon","coordinates":[[[-73.019196507352902,-38.806463192049542],[-73.019584754310983,-38.806374108714422],[-73.021638887140654,-38.805902761357423],[-73.023133215832473,-38.805469343335893],[-73.023690901327939,-38.805523734428185],[-73.024136919466571,-38.805451013183514],[-73.028146049713115,-38.804337010751858],[-73.030009233535537,-38.804057472076209],[-73.032405691532617,-38.803462575576674],[-73.033442436162986,-38.802217381920265],[-73.033877703023379,-38.801242855547514],[-73.03468918719247,-38.800947425491714],[-73.034849085005277,-38.801710987103867],[-73.035790129541496,-38.801714564364282],[-73.035971709607409,-38.80218003200671],[-73.039512856046912,-38.81089583170499],[-73.039652416149963,-38.811239285917274],[-73.038902998258052,-38.8114371776363],[-73.037171093971565,-38.811847499527765],[-73.037120498664009,-38.811859485577926],[-73.034860928836977,-38.812422551966279],[-73.031929376737722,-38.813094676948964],[-73.02857988543785,-38.813919780214356],[-73.027807542975907,-38.814099961590706],[-73.027998281536085,-38.814638234190305],[-73.02812127375114,-38.814985319744963],[-73.028898581185572,-38.817178813395508],[-73.029299300246251,-38.818114185740292],[-73.029630611045079,-38.818840611103298],[-73.029913243711491,-38.819605734345103],[-73.030501937329134,-38.821125963969337],[-73.030671604930163,-38.821680905548632],[-73.030736113980609,-38.821891896127106],[-73.032503767007313,-38.821491049658789],[-73.034306802612008,-38.821032399111964],[-73.034635192087848,-38.820948860918655],[-73.035103255016011,-38.820829789057733],[-73.035185251381932,-38.820808929814127],[-73.036142273058218,-38.823290172129113],[-73.036204332511502,-38.823451065350845],[-73.036707533730095,-38.824755626691321],[-73.036807006826393,-38.825013506682453],[-73.036949865376513,-38.825383861210042],[-73.037322809838088,-38.826229577006551],[-73.038024163938005,-38.828168798271562],[-73.03810465061143,-38.828141951271242],[-73.038111168193041,-38.828163052486666],[-73.038236036576635,-38.828098125730037],[-73.038566271373213,-38.827987971027653],[-73.038884211293308,-38.82794373324159],[-73.039173253285327,-38.827799909365204],[-73.039387600052081,-38.827793645346887],[-73.039576149088148,-38.827835519778354],[-73.039790094076906,-38.827859860496417],[-73.039912657006496,-38.828010590709603],[-73.040020544456937,-38.828172007810728],[-73.040146895084419,-38.828104593549369],[-73.040184036200074,-38.827906997913672],[-73.040185990423595,-38.827834908085308],[-73.040188432967355,-38.827744846028125],[-73.040336774141537,-38.827562670016931],[-73.040368072228375,-38.82755071389515],[-73.0405288719803,-38.827489288066609],[-73.040548979124949,-38.827487795415927],[-73.040924840397508,-38.827459901175423],[-73.041359554791228,-38.827465449496451],[-73.041835287703876,-38.827260526830898],[-73.042011204331075,-38.827147602480665],[-73.042129123925008,-38.827071907297707],[-73.042328153651638,-38.826965666484519],[-73.04236348533675,-38.826946806023521],[-73.042367438880021,-38.826936832811576],[-73.042416287873266,-38.826813618689236],[-73.042478299697322,-38.826737907725061],[-73.042514592172054,-38.826693597876719],[-73.042516977741442,-38.82660743901787],[-73.042663677881194,-38.826526036385566],[-73.042757363070933,-38.826417929997099],[-73.042835795694344,-38.826264407332118],[-73.04295315059116,-38.826195407427754],[-73.043081752291428,-38.826016919272547],[-73.043084393820536,-38.826009296510207],[-73.043144438058164,-38.825836036159245],[-73.043222692563049,-38.825688962635347],[-73.043336394501239,-38.825452160002136],[-73.043385916973577,-38.825404581765177],[-73.043600901631663,-38.825198035396213],[-73.043705324223438,-38.82514519462223],[-73.043809750141747,-38.825092352907632],[-73.043827126561894,-38.825088590153257],[-73.044107486140803,-38.825027882434945],[-73.044224579727697,-38.825002527267202],[-73.044565744289912,-38.824892113060116],[-73.044579442120977,-38.824866819293263],[-73.044692690508342,-38.824657701416015],[-73.044742727908996,-38.824569231669052],[-73.044651599941886,-38.824514536781493],[-73.044593524402785,-38.824479679516536],[-73.044557687520395,-38.824462429868653],[-73.044478430823332,-38.824424279560468],[-73.044357460908969,-38.824366050006503],[-73.044564936448154,-38.824257540864423],[-73.044608472984038,-38.824234771368722],[-73.04470485549146,-38.824185519088658],[-73.044926314173551,-38.824072352512175],[-73.045061245713683,-38.823920469675521],[-73.045219952703036,-38.823890173113043],[-73.045345016877292,-38.823840654308427],[-73.045435871320791,-38.823835723425951],[-73.045567415136276,-38.823850827983762],[-73.045699663246893,-38.82384013811685],[-73.045737681080638,-38.823854293664802],[-73.045862946678682,-38.823900934091142],[-73.046050079254414,-38.823994386449975],[-73.046375236263643,-38.824167566644299],[-73.046761187120083,-38.824309407861882],[-73.047086483575029,-38.824576104776007],[-73.047334365172418,-38.824778488789157],[-73.047473458469028,-38.824902433603555],[-73.047593637600841,-38.825143197607197],[-73.047640201783949,-38.825421002003345],[-73.047661797356568,-38.825549838303083],[-73.047592287559937,-38.825773952162038],[-73.047360439059744,-38.826143997858082],[-73.047290431565315,-38.826386139489493],[-73.047243549851444,-38.826944002638065],[-73.047213324632651,-38.827169230825334],[-73.047163927730836,-38.827537311541228],[-73.046973126081994,-38.828142401995386],[-73.04671811775728,-38.82878231773141],[-73.046276302121129,-38.82929760208804],[-73.046174967791913,-38.829489975538493],[-73.046109317969581,-38.829614606799169],[-73.046541429191649,-38.829925232610776],[-73.046545735791796,-38.829928327670409],[-73.046641018756986,-38.829970179480782],[-73.046563128082241,-38.830036308370815],[-73.046300803165366,-38.830285651731742],[-73.045569455908222,-38.830980793100984],[-73.045933149801371,-38.831554514003237],[-73.046005790427486,-38.831979225062227],[-73.04572654720387,-38.832716747683932],[-73.045560520584502,-38.832738238806982],[-73.045355751891279,-38.832895366591764],[-73.045315378692081,-38.832672609396717],[-73.045364662880601,-38.831989923293065],[-73.045150154150349,-38.831725053748379],[-73.044876896510772,-38.831362519523637],[-73.044727142139465,-38.830974573341372],[-73.044560880160745,-38.830688037481593],[-73.044509009636826,-38.830661862948155],[-73.044431651608775,-38.830622827107668],[-73.044357667220595,-38.830585493929711],[-73.044121001071602,-38.83055443938035],[-73.043801311883996,-38.830661786798601],[-73.043607836195946,-38.830784659080912],[-73.043361692003828,-38.830989727938487],[-73.043332200456717,-38.831014297357818],[-73.043175565591895,-38.831126092378035],[-73.042992987584327,-38.831256404166282],[-73.0428322744919,-38.831391255771685],[-73.042807993867186,-38.831411628804567],[-73.042587637593812,-38.831596524805086],[-73.042312717666789,-38.831803713057035],[-73.042118459432857,-38.831958127086764],[-73.041618388379732,-38.832260555612216],[-73.041407331856959,-38.832479160295286],[-73.041275950386506,-38.832615240492188],[-73.041121709947831,-38.832754579118664],[-73.040839917871239,-38.83297881346639],[-73.04053172829002,-38.833183936258088],[-73.040300216677181,-38.833307454049013],[-73.040097796551521,-38.833415448917066],[-73.039921408209267,-38.833555879282329],[-73.039887188070921,-38.833583122933234],[-73.039803614908138,-38.833743875332459],[-73.039803524494545,-38.833744021586575],[-73.039704170364814,-38.833904366638549],[-73.03954154939818,-38.834059301909164],[-73.03934843616922,-38.834168737477285],[-73.039186063532583,-38.834314658719649],[-73.039006975357566,-38.834487362883969],[-73.038640955078975,-38.834553348153783],[-73.038566953195172,-38.834561094027322],[-73.038418558846359,-38.834576627728616],[-73.038211315617659,-38.834622705652549],[-73.037857847124528,-38.834801445530871],[-73.037651072346662,-38.834833998392412],[-73.037316853592458,-38.834891494405959],[-73.036831903452835,-38.835243717242953],[-73.036513539862995,-38.834801946888454],[-73.036196436402278,-38.834246084648264],[-73.036028534114379,-38.833952702918907],[-73.03584983292761,-38.833843100707789],[-73.035413254067478,-38.833575333265692],[-73.034955161614903,-38.833170020462155],[-73.034704472247483,-38.833043462009172],[-73.034613907914562,-38.832781964969094],[-73.034170740850371,-38.832545117721772],[-73.033812843041417,-38.832445062549603],[-73.033239438690202,-38.832284755977831],[-73.032928867053656,-38.832203062895942],[-73.033032469504676,-38.831990712926007],[-73.033139438973777,-38.831656078984814],[-73.033166555632022,-38.831381271201046],[-73.032687504217222,-38.830318018629043],[-73.031809388035128,-38.830257344243137],[-73.031093483073803,-38.830098300823998],[-73.030915524341381,-38.83005876548674],[-73.030353451014761,-38.829881069155789],[-73.030194836359854,-38.82976491498161],[-73.030153024129959,-38.829734295823947],[-73.0300691468792,-38.829672871188372],[-73.029943458849772,-38.829580828186948],[-73.029923773429147,-38.829566412724098],[-73.029797702999872,-38.829474089198101],[-73.029745861811108,-38.829440189378204],[-73.02963539152671,-38.829367951014866],[-73.029509639057736,-38.829285718867098],[-73.029350049333601,-38.829344804359359],[-73.029153312509138,-38.829417642518251],[-73.0289971950601,-38.829475441760231],[-73.028956575294401,-38.829490480334236],[-73.028503747231497,-38.829605176007171],[-73.027932615603319,-38.829764950023502],[-73.027657367893795,-38.829868081996338],[-73.027631040938388,-38.82987794621345],[-73.027385080192929,-38.829973789846555],[-73.027282273467421,-38.830013851834806],[-73.027139119930567,-38.83006963386277],[-73.026982892939898,-38.830153523736314],[-73.026603303010859,-38.830357350028372],[-73.026151956547125,-38.830575947664272],[-73.025792394578104,-38.830750089624622],[-73.024959596977823,-38.831039229405974],[-73.024825171788095,-38.831052539387123],[-73.024368327017669,-38.831097773032923],[-73.024305835907214,-38.831103960196778],[-73.023830663019766,-38.831104955642807],[-73.023547265671567,-38.831041522069746],[-73.023232728540862,-38.830959620860142],[-73.023218433877233,-38.830964408521133],[-73.023002154259387,-38.831036854008381],[-73.022960485993394,-38.830875524490075],[-73.022918614907454,-38.830713413017037],[-73.02270014196003,-38.830559525799501],[-73.022619706221846,-38.830545520328862],[-73.022509052982045,-38.83052625279003],[-73.022319559491464,-38.830230055116218],[-73.022229302333756,-38.830088972509024],[-73.022185206966157,-38.829965589709886],[-73.022123229571591,-38.829792168079663],[-73.022086738146967,-38.829690061582902],[-73.021800163895975,-38.829551658837794],[-73.02140641823307,-38.829311382046122],[-73.020741342789506,-38.828944818335749],[-73.02067676117025,-38.828909222675719],[-73.019974817321554,-38.828464781259171],[-73.019916862764518,-38.828343916225592],[-73.019902211596374,-38.828313362017667],[-73.019718929632177,-38.827721516035865],[-73.019654275373284,-38.827552066381628],[-73.019555507120629,-38.827293204019504],[-73.01939208649344,-38.8268648908956],[-73.019303654930894,-38.826633117873378],[-73.019155469150306,-38.826668804263576],[-73.019007282077624,-38.826704490442047],[-73.018895262671649,-38.826731466876232],[-73.018455683259901,-38.826837323483126],[-73.018167812433362,-38.82690664592014],[-73.018125556344884,-38.82691682154254],[-73.01307651203166,-38.828132544154364],[-73.012297155270801,-38.828268700613116],[-73.012258091319566,-38.828312682479769],[-73.012237144909349,-38.828279183694569],[-73.012187439610216,-38.828199690788416],[-73.012134176664276,-38.82805848688848],[-73.011806583010255,-38.827190007783408],[-73.011627100976455,-38.826714181569493],[-73.011518867232027,-38.826427239804261],[-73.01144748684483,-38.826441657480352],[-73.011353912304003,-38.826182307401048],[-73.011325871710198,-38.826104590484462],[-73.011194498292411,-38.825787662226858],[-73.011119939790049,-38.825619510732331],[-73.011210461083593,-38.825609609083315],[-73.010521377826464,-38.823782741007648],[-73.009702953535424,-38.821612851101165],[-73.009023615964523,-38.819811693548715],[-73.008645657624996,-38.8188095756284],[-73.008743585381112,-38.818503751696269],[-73.008967003574696,-38.818437085528231],[-73.009123872559385,-38.818444492994274],[-73.009404335379699,-38.818551900197505],[-73.009708564951453,-38.818533381491591],[-73.010262586579202,-38.818404591474177],[-73.011158411613494,-38.818196345072138],[-73.012665300211665,-38.817822268537256],[-73.012754620837455,-38.817800919881087],[-73.013851255686703,-38.817538801599007],[-73.013858452348913,-38.817537081348064],[-73.01603559934469,-38.817022259174628],[-73.016505681527804,-38.816914980088249],[-73.017373988915637,-38.816716819936914],[-73.017642313608604,-38.816655584788904],[-73.018483699958878,-38.8164185413913],[-73.01874804493724,-38.816333357494187],[-73.01925378272783,-38.816170386369855],[-73.020565775019534,-38.815866672769062],[-73.022804717305789,-38.815355542174856],[-73.022490980066976,-38.814403644066026],[-73.022135908529478,-38.813549791855216],[-73.022077418176011,-38.813409137912764],[-73.021756550664946,-38.812597966152559],[-73.021432826345759,-38.811834218623638],[-73.021243161879312,-38.811386747043841],[-73.021109300202568,-38.811072453134202],[-73.020701252000165,-38.810114389990261],[-73.020187863546411,-38.808858678641919],[-73.020172523380793,-38.808817533521392],[-73.019938704347695,-38.808190419760521],[-73.01957464996056,-38.807213996141527],[-73.019533101137256,-38.807131502516974],[-73.019385577712029,-38.806838593783574],[-73.019196507352902,-38.806463192049542]]]},"properties":{"OBJECTID":20,"NOMBRE":"Fdo. San José","LUGAR":"Fdo. San José","Shape_Length":15808.515545045959,"Shape_Area":5264095.7188058943}},{"type":"Feature","id":21,"geometry":{"type":"Polygon","coordinates":[[[-73.046641018756986,-38.829970179480782],[-73.046805735757076,-38.830042530719972],[-73.047500681880564,-38.830347777840466],[-73.047516076112927,-38.830354539900043],[-73.048290739619574,-38.830751283153923],[-73.04873445571522,-38.830978527097059],[-73.048939394958879,-38.831068075373885],[-73.049039692140894,-38.831111901222734],[-73.049144334702291,-38.831157624203584],[-73.050299793424202,-38.831662492213916],[-73.051292780929984,-38.831841240392052],[-73.0514920467146,-38.831896910113748],[-73.052108212740322,-38.832069046967575],[-73.052593979423833,-38.832204751786264],[-73.052690668052136,-38.832245695863797],[-73.052852779424995,-38.832320150503627],[-73.053043273376659,-38.832407640563055],[-73.054085796790233,-38.832974432292502],[-73.054689751819197,-38.833321566612987],[-73.055025953935157,-38.833461227599699],[-73.055378860404758,-38.833607826357131],[-73.055569596065126,-38.833583994398566],[-73.056098436127826,-38.833381001818047],[-73.056821105358537,-38.832996569403356],[-73.057116645669879,-38.832813029623409],[-73.058142232624064,-38.8321760920266],[-73.058624575239222,-38.831939803797511],[-73.059239573546222,-38.831638524245875],[-73.059458694424137,-38.831531178820576],[-73.060348247659434,-38.830874729961586],[-73.061039466233154,-38.830480740637626],[-73.061377320531079,-38.830277039348083],[-73.061955798555701,-38.829928255422601],[-73.062340695845833,-38.829764040226173],[-73.062372471320202,-38.829750483131747],[-73.062389139021619,-38.829739984018488],[-73.062622941264905,-38.829592701863312],[-73.062807420686426,-38.829476490139648],[-73.062888153332722,-38.829425632365805],[-73.06305885449224,-38.829302969024639],[-73.063292601772545,-38.82913500095507],[-73.063340380059742,-38.829093585381784],[-73.063378912168318,-38.82906018538273],[-73.064021874619939,-38.828502838889356],[-73.064085406081631,-38.828423275045125],[-73.064165393399904,-38.828323103889595],[-73.064300600624122,-38.828153775936414],[-73.064435475714177,-38.827984863102401],[-73.064661524914968,-38.827717554340431],[-73.065019243270214,-38.827338259129462],[-73.065552817279737,-38.828011225106295],[-73.065750352657801,-38.828401959977988],[-73.065998765849443,-38.828716872960399],[-73.066308408016255,-38.829113966895235],[-73.066442621891497,-38.829503652069711],[-73.066309740358264,-38.829812340646328],[-73.066090345987661,-38.830042932252596],[-73.065885081116861,-38.830260335384146],[-73.06560678910229,-38.830431394844751],[-73.065297958548882,-38.830688340459304],[-73.065064863983437,-38.830877443953199],[-73.064801040162422,-38.831152430495287],[-73.064742520201222,-38.831426225357276],[-73.06474193969531,-38.83163350428098],[-73.06485933809104,-38.831739049886984],[-73.065180931788333,-38.831933559656441],[-73.065443806516782,-38.832118178113483],[-73.06572478909581,-38.832288984564933],[-73.06574733494341,-38.832411686470373],[-73.065870908203465,-38.832505624193786],[-73.065964868664693,-38.83257705056937],[-73.066036366860743,-38.832631402091309],[-73.065781980823175,-38.832600233942685],[-73.065754260069525,-38.832759764465919],[-73.065746530959288,-38.832804242060675],[-73.065731350843024,-38.832891604291],[-73.065725779096226,-38.832923668700388],[-73.065598057898541,-38.833078291743853],[-73.065566872799764,-38.833116045484793],[-73.06554673462557,-38.833140425006015],[-73.065512866037125,-38.833181427618648],[-73.065321274017492,-38.833236822789715],[-73.064968234054348,-38.833406715112545],[-73.064665401107646,-38.833451218381164],[-73.064406320485119,-38.833658716260054],[-73.064286148406381,-38.833799706603472],[-73.064195249481415,-38.833906352881108],[-73.064145825833549,-38.833964338822163],[-73.064103359580159,-38.834020564994567],[-73.064002426058906,-38.834154203319422],[-73.0640493330731,-38.834407298502676],[-73.064232937078799,-38.834717929279563],[-73.064576663385225,-38.83507206466323],[-73.064703553489679,-38.835372600040657],[-73.064626857508529,-38.835487418451457],[-73.064577061632036,-38.835635523233186],[-73.064574292485659,-38.835643758889873],[-73.064563218311179,-38.835641235317397],[-73.064275767540124,-38.835575730002439],[-73.06405375451186,-38.835585628385239],[-73.0639248116358,-38.835669094898712],[-73.06387400242636,-38.835767307633816],[-73.063758422181351,-38.835963680836343],[-73.06375411047874,-38.835973526300755],[-73.063623305835449,-38.836272214345954],[-73.063494735658836,-38.836342250081849],[-73.063398207377418,-38.836394690646159],[-73.063094055350192,-38.836555146460263],[-73.062865658041034,-38.836174073804429],[-73.062822896737771,-38.835975113618723],[-73.062819939786195,-38.835935507569474],[-73.062811281653111,-38.835819508730253],[-73.062799666629303,-38.835663902937355],[-73.062785790655326,-38.835583472081908],[-73.062774522878755,-38.835518166268628],[-73.062759128732552,-38.83542893579753],[-73.062738957594561,-38.835320231872579],[-73.062731453294731,-38.835279788089842],[-73.062701533050017,-38.835216265062698],[-73.062686540360289,-38.835204035068607],[-73.062639494112048,-38.835165657335637],[-73.062608213523362,-38.835151618110537],[-73.062576934074315,-38.835137579797085],[-73.062497099218476,-38.835136309280308],[-73.062494773206907,-38.835136268885378],[-73.062410427568935,-38.835134807231505],[-73.062402144892744,-38.835134663492873],[-73.062354547656327,-38.835160905220363],[-73.062353586277681,-38.835162625591586],[-73.062237356984923,-38.835370749714215],[-73.062136729096082,-38.835576324942664],[-73.062018299208844,-38.835876171622971],[-73.061916684804217,-38.836117801089841],[-73.061745090629927,-38.836535456759364],[-73.061504887545254,-38.836647044460634],[-73.061294764210757,-38.836805825254849],[-73.06075036072788,-38.837017487802065],[-73.060397291353695,-38.837187367239153],[-73.060126662153891,-38.83723244929628],[-73.059824196141278,-38.837290434602913],[-73.059599827342751,-38.837385863382664],[-73.059498445167236,-38.837618387546478],[-73.059404786556669,-38.838148525903371],[-73.059257581862738,-38.83832177145144],[-73.058937262686214,-38.838451605590933],[-73.058761676574889,-38.838498239031729],[-73.058549557810238,-38.838728943847677],[-73.058065071352956,-38.839067819528701],[-73.057785727989582,-38.839162188998749],[-73.057569404352179,-38.839235268211461],[-73.057584466608105,-38.839270101924349],[-73.057643978767928,-38.839407729625904],[-73.057681979664324,-38.839755258347232],[-73.057608876661078,-38.840114487122875],[-73.057425309087606,-38.840458288575817],[-73.057123364809414,-38.841075005761056],[-73.056830230591814,-38.8413675074125],[-73.056682683934397,-38.841422464078462],[-73.0565790393957,-38.841461068262888],[-73.056475394723421,-38.841499673252798],[-73.056413430418999,-38.841522753044323],[-73.056332254744845,-38.841595725750501],[-73.056251080080116,-38.841668697513619],[-73.056167116894116,-38.841865493529788],[-73.056127146580977,-38.842171250371749],[-73.056124731664312,-38.842259042562908],[-73.056122316737174,-38.842346834752632],[-73.055990256774791,-38.842542873164966],[-73.055899513270461,-38.842635437231898],[-73.05585992751277,-38.842675816393168],[-73.055793526004919,-38.842787355359981],[-73.055456783491891,-38.842827202306495],[-73.055428952615202,-38.842567414449583],[-73.055348905549508,-38.842415602709963],[-73.05531278676014,-38.8423471017894],[-73.055141131684252,-38.842241878378907],[-73.054969474839723,-38.842136653788231],[-73.054770547559812,-38.841751178446451],[-73.054678135410228,-38.84161997717846],[-73.054585723593192,-38.84148877584326],[-73.054506993115623,-38.841386525098883],[-73.054383456428383,-38.84122608140845],[-73.053919257021676,-38.840729102842026],[-73.05378895627608,-38.840771690744653],[-73.053416597103535,-38.840976580656601],[-73.053161128291364,-38.841117150691595],[-73.051679370327193,-38.841554816508975],[-73.051206742311734,-38.841546929586613],[-73.050747580595086,-38.841517808896128],[-73.050487957746824,-38.841313216755665],[-73.050484704728206,-38.841306441528872],[-73.050384121709797,-38.84109692019144],[-73.050286694320022,-38.840980860386196],[-73.050146296101417,-38.840763954018954],[-73.050073447852071,-38.840489683093345],[-73.050077106170718,-38.840283608746574],[-73.049938521784682,-38.840225418669796],[-73.049732810526379,-38.84019492191667],[-73.04931494399969,-38.840063468561617],[-73.049079628818234,-38.839973712474212],[-73.04894564232562,-38.839857040748413],[-73.048861265991121,-38.839598155578713],[-73.048828341076899,-38.83949799728137],[-73.048802163259523,-38.839418365857995],[-73.048836811436246,-38.839154317849868],[-73.048851731249954,-38.839010243595055],[-73.048860997220729,-38.838920760367223],[-73.048885183941877,-38.838687203786527],[-73.048898917430563,-38.838554580934058],[-73.048918639933774,-38.838506839558676],[-73.048984154461536,-38.838348249558983],[-73.048961739770675,-38.838275400149755],[-73.048922121778318,-38.838146641595785],[-73.048915822689622,-38.838126168154666],[-73.048769601076998,-38.837802388622727],[-73.048618802707395,-38.837427023102286],[-73.048595867171557,-38.83737047839184],[-73.04856109434445,-38.837284746435024],[-73.048528203974541,-38.83720365659034],[-73.048490290290005,-38.837110183478103],[-73.048401660449628,-38.836672425520582],[-73.048269672460009,-38.836334029441069],[-73.048205108162378,-38.83616849457372],[-73.04812015117686,-38.835931054844522],[-73.048103361611467,-38.83592100864162],[-73.047751264729413,-38.835710326146504],[-73.047303794978319,-38.835221072769066],[-73.04715891610914,-38.835056820829301],[-73.046981183193907,-38.834855320442365],[-73.046865484414269,-38.834740739891984],[-73.046749787154482,-38.834626159253695],[-73.046572891683184,-38.834522987444863],[-73.046360115711281,-38.83439888744401],[-73.046252354831722,-38.834284435490325],[-73.04614459542087,-38.834169984363882],[-73.046169113747638,-38.833850537753598],[-73.04614396407581,-38.833611338234277],[-73.046038249322038,-38.833424911233053],[-73.045976565177256,-38.833365277590438],[-73.045834375622164,-38.833349408621956],[-73.045421211449607,-38.833107968059146],[-73.04539784353473,-38.833094312593126],[-73.045355751891279,-38.832895366591764],[-73.045560520584502,-38.832738238806982],[-73.04572654720387,-38.832716747683932],[-73.046005790427486,-38.831979225062227],[-73.045933149801371,-38.831554514003237],[-73.045569455908222,-38.830980793100984],[-73.046300803165366,-38.830285651731742],[-73.046563128082241,-38.830036308370815],[-73.046641018756986,-38.829970179480782]]]},"properties":{"OBJECTID":21,"NOMBRE":"Pte. San José","LUGAR":"Pte. San José","Shape_Length":6781.3719265445952,"Shape_Area":1384292.3528879327}},{"type":"Feature","id":22,"geometry":{"type":"MultiPolygon","coordinates":[[[[-73.090219904925334,-38.841295578231211],[-73.090566557049684,-38.841271247576977],[-73.090976156250875,-38.841308844432405],[-73.091543306651346,-38.841309556934519],[-73.091873931507436,-38.841433514278407],[-73.092188782521433,-38.841532709754986],[-73.092440206985529,-38.841804914681319],[-73.092707457284888,-38.842089359765367],[-73.092581096056151,-38.842228281625864],[-73.092376000861606,-38.84247654383497],[-73.092237008664753,-38.84267570695642],[-73.092212472986631,-38.843309696519398],[-73.091927815824391,-38.84316108696779],[-73.090573867787214,-38.842564922357774],[-73.090087565643231,-38.84308965237792],[-73.089880106858587,-38.84285392533792],[-73.089662979569013,-38.842851904230066],[-73.089480888254045,-38.842605601365314],[-73.089399910389602,-38.8425251802608],[-73.089057993361408,-38.842311935089946],[-73.088797515828858,-38.842249763244318],[-73.088779471413858,-38.84224134582071],[-73.088641280513443,-38.842129654732211],[-73.088643413738396,-38.842129158930504],[-73.088588875143444,-38.842117293183662],[-73.088414128848854,-38.842079274464162],[-73.088343192852335,-38.842034569837928],[-73.088675186396927,-38.842057571405967],[-73.088973895077032,-38.842078315303702],[-73.089430207164725,-38.842110016116607],[-73.089609974090806,-38.8420276447794],[-73.089809199331341,-38.84173983438788],[-73.089873027519076,-38.841381612736946],[-73.089967780483107,-38.841319921407326],[-73.090219904925334,-38.841295578231211]]],[[[-73.086950681929423,-38.840893789625227],[-73.087182107729319,-38.840712903003244],[-73.087574354468558,-38.84089454632899],[-73.088405958721353,-38.840931855345431],[-73.088868065833509,-38.84087807031591],[-73.089329637581898,-38.841114173857569],[-73.089826122561746,-38.841245625433949],[-73.089730622965007,-38.841665578146213],[-73.089398798781076,-38.842048243278718],[-73.088989770980035,-38.842017586509321],[-73.088642087335558,-38.841991536652472],[-73.088143363805273,-38.84195427449685],[-73.087756553882215,-38.841771550715407],[-73.087460156797263,-38.841568775905593],[-73.08745530347332,-38.841568321576723],[-73.087202209028035,-38.841813707864596],[-73.087218308210353,-38.841498799815788],[-73.087157518319017,-38.841364997958749],[-73.086950681929423,-38.840893789625227]]],[[[-73.091574868791312,-38.82527555936025],[-73.091408196566277,-38.824980558651042],[-73.091382880591354,-38.824935751747951],[-73.09059042858496,-38.822756686522794],[-73.090478122309804,-38.822550224330733],[-73.090477366300334,-38.82254791157623],[-73.090475777618281,-38.822543051440462],[-73.096391686478398,-38.820974190299957],[-73.096829280737552,-38.821536258092841],[-73.097105814062132,-38.821844537097796],[-73.097679066766858,-38.823765433416263],[-73.097931824823348,-38.824417906674149],[-73.098161893430373,-38.824816685313522],[-73.098299417774768,-38.825306025511878],[-73.098529833492762,-38.825559858076119],[-73.098829926774172,-38.825668885062278],[-73.099107075709668,-38.825669251671457],[-73.099407639287946,-38.82554279666752],[-73.0995923738746,-38.825543010584383],[-73.100157925417648,-38.825867156477258],[-73.100113323479576,-38.826190744222764],[-73.100230039767865,-38.826566594522497],[-73.100492952307548,-38.826913291163351],[-73.101199227799611,-38.827579169241403],[-73.101313095191074,-38.827908756993025],[-73.101312630352382,-38.828201532086595],[-73.101376975941363,-38.828611123052212],[-73.101264573629521,-38.829338009651707],[-73.101138656291255,-38.830233769196646],[-73.101137589630895,-38.830745716040653],[-73.101364560962338,-38.831462624810555],[-73.101714890082519,-38.832492068046143],[-73.101674538538006,-38.83307049122056],[-73.101386417280906,-38.833510476824607],[-73.101111588921171,-38.833832663080933],[-73.099189357699501,-38.835222962097731],[-73.099024233492116,-38.835655754573168],[-73.098998523686944,-38.835965054476588],[-73.099062626720368,-38.836533374611292],[-73.099113821837378,-38.836994191551597],[-73.099159030715256,-38.837219514264092],[-73.099250054637196,-38.837429546644543],[-73.099242331742289,-38.837987509388235],[-73.099230978440687,-38.838096419680717],[-73.0991841782931,-38.838377179535094],[-73.099808117804116,-38.838309949039875],[-73.100431884658093,-38.838256316500306],[-73.101403671659142,-38.837532867912437],[-73.101957722741645,-38.837696553320683],[-73.102205095006255,-38.840957574986874],[-73.102226002767921,-38.842026344618411],[-73.101062029822558,-38.841436000560016],[-73.100306125385245,-38.840380861250445],[-73.098920468535454,-38.839404830968498],[-73.098670268263476,-38.839764077501982],[-73.098460912154124,-38.840116331427701],[-73.097839106938395,-38.840873293387105],[-73.097642496790129,-38.841221158875733],[-73.097021069766683,-38.841752815827924],[-73.096132729883877,-38.841943733094183],[-73.095257686735664,-38.842034864303187],[-73.094513256747533,-38.842115868773369],[-73.093984050399783,-38.841942642825991],[-73.09357431439858,-38.841966943959072],[-73.093101506159627,-38.842015708956019],[-73.092739043264615,-38.842030779246784],[-73.092550729260466,-38.841743209435187],[-73.092283528307235,-38.84144633297781],[-73.091905687092293,-38.841322326097611],[-73.09155934231957,-38.841210723960437],[-73.091023682665934,-38.84119773411976],[-73.090995099705225,-38.8401380273014],[-73.090054520917178,-38.837202214099904],[-73.088403908261157,-38.835403379283797],[-73.088173291367525,-38.835040157637494],[-73.089470584698645,-38.834946168161224],[-73.090055528656848,-38.834901234754092],[-73.090441585108877,-38.834585037007933],[-73.09060374957447,-38.834367876688106],[-73.091112459357063,-38.834114851885438],[-73.091472813368057,-38.833818404150428],[-73.091772055197666,-38.83357222841201],[-73.092200592506032,-38.833002134187765],[-73.091785381554772,-38.832738962513396],[-73.091185474681708,-38.832466465875846],[-73.090492931057,-38.832248214071697],[-73.089753960534608,-38.832174869382236],[-73.089778529136908,-38.831504664809032],[-73.089647657370506,-38.83029965868851],[-73.089612999316415,-38.829980545765686],[-73.089647063154032,-38.829972898909496],[-73.089840795588643,-38.829929411355792],[-73.090228216942435,-38.829842443574982],[-73.090421780686924,-38.82979899193699],[-73.091269472800661,-38.829608696582163],[-73.091354493040981,-38.829589609716699],[-73.091406866401528,-38.829573565516192],[-73.09148437817538,-38.829549820835695],[-73.09153784089257,-38.829533443868762],[-73.091814148448137,-38.829448800624895],[-73.091868516527114,-38.82943151471779],[-73.092176007846561,-38.829333746277108],[-73.092252195288296,-38.829334990909707],[-73.092503720848413,-38.829339099592197],[-73.092659851258958,-38.829283584877174],[-73.093066152885726,-38.82912570563736],[-73.093192452690317,-38.829005968807373],[-73.093234288598524,-38.828966306285409],[-73.093243371005613,-38.828957696330619],[-73.093216545216336,-38.828930697045024],[-73.093167268754968,-38.828881101262169],[-73.093079043290857,-38.828792306140684],[-73.093043752480057,-38.828756787883222],[-73.092990818068301,-38.828703510056151],[-73.092813602170338,-38.828313714075435],[-73.092718956262146,-38.828105534042237],[-73.092599323482318,-38.827842287857628],[-73.092466275240071,-38.827484151323304],[-73.091574868791312,-38.82527555936025]]]]},"properties":{"OBJECTID":22,"NOMBRE":"Molco Trahuahue","LUGAR":"Molco Trahuahue","Shape_Length":9353.80045782036,"Shape_Area":1841901.3711799672}},{"type":"Feature","id":23,"geometry":{"type":"Polygon","coordinates":[[[-73.005966778632313,-38.83818547143607],[-73.006258270665882,-38.838172222498891],[-73.006634433432751,-38.838155122845635],[-73.007122568719524,-38.838086520102927],[-73.008413201487798,-38.837905124883918],[-73.008440876694678,-38.837859791457973],[-73.008528128548818,-38.837741163248289],[-73.008991143642717,-38.837746770266229],[-73.009382145722384,-38.837681345793627],[-73.009814986272332,-38.837584593782402],[-73.010008255829632,-38.837569035106462],[-73.010061335283851,-38.837564762277601],[-73.010416273502528,-38.83769096100395],[-73.010661148376002,-38.838309008691631],[-73.01052044329731,-38.838396723954006],[-73.010371903306975,-38.838405790409212],[-73.010289614433248,-38.838410813602565],[-73.010212486224745,-38.83869786029765],[-73.010232759149162,-38.838749688677638],[-73.010349610259183,-38.839048420444904],[-73.009973866366451,-38.83946098460563],[-73.009834417819405,-38.83982772938004],[-73.0095442121969,-38.839950942708761],[-73.009260837669217,-38.840007521582841],[-73.009097755192329,-38.840175938427336],[-73.00920423429767,-38.840585948041003],[-73.0092767258393,-38.840961485368467],[-73.009419448669803,-38.841136524138676],[-73.009619283510446,-38.841351480253905],[-73.009628256873413,-38.841493090667129],[-73.009633509880601,-38.841576003185445],[-73.009564277011634,-38.841855173567723],[-73.009480119760482,-38.842302299777138],[-73.00933338916974,-38.842628697027493],[-73.009168654620325,-38.842772176355794],[-73.009145521603074,-38.843006022435794],[-73.009171692099997,-38.843204674629071],[-73.009494670561921,-38.843579616582744],[-73.009934612570135,-38.843916803473597],[-73.009975610136408,-38.843948225962528],[-73.010301149911029,-38.844064282108221],[-73.010405613070972,-38.84410152268665],[-73.010417822323546,-38.844105875521606],[-73.010611685308064,-38.844174987218373],[-73.010665811413531,-38.844194282552813],[-73.011108031527172,-38.84424237906012],[-73.011132315156559,-38.844235496045869],[-73.011241572906798,-38.844204525706274],[-73.01135551654977,-38.844172227641216],[-73.011463640648444,-38.844141578378185],[-73.011602999979047,-38.844102074763768],[-73.011920787363707,-38.844067009332576],[-73.012033504316165,-38.844078550684507],[-73.012147310467583,-38.844090203278334],[-73.012236763502898,-38.844099362476769],[-73.012404626985429,-38.844169103542434],[-73.01244933164493,-38.844187676328794],[-73.012643913175552,-38.844268516765254],[-73.012772768484311,-38.844357834401315],[-73.013063614833229,-38.844559435750746],[-73.01300204956631,-38.844762574358406],[-73.012959006469529,-38.844904595919623],[-73.013000366326125,-38.844988407459901],[-73.013009327372401,-38.845006567296437],[-73.013198901678805,-38.845390717200374],[-73.013351048546667,-38.845618620780755],[-73.013437139334087,-38.845695367668149],[-73.013452181523519,-38.845708777014551],[-73.013536523097414,-38.845783964098338],[-73.013864621500048,-38.845947189286626],[-73.014192237550645,-38.846164355306136],[-73.014321048246259,-38.846245440370758],[-73.014487052252775,-38.846284308664124],[-73.014531745887496,-38.846334630527885],[-73.014597015216069,-38.846426533968135],[-73.014621922338193,-38.846466985414395],[-73.014651683900894,-38.846523800342581],[-73.014656407312955,-38.846532816299415],[-73.014733474152507,-38.846606165050602],[-73.014829303610881,-38.846628419240119],[-73.014859439878862,-38.846635417315461],[-73.014954678653737,-38.846698940842259],[-73.015049916447353,-38.846762464275571],[-73.015062007979623,-38.846765482886717],[-73.015066542580897,-38.846768154076969],[-73.015074887906181,-38.846768698711912],[-73.01530168071659,-38.846825317188689],[-73.015483210588897,-38.84692752640052],[-73.015732908321169,-38.846974638987717],[-73.016072748729925,-38.847068208719847],[-73.016300348923991,-38.846963939722016],[-73.016321381376443,-38.846959257512033],[-73.016478923582795,-38.846924183801363],[-73.016701171206392,-38.847053652789903],[-73.016799702845105,-38.847240057354142],[-73.016698622581004,-38.847572182330303],[-73.016721344138091,-38.847779401807109],[-73.016902339719607,-38.847997837016841],[-73.016922037145875,-38.848021609492392],[-73.016935339537511,-38.848034559049097],[-73.016971105726796,-38.848069379099215],[-73.017007174853745,-38.848104494419253],[-73.017077903051529,-38.8481733495151],[-73.017201845135489,-38.848274529415875],[-73.017275675337856,-38.848358328608782],[-73.017311634702963,-38.848400892696759],[-73.017325880597511,-38.848417754340979],[-73.017333599430017,-38.848429913434956],[-73.01735914165468,-38.84847014622482],[-73.017382082939633,-38.848506283755263],[-73.017386603661265,-38.848513403971189],[-73.017416577488561,-38.84854222460033],[-73.017482006433497,-38.84860513629787],[-73.017482781371598,-38.848614699610742],[-73.017492220277092,-38.848731111544787],[-73.017215948321748,-38.849105916180058],[-73.016830660087606,-38.849242912429425],[-73.016740400938588,-38.849275005359388],[-73.016378779789946,-38.849251897543695],[-73.015787141623463,-38.849478337846499],[-73.015550512107993,-38.849568903281174],[-73.015464747100992,-38.849706285443546],[-73.015715759742108,-38.849663397314806],[-73.015862710519215,-38.849638289350757],[-73.01569467017525,-38.84971807278724],[-73.015467107328959,-38.849826116473416],[-73.015120879139488,-38.849834471273617],[-73.014924324275739,-38.849779497284061],[-73.014795624164506,-38.849743501110758],[-73.014397957843656,-38.849637059473508],[-73.014374214343434,-38.849836015849263],[-73.014294562847923,-38.849868253021668],[-73.014173774444998,-38.849917138265205],[-73.014091568665293,-38.849933699668661],[-73.014035967458568,-38.849944794587834],[-73.013953646902721,-38.849961047586774],[-73.013900314030408,-38.84997157822729],[-73.013891109044067,-38.849966301024018],[-73.013624965272072,-38.850025084375929],[-73.013588289090833,-38.85003318520652],[-73.013418832079353,-38.849944774285923],[-73.013343669827293,-38.849905558838827],[-73.013275952644193,-38.849870228273744],[-73.013105232320626,-38.849741117849824],[-73.012963738689507,-38.849702672777255],[-73.012708362958818,-38.849770443180823],[-73.012568619311068,-38.849795761740864],[-73.012389925073677,-38.849828136306158],[-73.012339457370956,-38.849814012932882],[-73.012012530216481,-38.849722524518356],[-73.011790669692388,-38.849581573963547],[-73.011746080286557,-38.849553246387558],[-73.011670058087773,-38.849504948040476],[-73.011293019588891,-38.849390407081501],[-73.011023794109846,-38.849385889667467],[-73.010816481834553,-38.849404816433989],[-73.010762274474644,-38.849493094280348],[-73.010734347536257,-38.849538574334396],[-73.010729033450275,-38.849727772915834],[-73.010696359018482,-38.849763205646887],[-73.010598768196701,-38.849711266542108],[-73.010477830974864,-38.84964690243811],[-73.01035452230073,-38.849523091195685],[-73.010163854869845,-38.849542435589072],[-73.010048698572703,-38.849666612590021],[-73.010012864582791,-38.849686078876417],[-73.009965732103979,-38.849711683302594],[-73.00992004219799,-38.849736503161303],[-73.00990791117313,-38.849735553036069],[-73.009698722040127,-38.849719169119254],[-73.009681698986469,-38.849701875376844],[-73.009664675940996,-38.849684581632125],[-73.009637528926859,-38.849657003812077],[-73.009602450907437,-38.849621367023111],[-73.009513781602379,-38.849531289325618],[-73.009372037246905,-38.849528869210502],[-73.009206742659572,-38.849526091535814],[-73.009150343011328,-38.849525144302362],[-73.009114876683526,-38.849516419375092],[-73.008992975650315,-38.849486430080447],[-73.008927333356283,-38.849429387549357],[-73.008760217059475,-38.849284164002611],[-73.008678164842394,-38.849129246020851],[-73.008661793846883,-38.849098336795549],[-73.008639832725066,-38.849056872031731],[-73.008616852901653,-38.849047512033827],[-73.008420450141273,-38.848967519518091],[-73.008356572514955,-38.848952994499896],[-73.00821473970295,-38.848920745191847],[-73.008199936206509,-38.848917378659905],[-73.00818513383814,-38.848914013046382],[-73.008147547897892,-38.848935683457853],[-73.008056250093404,-38.848988321802146],[-73.007846885830659,-38.849083946415846],[-73.007656844637935,-38.849080662330643],[-73.00743730519109,-38.849000317522162],[-73.007156010161154,-38.848860410036259],[-73.007126181232451,-38.848840207746619],[-73.007046829373905,-38.848786464960348],[-73.006876103812942,-38.848670836735522],[-73.006627992668911,-38.848477467980238],[-73.006412515144604,-38.848252991491613],[-73.006272455651768,-38.848187564025515],[-73.005971189994725,-38.848168826295904],[-73.005660018576037,-38.847965285236761],[-73.005589044965276,-38.847964073844345],[-73.005531460818361,-38.847963091124377],[-73.005486620039534,-38.847962326060006],[-73.005482860090467,-38.847962870035317],[-73.005310075632622,-38.847987877706018],[-73.005263911435833,-38.847994559582546],[-73.005025564790301,-38.84795861578035],[-73.004994946501199,-38.847953998297896],[-73.004907385607169,-38.847925604278615],[-73.004854270871775,-38.847908379729745],[-73.004778638196484,-38.84788385397372],[-73.004760169389016,-38.847877864515517],[-73.004457895410241,-38.847895268064661],[-73.004360597602854,-38.847936039670238],[-73.004282335136537,-38.847968834357914],[-73.004171127460253,-38.847982685505983],[-73.004041285474543,-38.847998858056947],[-73.003837171155112,-38.848024281269936],[-73.00356168829137,-38.848217803047568],[-73.003507623104397,-38.848236675376263],[-73.003401752340423,-38.848273631440804],[-73.003378439052398,-38.848281999013167],[-73.003241387581639,-38.848331187684423],[-73.003133126697278,-38.848370042569677],[-73.003184596878924,-38.848306521786213],[-73.003066665832208,-38.848227200041791],[-73.0028052177598,-38.848051347469223],[-73.001961455045574,-38.847597831660117],[-73.001628703250276,-38.84742197810494],[-73.001320828163458,-38.847300878631998],[-73.001311238961733,-38.8472971067171],[-73.000796877796205,-38.847094786030233],[-73.000684152385858,-38.847050445662205],[-73.000458850148419,-38.846961823011384],[-73.000452188817164,-38.846959203139861],[-73.000297559893554,-38.846758488115817],[-73.00023827680549,-38.846681535741176],[-73.000193445883284,-38.846611704907637],[-73.000155431414186,-38.846552491541509],[-72.999976828694429,-38.846274289509154],[-72.999988363583384,-38.846121583988399],[-72.999988713609582,-38.846116944215048],[-72.999816698206033,-38.84586507867548],[-72.99976248045985,-38.845785691718049],[-72.999691613244238,-38.845681927464071],[-72.999615689725204,-38.845534096714978],[-72.999430165670674,-38.845172862344882],[-72.99936187354443,-38.845012919733357],[-72.999328546583314,-38.844934868149629],[-72.999180512208682,-38.844588164388725],[-72.999107020210943,-38.844286687036551],[-72.99909741381569,-38.844247279360054],[-72.998868716553076,-38.843920595335639],[-72.99875404513277,-38.843744254155645],[-72.998455693897228,-38.843409099581606],[-72.998320201236851,-38.843256892273317],[-72.997935498542262,-38.842677602857862],[-72.997825812164365,-38.842512434463636],[-72.997865579526064,-38.84242481698162],[-72.997863855809427,-38.842412738697952],[-72.997759277616453,-38.842012872523426],[-72.997670572098528,-38.84161214762468],[-72.997835334613683,-38.840813262027055],[-72.997866936424387,-38.840695624152694],[-72.998042791885609,-38.840040983289832],[-72.998454219692746,-38.840057045059019],[-72.998836670734903,-38.839978014685087],[-73.000081995017737,-38.839679475108113],[-73.000910955855986,-38.839495431748972],[-73.000983890316178,-38.839478309028266],[-73.001574954058285,-38.839339539857527],[-73.00194815192549,-38.83925191879684],[-73.002010958881016,-38.839225864000639],[-73.002636558403438,-38.838966336930852],[-73.003085862190161,-38.838762260327663],[-73.003200920771931,-38.838638093680828],[-73.003380907128431,-38.838406878660095],[-73.003658389632179,-38.838141339873253],[-73.004168959506742,-38.838010437601788],[-73.004770888464236,-38.83801165168002],[-73.005015319001743,-38.838005580433155],[-73.005019311016241,-38.838000338789683],[-73.005316176253615,-38.838138636718568],[-73.005463774884063,-38.83820833340809],[-73.005966778632313,-38.83818547143607]]]},"properties":{"OBJECTID":23,"NOMBRE":"Pillumallin","LUGAR":"Pillumallin","Shape_Length":5679.6150161362521,"Shape_Area":1298913.7433367802}},{"type":"Feature","id":24,"geometry":{"type":"Polygon","coordinates":[[[-72.980907644469809,-38.835107814782248],[-72.980474412929468,-38.834770347481225],[-72.980254647077984,-38.834599158377728],[-72.980214931797903,-38.834568221698284],[-72.980104546614427,-38.834482236227245],[-72.980028106756706,-38.834422692319443],[-72.979997018562472,-38.834397639925427],[-72.97961454433846,-38.834089432983426],[-72.979588538100586,-38.834080381686604],[-72.979380876314195,-38.834008105768859],[-72.979213432820288,-38.833949826647512],[-72.979066575876772,-38.833898713639257],[-72.978944287856493,-38.833856151266289],[-72.978673332986205,-38.833567324530236],[-72.978636077247074,-38.833495555095141],[-72.978557374329498,-38.833343939688447],[-72.97843453885487,-38.833206659848322],[-72.978135134759867,-38.833151945070931],[-72.977677474227647,-38.833094433003957],[-72.977459339851436,-38.832964543618893],[-72.97734724374439,-38.832883123046997],[-72.977319606942714,-38.832863048511044],[-72.977221726825491,-38.832741952566266],[-72.977203298999385,-38.832705646698123],[-72.977133895402275,-38.832568916239879],[-72.977064493212652,-38.832432185764418],[-72.977049168628483,-38.832401994029254],[-72.976972516311534,-38.832250981652351],[-72.977048573781431,-38.831984366788539],[-72.976991530415646,-38.831702938723005],[-72.976938786734792,-38.831575114311377],[-72.976905965454264,-38.831495569486691],[-72.976560132631676,-38.831428219290764],[-72.976525678609448,-38.831421509611658],[-72.976364055771157,-38.831310419121316],[-72.976126376856811,-38.831014175476078],[-72.975765103260741,-38.830880865878754],[-72.975451879773559,-38.830578006893482],[-72.975283822440559,-38.830363379239088],[-72.975022434027707,-38.830084033973009],[-72.974993141393625,-38.829997952390187],[-72.975081590431458,-38.829895289835846],[-72.975107921303845,-38.829864727197894],[-72.975035010946527,-38.829638211773315],[-72.975009420927378,-38.829605529690774],[-72.974866958156909,-38.829423582698666],[-72.974797690249261,-38.829268753105545],[-72.974808349502496,-38.829261339490074],[-72.974871662291577,-38.829217301655412],[-72.974994157174791,-38.829132099751384],[-72.975339603807853,-38.829067065100681],[-72.976135020354079,-38.828917317151365],[-72.977114260777313,-38.828672908699367],[-72.978490558565397,-38.828326029230524],[-72.978730483180868,-38.828265559628861],[-72.979738244577049,-38.828058180567723],[-72.980850586569375,-38.82776192383772],[-72.980954316869628,-38.827744911716451],[-72.981392496288152,-38.82767304747258],[-72.981924899038219,-38.827598982298213],[-72.982649404526128,-38.827402213749195],[-72.98276153287307,-38.827371760081142],[-72.982808431353092,-38.827359023042177],[-72.982849157346976,-38.827610958604389],[-72.982988413155468,-38.827726060854474],[-72.983202042104452,-38.828013502997379],[-72.983307303333504,-38.828213604115355],[-72.983396305320809,-38.828426867001376],[-72.98363302082096,-38.828761303509339],[-72.983719194061422,-38.828883050758186],[-72.983925253998123,-38.829174173205999],[-72.984066855926528,-38.829510692522199],[-72.984430073893222,-38.830111623664791],[-72.984719354399971,-38.830746235411027],[-72.98480701583982,-38.831128650931156],[-72.984864789840586,-38.831380683506275],[-72.984891493108194,-38.831471689973966],[-72.984903513374988,-38.831486450122071],[-72.985251617242469,-38.831913876431919],[-72.985483367618244,-38.83219843648893],[-72.985744775636448,-38.832517178686352],[-72.985762733928425,-38.832539075604231],[-72.985835547243553,-38.83262785871672],[-72.986019861848817,-38.832829235313831],[-72.986189713497012,-38.832980782397186],[-72.986390358460682,-38.833118558906094],[-72.986485672545598,-38.833184007897685],[-72.986712800373425,-38.833322611730203],[-72.986854435911113,-38.83346445102098],[-72.986996312942892,-38.833687966504321],[-72.987051225209981,-38.83377447690593],[-72.987032555150421,-38.833972375167932],[-72.987015276387154,-38.834155522127524],[-72.985860420924226,-38.83581440650886],[-72.985541662206515,-38.836469784473614],[-72.985106114195517,-38.836406957584437],[-72.984899927808812,-38.83637721535132],[-72.983995055382053,-38.836188067685256],[-72.983939618057832,-38.83617647827824],[-72.983510776055113,-38.836086833638667],[-72.98348883162609,-38.836083257787706],[-72.982855882200298,-38.835951396037572],[-72.982691430550517,-38.835953308990263],[-72.982652903697414,-38.835920041044183],[-72.982227760250254,-38.835552918885725],[-72.982215578545407,-38.835545787494119],[-72.981704877347369,-38.835246810200815],[-72.981481816179297,-38.835132071579558],[-72.980907644469809,-38.835107814782248]]]},"properties":{"OBJECTID":24,"NOMBRE":"Follilco Chico","LUGAR":"Follilco Chico","Shape_Length":3232.3397402050186,"Shape_Area":591630.51245759451}},{"type":"Feature","id":25,"geometry":{"type":"Polygon","coordinates":[[[-72.982691430550517,-38.835953308990263],[-72.982725326185161,-38.835997960856488],[-72.982775033991814,-38.836063443114512],[-72.982846403888175,-38.836234536596208],[-72.982919733953224,-38.836471223606175],[-72.982966213984682,-38.83657930708906],[-72.983062116990453,-38.836691223979685],[-72.983132288492243,-38.836769916498476],[-72.983251631968116,-38.836861378112381],[-72.983403904360912,-38.837001088654915],[-72.983553210243542,-38.837110946757861],[-72.983642507859543,-38.837186989514052],[-72.983752722155131,-38.837331932825855],[-72.983919919352729,-38.83761792033895],[-72.984000760110376,-38.837723616925437],[-72.984191818394024,-38.837974256412942],[-72.984332837811479,-38.838107811111577],[-72.984469965663436,-38.838244278210887],[-72.984599644851954,-38.838374657106321],[-72.984792807897549,-38.838550831215926],[-72.984955335775254,-38.838732436729714],[-72.985126238025444,-38.838887366151639],[-72.985309657500451,-38.839003771961714],[-72.985432983602308,-38.839089339707201],[-72.985613145012962,-38.839167994705456],[-72.985753032758069,-38.839238497698652],[-72.985879115967478,-38.839307424366616],[-72.986004929486683,-38.839385882861507],[-72.986111387707297,-38.839502151151713],[-72.986191993626647,-38.839670422158832],[-72.986291150452288,-38.839829477320094],[-72.986385019951499,-38.839959832281181],[-72.986526966237022,-38.840114856824428],[-72.986638176868311,-38.840278886948695],[-72.98673625964912,-38.840476066061242],[-72.986802801634298,-38.840710845938069],[-72.986785643040477,-38.840886967514386],[-72.986758629888456,-38.841196422726668],[-72.986749478696424,-38.84147858702466],[-72.986728961949709,-38.841592848311649],[-72.986695103000002,-38.841820905293034],[-72.986690601447876,-38.841868727879074],[-72.986665351891006,-38.842523041521829],[-72.986631633432467,-38.842666357139372],[-72.98655159781211,-38.842802057702912],[-72.986447871119523,-38.842967148863529],[-72.986252399265808,-38.843142578452287],[-72.986116689377766,-38.843360758416139],[-72.985988595306807,-38.843579069569877],[-72.985931745756758,-38.843703249737125],[-72.9858642538304,-38.843934525910612],[-72.985693590096162,-38.844581223505017],[-72.985601228319624,-38.844883591372316],[-72.985479067153634,-38.845161604403991],[-72.985334914377873,-38.845516717333489],[-72.985130491399246,-38.845846951223194],[-72.984882198216283,-38.846219338701118],[-72.9845913764714,-38.846586224127279],[-72.984453001790186,-38.846736412160915],[-72.984302570846097,-38.846881623588317],[-72.984045849087067,-38.8471203593609],[-72.983906394562553,-38.847308671762896],[-72.983856198180291,-38.847385795362911],[-72.98382353644763,-38.847435977902649],[-72.983790571606235,-38.847558467197324],[-72.983782665017742,-38.847587847808555],[-72.983736458879761,-38.847871543109562],[-72.983655629817235,-38.847843850457316],[-72.983613215254579,-38.847826508228913],[-72.983425187415051,-38.847749628003605],[-72.983406134175652,-38.847741837425595],[-72.98327045639256,-38.848069201328876],[-72.983205819618121,-38.848225153994782],[-72.98319952270279,-38.848259132434507],[-72.983139269335013,-38.848584261459379],[-72.983132046520268,-38.848764289521569],[-72.983125009228857,-38.848939665114713],[-72.983084837117076,-38.849189955563382],[-72.983077478574089,-38.849283208514123],[-72.983070403256008,-38.849372879319795],[-72.983055969300537,-38.849555803067048],[-72.983055077436333,-38.84956710200499],[-72.983231964687988,-38.849798550140989],[-72.983231801188836,-38.849801197272001],[-72.982996475244931,-38.849757197289762],[-72.982464640132392,-38.849657756030524],[-72.98243520355382,-38.849759282801166],[-72.982398090182983,-38.849887284578401],[-72.982407597312374,-38.850027962243523],[-72.982341046538096,-38.850198256446085],[-72.982388582221617,-38.850435186956489],[-72.981998788535989,-38.850242681588043],[-72.982008295554351,-38.850079791252789],[-72.981913657537177,-38.849960732174296],[-72.98188335000998,-38.849922604376516],[-72.981791120278061,-38.849806573769115],[-72.981761108868852,-38.849768817781182],[-72.981485399834355,-38.849650351374486],[-72.981162155384197,-38.849554097459169],[-72.981025460247579,-38.849510939289807],[-72.980972104512247,-38.849494093498571],[-72.980810389482386,-38.849443035515385],[-72.980697995135927,-38.849385803109321],[-72.980601679526629,-38.849336757103636],[-72.980585602124123,-38.849328570619249],[-72.980316016143348,-38.849191292775892],[-72.979654915787435,-38.849110520279325],[-72.97955029747763,-38.849097738007835],[-72.978262462181405,-38.849272739541078],[-72.977768088683817,-38.849213505525668],[-72.977235655285781,-38.849049860020571],[-72.97643708234807,-38.848850699685968],[-72.976161374319744,-38.848784061138147],[-72.975923663250398,-38.848820328647925],[-72.975700225034089,-38.848933640401462],[-72.975514854067598,-38.849027646577795],[-72.975081536647593,-38.849316904583667],[-72.975208575733859,-38.849552308062066],[-72.975557965068404,-38.849724454907729],[-72.975329791458336,-38.849918813246333],[-72.975218576203162,-38.850017799964377],[-72.975130140904184,-38.850096511829982],[-72.97492336019026,-38.850290869119078],[-72.974334194432643,-38.851019110538004],[-72.974202861190065,-38.851160028389785],[-72.973613415970263,-38.851885615640271],[-72.973157070861632,-38.852463119162913],[-72.97228240975744,-38.853462632154603],[-72.971968672082454,-38.853825415095372],[-72.971597891213719,-38.854277040395395],[-72.971280021671134,-38.854652570439136],[-72.970820834381556,-38.855195047418938],[-72.970418999654314,-38.855654109494594],[-72.9702403758602,-38.85585467269793],[-72.970174769080188,-38.855928337035635],[-72.970010191467082,-38.856113126345136],[-72.96983347917292,-38.856412070240218],[-72.969734482284366,-38.856579543555007],[-72.969496803215478,-38.856883083392354],[-72.969287645082119,-38.857134798330627],[-72.968948339604751,-38.857445991429451],[-72.968859820984846,-38.857527175600467],[-72.968714039279149,-38.857719668549805],[-72.968641155894503,-38.857815905169808],[-72.968555591097683,-38.85790474433437],[-72.968345036302225,-38.857816766064261],[-72.96816579666087,-38.857741872124997],[-72.967909102803077,-38.857645628617469],[-72.967680929442679,-38.857608612343356],[-72.967395713977155,-38.857638225286301],[-72.967081976988979,-38.85772706515845],[-72.966971760691905,-38.857727065165477],[-72.966929862313378,-38.857727065399587],[-72.96681102217849,-38.857678943935092],[-72.966692182207794,-38.857630822353535],[-72.966509636071606,-38.857411980097119],[-72.966453448828062,-38.85734461943764],[-72.966406748426806,-38.857262644306218],[-72.966401527651186,-38.857253480839773],[-72.966349606577197,-38.857162343121608],[-72.966245344537441,-38.856979327759518],[-72.966216822917801,-38.856764628574979],[-72.966017172148838,-38.856520316255981],[-72.965570333821049,-38.85625379205522],[-72.965294625502139,-38.856061301664816],[-72.965104481187794,-38.855809582977699],[-72.965037930591691,-38.85548382757063],[-72.965050020713491,-38.855352023927395],[-72.965066453039228,-38.85517287804656],[-72.965120212264353,-38.855068217223909],[-72.965180538834517,-38.854950770700647],[-72.965237582355826,-38.8547730840288],[-72.965152017409295,-38.854647222776002],[-72.96514952826594,-38.854643103106589],[-72.96510173689984,-38.854564016980468],[-72.965075959497184,-38.854521361371923],[-72.965178283539146,-38.854335431930956],[-72.965190046171116,-38.854314058923407],[-72.965370682991903,-38.85407714123447],[-72.965361175750459,-38.853818011466963],[-72.96542127502066,-38.853642503458289],[-72.965202771226302,-38.853515935682744],[-72.963743292483528,-38.852670530679447],[-72.963348591229405,-38.852450442165107],[-72.960555976338767,-38.850893261614644],[-72.960404519348458,-38.850808803664464],[-72.96021763029934,-38.850704588506908],[-72.959383893006148,-38.850239660386329],[-72.957481227102249,-38.849208172153055],[-72.957358789701885,-38.849141795358662],[-72.956453430839289,-38.84865096910427],[-72.955201417537467,-38.847906943756861],[-72.955108222976676,-38.847851560308051],[-72.954830796120717,-38.847686691630173],[-72.954770047063093,-38.847650589844243],[-72.954837955187173,-38.847556146129158],[-72.954883797154082,-38.847492391688938],[-72.954921142940648,-38.847440452367735],[-72.95499283389141,-38.847421259939971],[-72.955000917599335,-38.847419095774022],[-72.955055178979762,-38.847404569045622],[-72.95511128653088,-38.847389547519313],[-72.955146054623114,-38.847389547335965],[-72.955208456285206,-38.847389547235565],[-72.955289545718443,-38.847389547292934],[-72.955449980127923,-38.847394175046652],[-72.955473205945339,-38.847376086187509],[-72.955509399911961,-38.84734789763025],[-72.955598529451407,-38.847343269975902],[-72.955678832968957,-38.847374540866433],[-72.955700190818291,-38.847382857448927],[-72.955705486113146,-38.847384919827242],[-72.955872822858154,-38.847377253378234],[-72.9559075131573,-38.847375663980685],[-72.955913820132508,-38.847372774848253],[-72.955995617040529,-38.847335301905574],[-72.956075040479277,-38.847371562372395],[-72.956242779421586,-38.847448142982181],[-72.956246207386897,-38.847449708616637],[-72.956394756701314,-38.847435825192576],[-72.956534847828181,-38.847368104419559],[-72.956567075223276,-38.847352525486407],[-72.956612793515035,-38.847367517825802],[-72.956679972066397,-38.847389547971758],[-72.956798812482674,-38.847375664008197],[-72.956821688969143,-38.847365945695564],[-72.956994898234967,-38.847292365095122],[-72.957156556092883,-38.847339967899167],[-72.957268230032582,-38.847398803227676],[-72.957404895741206,-38.847454335462707],[-72.957439235980843,-38.847460754201165],[-72.957553446003814,-38.8474821018699],[-72.957696053840692,-38.847491357781315],[-72.95776141513673,-38.847398803200534],[-72.957904023045558,-38.847236832261828],[-72.957993153235918,-38.847190554192458],[-72.958145502642481,-38.847085860085706],[-72.958195180491444,-38.847051721772033],[-72.958179975362086,-38.846988562646843],[-72.958177355417945,-38.846977677365246],[-72.958165470605621,-38.846824961042621],[-72.95817878156754,-38.846817281819135],[-72.958317811922967,-38.846737074483819],[-72.958388244301659,-38.846696441212927],[-72.958486338706365,-38.846639849456523],[-72.958460856777592,-38.846574357197696],[-72.95836749884505,-38.846334415115713],[-72.95845162855214,-38.846216473616188],[-72.958486339001979,-38.846167813659441],[-72.958492280758932,-38.846024350922356],[-72.958605178894302,-38.845927166700193],[-72.958682059081724,-38.845861586344455],[-72.958729960005741,-38.845820726524757],[-72.958697477336614,-38.845807269313077],[-72.958450686305781,-38.845705030702902],[-72.958444744455235,-38.845533800172731],[-72.958422164438161,-38.845231137368017],[-72.958469700999132,-38.845087672957227],[-72.958561321354949,-38.845041799265054],[-72.95871926419693,-38.844962719473003],[-72.958927234277951,-38.844888673173351],[-72.959135204235423,-38.844934951823447],[-72.959263375901401,-38.844915836597401],[-72.959414477911366,-38.844893300680226],[-72.959467955402033,-38.84475446376613],[-72.959524693490977,-38.844573686484097],[-72.959644345992544,-38.844486600019579],[-72.959669156436206,-38.844461893743713],[-72.959842300762034,-38.844310183260994],[-72.959883106879801,-38.844261874447291],[-72.959938060617191,-38.84422210685041],[-72.959974538593471,-38.844159054403626],[-72.959976209808488,-38.844151653653213],[-72.959990851218123,-38.844134321224224],[-72.959996761996806,-38.844060670127192],[-72.960005752148234,-38.844020868918854],[-72.960001123684947,-38.844006317401707],[-72.960002308118874,-38.843991555685484],[-72.96000273573128,-38.843986226315423],[-72.959978967505947,-38.843833503387053],[-72.959931157030155,-38.843742738267068],[-72.959879403567328,-38.843644486898462],[-72.959781008470429,-38.843457686574887],[-72.959746032152694,-38.84339128350927],[-72.959860127845275,-38.843259632617261],[-72.95997896708046,-38.843106908136924],[-72.96009186510399,-38.84298658013445],[-72.960228531432236,-38.843005091746591],[-72.960346997379347,-38.843066605325973],[-72.960371138588741,-38.8430791405723],[-72.960519688178792,-38.842995835904318],[-72.960507804646397,-38.842843110699668],[-72.960466831422536,-38.84263795872026],[-72.960466210510873,-38.842634849208181],[-72.960474314262072,-38.842628690707372],[-72.960637963171237,-38.842504337965437],[-72.960709831789544,-38.842449727083689],[-72.960888092497825,-38.842310884604238],[-72.961000989803622,-38.842232207012792],[-72.961113887858872,-38.842269232408633],[-72.96150605943869,-38.842287744556955],[-72.961767507433763,-38.842301628138557],[-72.961796629131698,-38.842241143471441],[-72.961801493232883,-38.842320716984752],[-72.961780249506802,-38.842346172587334],[-72.961647002216168,-38.842505839525664],[-72.961617109258839,-38.84266881808437],[-72.961587581837378,-38.842829802709034],[-72.961619521312755,-38.842923092336257],[-72.961635117316874,-38.842968643520678],[-72.962039173669666,-38.843061204089182],[-72.962161106577668,-38.843328844457233],[-72.96216989755257,-38.843348141320135],[-72.962348156979047,-38.843635076311259],[-72.962669024657018,-38.843616564571313],[-72.962989892749064,-38.843801683661944],[-72.963357655735763,-38.843829766249051],[-72.963529691303549,-38.843842902648952],[-72.963595975853835,-38.843847963807121],[-72.964020094147898,-38.843815578224948],[-72.964202058939904,-38.84380168355073],[-72.964296849388603,-38.843794971893885],[-72.964427728496247,-38.84384789194683],[-72.964709948051365,-38.844078014259793],[-72.964734640265931,-38.844104727929917],[-72.964950750520586,-38.844338526865556],[-72.965033542016641,-38.844378828854133],[-72.965235965351653,-38.844477364672642],[-72.965509297224088,-38.844579179250957],[-72.965473645472073,-38.844727272456502],[-72.965212197784382,-38.844838342147213],[-72.965191165409621,-38.844894039059525],[-72.965152778240693,-38.844995690972354],[-72.96548992745835,-38.845109241892715],[-72.965581470815451,-38.845127265572685],[-72.965806397175712,-38.845171550895046],[-72.965984656744894,-38.845273364113069],[-72.966186684719872,-38.845495502030737],[-72.966127264117461,-38.845736150432103],[-72.965960832309278,-38.845810220517727],[-72.965893474503332,-38.845967663883094],[-72.965842048710158,-38.84608786557596],[-72.966020308494876,-38.846198933305018],[-72.966204632452147,-38.846288656301709],[-72.966210452162258,-38.846291489617613],[-72.966222526472265,-38.846304419876653],[-72.966291145156148,-38.846377903503168],[-72.966400595908993,-38.846495112883346],[-72.966408684436331,-38.846499156152696],[-72.967196823326404,-38.846893102825327],[-72.967520821073066,-38.846994781190659],[-72.96752877060203,-38.846997275783529],[-72.967900090304411,-38.847034958918428],[-72.968230730239199,-38.84708746868688],[-72.968408990369426,-38.846967147307694],[-72.968599134175165,-38.846754269693854],[-72.968896233585099,-38.846707991746946],[-72.96891252769943,-38.846711974851196],[-72.969222033982291,-38.846787628550722],[-72.96949043282315,-38.846800547245699],[-72.969816884024738,-38.847002450100177],[-72.969911365436801,-38.847060884376084],[-72.970150126754788,-38.847073855710363],[-72.970388889306989,-38.847086827479131],[-72.970543068547414,-38.846885697229474],[-72.970694708990194,-38.846687877200523],[-72.971170067851489,-38.846014068613052],[-72.972329945795877,-38.844303601926008],[-72.972691218554417,-38.843763056623139],[-72.972810841558669,-38.843589869852394],[-72.97311224398895,-38.843153512346227],[-72.973154487054273,-38.843092354199889],[-72.973499329238493,-38.842593094888869],[-72.974079268501356,-38.841682288004641],[-72.975144073619973,-38.841808172682768],[-72.975346119458266,-38.841834159884797],[-72.975548165407503,-38.841860148542132],[-72.975807955434263,-38.84189356320767],[-72.975913930235905,-38.841907194005699],[-72.976180356906866,-38.841941461741406],[-72.977463827580124,-38.841993296881341],[-72.977644464469194,-38.842000701977653],[-72.977425798397348,-38.841289823050907],[-72.976997974643524,-38.840223493112866],[-72.976465572905227,-38.838860935552539],[-72.976351486467436,-38.838572129614448],[-72.97637069824323,-38.838417497281654],[-72.976662561810627,-38.83838835157168],[-72.977236869118087,-38.838364387473284],[-72.977461166206922,-38.838355027469717],[-72.978017336707993,-38.83824394731289],[-72.977860468034521,-38.838110651244357],[-72.979143937894577,-38.836577728013879],[-72.979899759297552,-38.835711278190537],[-72.980414171022431,-38.835083151515001],[-72.980508543869647,-38.835006891438951],[-72.980907644469809,-38.835107814782248],[-72.981481816179297,-38.835132071579558],[-72.981704877347369,-38.835246810200815],[-72.982215578545407,-38.835545787494119],[-72.982227760250254,-38.835552918885725],[-72.982652903697414,-38.835920041044183],[-72.982691430550517,-38.835953308990263]]]},"properties":{"OBJECTID":25,"NOMBRE":"Sausalito","LUGAR":"Sausalito","Shape_Length":10227.388485361835,"Shape_Area":2654649.2722490779}},{"type":"Feature","id":26,"geometry":{"type":"Polygon","coordinates":[[[-72.946926548275357,-38.839172873876187],[-72.947939241994888,-38.838945213531588],[-72.948351401543519,-38.838852554694732],[-72.950109901113251,-38.838457228490682],[-72.950559302049399,-38.838356198904286],[-72.950971691901856,-38.838260338800076],[-72.951823369076948,-38.83806893821685],[-72.95291472347094,-38.837823672478699],[-72.954872950195139,-38.837383588666576],[-72.955086867806429,-38.837331929466529],[-72.955186576041498,-38.83730785095937],[-72.955446084014071,-38.837245180464535],[-72.95555601901718,-38.83721900018007],[-72.956259293353753,-38.837053104302548],[-72.957547279260908,-38.836749266525565],[-72.957785692002943,-38.836685211727861],[-72.958365433837102,-38.836529449727912],[-72.958539430795454,-38.836482700506856],[-72.95892797016927,-38.836378310947779],[-72.959326083525056,-38.836193172404364],[-72.95965418119718,-38.836044777020376],[-72.959655454599044,-38.836073559498047],[-72.959656729127161,-38.836102342896304],[-72.959662376245461,-38.836229916798878],[-72.959698028193031,-38.83653539508208],[-72.9594739864106,-38.836814617762862],[-72.95941647408101,-38.836844981445829],[-72.959068176539915,-38.83732222614875],[-72.958962349906656,-38.837503577164689],[-72.958949337332484,-38.837525875649682],[-72.95900875700103,-38.837711010657706],[-72.959050763803191,-38.837809170478337],[-72.959087308277574,-38.837894567123755],[-72.959092769538344,-38.837907331165894],[-72.959106787664624,-38.837950841299062],[-72.95912880482507,-38.838082319870871],[-72.959139480711428,-38.838146075562364],[-72.959195573920297,-38.838377022343515],[-72.959197152152029,-38.83838351757425],[-72.95922266881621,-38.838488572190428],[-72.959282088454515,-38.838645935270073],[-72.959375402948638,-38.838820377857481],[-72.959384114693975,-38.838844702236237],[-72.959393987605594,-38.838855119571178],[-72.959400928026156,-38.838868093259677],[-72.959408784723507,-38.838870730941387],[-72.959491989193282,-38.838898668274112],[-72.959544781395635,-38.838916394261304],[-72.959583050415233,-38.838929244120045],[-72.959662375638999,-38.839155047142988],[-72.95990152862727,-38.839322222564633],[-72.960206187494535,-38.839381593806969],[-72.960374779911334,-38.839414448781142],[-72.960430632179964,-38.839425333085053],[-72.960513287254557,-38.83944144029067],[-72.960536679247554,-38.839445999042553],[-72.960564418939313,-38.839420913004957],[-72.960587478975285,-38.839400058493077],[-72.960625130233026,-38.839366008132316],[-72.960684398634726,-38.839312407958055],[-72.960748789833545,-38.839298729385895],[-72.960815122517587,-38.8392846386702],[-72.960882234688484,-38.83928771367988],[-72.960939581886549,-38.839290341509155],[-72.961017150545231,-38.839293895481724],[-72.961042351497227,-38.839308616986912],[-72.961159758843479,-38.839377204205611],[-72.961064686476618,-38.839525308271654],[-72.961096772456244,-38.839572515258652],[-72.961150779117517,-38.839651974694512],[-72.961171641711005,-38.839682668799789],[-72.961302366112747,-38.839654898981109],[-72.961523701239187,-38.839654898673373],[-72.961194849342874,-38.839816380723704],[-72.961084652933991,-38.839870492090455],[-72.961063541012848,-38.839878112038527],[-72.960959342073792,-38.839915723692364],[-72.96059741027301,-38.840046365016406],[-72.959064375192142,-38.840333314072943],[-72.958549827458498,-38.840423745900083],[-72.956865474292684,-38.840719771542751],[-72.956812970285029,-38.840728999397072],[-72.956805630175211,-38.84073028918904],[-72.956730353012887,-38.840744208466788],[-72.956041244907297,-38.840893845039474],[-72.954786140339962,-38.841166385019022],[-72.954607549355956,-38.841205385585582],[-72.954460895269349,-38.841237411803824],[-72.953514554462245,-38.84144407289611],[-72.953188002519497,-38.84151651305492],[-72.952145364575742,-38.841747804951574],[-72.952076020721023,-38.841763187632054],[-72.952034899051156,-38.841772310207936],[-72.951993777397206,-38.841781431868441],[-72.951636883999143,-38.841860603220894],[-72.950859831424907,-38.842019351501584],[-72.950563936574355,-38.842079802376283],[-72.950187038182563,-38.842156800738223],[-72.949873735346173,-38.842227823351813],[-72.949190533079459,-38.842382695680392],[-72.948913430177186,-38.842445511438882],[-72.948594583860356,-38.842517790169971],[-72.948403521281421,-38.842555988089565],[-72.948246094773637,-38.842587461245088],[-72.947208445270348,-38.842794915280557],[-72.946620951831179,-38.842912366335945],[-72.946509773949316,-38.842934593094292],[-72.946504297444719,-38.842935687947794],[-72.946101583349105,-38.842022582145063],[-72.945896084851057,-38.841382344203474],[-72.945768832613254,-38.840985882667553],[-72.945234052591076,-38.839625190945988],[-72.945222934236199,-38.839596623481043],[-72.945208345519092,-38.839559135962482],[-72.946119746876008,-38.839354246890849],[-72.946677194399072,-38.83922892893024],[-72.946926548275357,-38.839172873876187]]]},"properties":{"OBJECTID":26,"NOMBRE":"Pitraco","LUGAR":"Pitraco","Shape_Length":3663.2584466594631,"Shape_Area":503397.26285379374}},{"type":"Feature","id":27,"geometry":{"type":"Polygon","coordinates":[[[-72.967297988429692,-38.879899167768862],[-72.967341199995943,-38.879878343195713],[-72.967348411454694,-38.879874868242901],[-72.967363486382908,-38.87987282770397],[-72.967567077248873,-38.879845264498478],[-72.96811849420007,-38.879808259939111],[-72.969230835452294,-38.879571426809761],[-72.969588325786319,-38.879440280302553],[-72.970187180583466,-38.879302952757534],[-72.970533320353042,-38.879223577547869],[-72.970980157625689,-38.879142165519426],[-72.973005189200336,-38.878624087886124],[-72.973542667227335,-38.878371200831104],[-72.973591900956791,-38.878348035751827],[-72.973806671333705,-38.878246983520825],[-72.973870343157088,-38.878217024648571],[-72.97402720939499,-38.878197221426504],[-72.974222109727478,-38.878172617776869],[-72.974277634983324,-38.878184059471984],[-72.974545354209511,-38.878239228711642],[-72.97498268419497,-38.878172617760292],[-72.975644035953991,-38.878011481175335],[-72.975933562581773,-38.87794093829946],[-72.975890901825039,-38.87791628423755],[-72.975626993427213,-38.87776377067236],[-72.975598749137845,-38.877353238241682],[-72.975593789081444,-38.87728114968192],[-72.975347702819164,-38.877015515179373],[-72.975228010625841,-38.87676565294904],[-72.975256249009362,-38.876605632509765],[-72.975313027566074,-38.876283878557565],[-72.975328721334876,-38.876194947459823],[-72.975341343718171,-38.876123417924546],[-72.975322053806636,-38.876018680510469],[-72.975286411546151,-38.875825150865985],[-72.974963281476832,-38.875459124027181],[-72.974798500688777,-38.875262525906749],[-72.974656699963816,-38.875093342873988],[-72.974629537121643,-38.875066681233179],[-72.974557767960277,-38.874996236569977],[-72.974499011727914,-38.874938565458478],[-72.97419413353478,-38.874639314401684],[-72.974165601778068,-38.874611309784072],[-72.974038824595524,-38.874486871695446],[-72.974022901902927,-38.874471243530948],[-72.973871999622219,-38.874323125461025],[-72.97340892819652,-38.873868595888894],[-72.973873527782558,-38.873618846714173],[-72.974432075278727,-38.87340604908843],[-72.975466169822695,-38.872932117329803],[-72.975657101239875,-38.872844612233891],[-72.976102064168856,-38.872802784989133],[-72.976832640463755,-38.872906433541381],[-72.97737930461011,-38.872841668385519],[-72.978270603629667,-38.872610363878849],[-72.978513897333883,-38.87254448109276],[-72.978660618149291,-38.87250474872048],[-72.978817266417636,-38.872462329060042],[-72.979613493771097,-38.872314293377251],[-72.98062363280205,-38.872073734761116],[-72.980639312529945,-38.87207012793634],[-72.981146528475378,-38.871953454977131],[-72.984485928018429,-38.871185511855224],[-72.985210851639934,-38.871000463390047],[-72.985840702914516,-38.870815415384435],[-72.985947658926221,-38.870658124168543],[-72.985769367162362,-38.870441231239148],[-72.985790165640168,-38.870415880824901],[-72.985937303960114,-38.870233721394364],[-72.986582866212544,-38.87000764402697],[-72.986601277455563,-38.870001196581782],[-72.986934029443987,-38.869973438984708],[-72.988301410551983,-38.870028036323376],[-72.988588293640433,-38.870039489598085],[-72.988586640719433,-38.87049041916061],[-72.988585816062468,-38.870715286574111],[-72.988582308095317,-38.871672042246225],[-72.988597851345858,-38.871765526784671],[-72.988665158639648,-38.872170324664133],[-72.988707453972168,-38.872424697832109],[-72.988147263136653,-38.873209828297462],[-72.988064246851138,-38.873326176515249],[-72.989926271125057,-38.872017244955359],[-72.98983832924344,-38.872470210823046],[-72.989646407477053,-38.873024351921735],[-72.989368575454762,-38.873483596240256],[-72.989327791254283,-38.873824496469247],[-72.989331956830299,-38.874131937813857],[-72.989432722680874,-38.874768683124287],[-72.989516597585691,-38.875390994737735],[-72.989480450473579,-38.875823681327077],[-72.989339732405455,-38.876513201030065],[-72.989251198632928,-38.877121642213766],[-72.989110863206406,-38.877716488120051],[-72.988892989683308,-38.878181868895879],[-72.988866465808883,-38.87823852317608],[-72.988756932832786,-38.878472484811425],[-72.98870547228357,-38.878490045967084],[-72.988693846813021,-38.878645058947548],[-72.988683074830007,-38.878788689430067],[-72.988673686442354,-38.878913871618749],[-72.988609218107825,-38.878958370315317],[-72.988491371946367,-38.879039713392103],[-72.988122830851907,-38.879294096614281],[-72.987990461125975,-38.879567865354943],[-72.988009023527297,-38.879673417214129],[-72.988026265802517,-38.879771460514299],[-72.98806207181093,-38.879975055681278],[-72.988238658673509,-38.880254460162789],[-72.988300715160122,-38.880352648621624],[-72.988587299447488,-38.8805037314605],[-72.988660847966031,-38.880680374466337],[-72.988723497857706,-38.880830843784842],[-72.988579526242745,-38.881044027646801],[-72.988551259202168,-38.881085883814698],[-72.988550054992047,-38.8810876669368],[-72.988476925972307,-38.881166461062293],[-72.988385462689195,-38.881265011547512],[-72.988357220343815,-38.881295441162933],[-72.988438140599385,-38.881557799754866],[-72.988711866142296,-38.881967981327882],[-72.988724199899792,-38.881989188859826],[-72.988773300778888,-38.882073617583742],[-72.988825566008813,-38.882163488095372],[-72.988949958877839,-38.882377378981843],[-72.9886939511306,-38.883066554235569],[-72.988522084301252,-38.883640589362017],[-72.988668182406244,-38.883882074804724],[-72.988797611859241,-38.884096008456027],[-72.98927522112146,-38.884104236586168],[-72.990592606128899,-38.883802156553912],[-72.991825090293474,-38.883563554766482],[-72.991843569289884,-38.883556858113906],[-72.99282232232116,-38.883202160057657],[-72.993352137456711,-38.883102778135651],[-72.995218972548784,-38.882752579116165],[-72.995334450431869,-38.882730915558277],[-72.995845451229684,-38.882635050151542],[-72.996349449815611,-38.882540496748753],[-72.996483600381097,-38.882515328561304],[-72.996486395481682,-38.882522646994509],[-72.996895296323203,-38.883593029258535],[-72.997386762263261,-38.884879500131497],[-72.997448561115519,-38.885041263676662],[-72.997565617181323,-38.885394720776141],[-72.99786639749982,-38.886302925167954],[-72.998090356299784,-38.886979156049101],[-72.998212741826023,-38.887348684623134],[-72.998278992218388,-38.887548720742501],[-72.998986728957036,-38.887472369333416],[-73.000188663828823,-38.887109916733934],[-73.000256689808367,-38.887089402348415],[-73.002325842972866,-38.886465394025826],[-73.002406207249351,-38.886441157409493],[-73.003942746406267,-38.885900616087177],[-73.006103610882832,-38.885507551814989],[-73.006180439533111,-38.885493575354992],[-73.010033666723174,-38.884609655061681],[-73.010199985488683,-38.884571498519605],[-73.010575101219786,-38.885472730384642],[-73.010598194096261,-38.885528211571589],[-73.010804256823846,-38.886027641574756],[-73.011135440781729,-38.886830311732588],[-73.011694591412095,-38.888485625817033],[-73.011655519099577,-38.888495291540607],[-73.008177291312592,-38.889355688986072],[-73.006872866752175,-38.889670699375728],[-73.00611233571658,-38.88985435524863],[-73.006012001405082,-38.889874844618433],[-73.003869195214065,-38.890312404923272],[-73.001994673359576,-38.890789020688572],[-72.999737184354387,-38.891269980570321],[-72.99978765374577,-38.89197051992091],[-73.000003896265142,-38.892559954007851],[-73.000525687538044,-38.893286307602587],[-73.000587120502487,-38.893371824776636],[-73.000885127906201,-38.894359083417022],[-73.000958941305385,-38.894544974174451],[-73.001146279057835,-38.89501676208441],[-73.001545634112475,-38.895762309341322],[-73.001588999237867,-38.896255662821027],[-73.001615446712776,-38.896556545825739],[-73.00196635302585,-38.897155451242249],[-73.00211942221047,-38.897532565765744],[-73.002466241699423,-38.89808654261482],[-73.002479371186126,-38.898135672767957],[-73.001982447590478,-38.898254957336],[-72.998590538695524,-38.89906910744444],[-72.998065291019572,-38.898474457139962],[-72.997831660122074,-38.898245147893917],[-72.997568662898288,-38.898015423572332],[-72.997100996637599,-38.897628953215737],[-72.996841279841846,-38.897455226063286],[-72.996516917448972,-38.897078329130103],[-72.996411523132593,-38.896795995648233],[-72.993944954672529,-38.89733008153862],[-72.99444941262928,-38.899462860734353],[-72.993743832765219,-38.899837558815889],[-72.99297514071587,-38.899961362143777],[-72.990991758553449,-38.899631130775219],[-72.988624877852644,-38.899124537204706],[-72.98722568708493,-38.895562698253492],[-72.981983341302595,-38.896692645755934],[-72.972418573645186,-38.898813588993342],[-72.968191371339557,-38.899924688476339],[-72.960163552616237,-38.902085145745396],[-72.960143826259426,-38.901904001396503],[-72.960120414422406,-38.90119390748665],[-72.96022921407058,-38.900432254385549],[-72.959981732932832,-38.900063086883165],[-72.959325248910517,-38.899862342906189],[-72.958246406744848,-38.899356929957378],[-72.957984070152037,-38.899081996543401],[-72.958058812577477,-38.898736479162494],[-72.957550038176976,-38.89808329420417],[-72.957397327933293,-38.897526512194609],[-72.957159503144268,-38.896851130770031],[-72.956927917210251,-38.896130726381919],[-72.956986082133,-38.895623938744052],[-72.957004352471259,-38.89522203176724],[-72.956978510719722,-38.894063723948918],[-72.957015862404418,-38.893465682230435],[-72.957036416547581,-38.893136593968229],[-72.957166912803103,-38.893111000146583],[-72.959494396171749,-38.89258406034471],[-72.962324471980338,-38.891900521555222],[-72.962319014773243,-38.891886900913676],[-72.962316572976832,-38.891880806062495],[-72.961625251838996,-38.890155226109023],[-72.961578959874984,-38.890039677715485],[-72.960673766850945,-38.887780192883376],[-72.960253394091282,-38.886730859331465],[-72.960227595553718,-38.886666463228188],[-72.959947191767398,-38.885966508327677],[-72.960329401868137,-38.885865434322469],[-72.968504502613612,-38.883703198599527],[-72.968760694889397,-38.883666128432978],[-72.967471054665211,-38.880344889407382],[-72.967297988429692,-38.879899167768862]]]},"properties":{"OBJECTID":27,"NOMBRE":"Quilimanzano","LUGAR":"Quilimanzano","Shape_Length":17583.654402078311,"Shape_Area":8182638.4515955439}},{"type":"Feature","id":28,"geometry":{"type":"Polygon","coordinates":[[[-72.960329401868137,-38.885865434322469],[-72.959944395232156,-38.885959528719965],[-72.959926648893543,-38.885915230218082],[-72.959813325238315,-38.885613558471242],[-72.95938086005809,-38.884448988269476],[-72.959324730990204,-38.884297836626175],[-72.959152686594692,-38.884325582728458],[-72.959129318428509,-38.884329351337996],[-72.958960541082305,-38.884356569507617],[-72.95875560468059,-38.884389619106734],[-72.958314220053779,-38.884460799289585],[-72.958076540589758,-38.884627310553391],[-72.958038312256832,-38.884707654414505],[-72.957998891461216,-38.884790506594612],[-72.957754479512161,-38.884849925391471],[-72.957653199867252,-38.884874547254356],[-72.957656444385066,-38.884845309703138],[-72.957636095710541,-38.88484435177395],[-72.957584543042756,-38.884841925197314],[-72.957427674615303,-38.884675414296026],[-72.957434804766507,-38.884542204494821],[-72.957263676044491,-38.884386794124836],[-72.956964199589436,-38.884309088323583],[-72.956900684072508,-38.884297989581604],[-72.956672446188165,-38.884258105475809],[-72.956656141425796,-38.884258366080353],[-72.956516340540404,-38.884260599582142],[-72.956326868944373,-38.884284778285185],[-72.956179856139826,-38.884303537968115],[-72.955816206755514,-38.884425646274764],[-72.955619892742348,-38.884471490918337],[-72.955578011749509,-38.884482883466745],[-72.955433935565125,-38.884522073151246],[-72.955260035504367,-38.884575507215942],[-72.955134308100426,-38.88462507705519],[-72.954811430368025,-38.884752375464601],[-72.954800431463596,-38.884756711329409],[-72.954788200739017,-38.884755280638231],[-72.954583386555484,-38.884731318606526],[-72.954371998729656,-38.884705402009544],[-72.954201677529383,-38.884684520728776],[-72.954111609990662,-38.884673477699728],[-72.953998516961434,-38.884646695466493],[-72.953893682813799,-38.884609949233344],[-72.9538328019337,-38.884581086135853],[-72.953704102618914,-38.88448612297433],[-72.953421460116999,-38.884291920645119],[-72.953199293061161,-38.884125835140722],[-72.953058108471538,-38.883996726742176],[-72.952676951275535,-38.883648172150231],[-72.952548638803648,-38.883591319098613],[-72.9524122650012,-38.883530893373752],[-72.952186768470995,-38.883363131112553],[-72.952170426276965,-38.883350973332846],[-72.951718821699629,-38.883293428973204],[-72.951162113332629,-38.883283660547214],[-72.950733786924161,-38.883145538157223],[-72.950382574344061,-38.88315734818552],[-72.949888404353672,-38.883130686320875],[-72.949771499553421,-38.883179247506355],[-72.949659448183155,-38.883225792622],[-72.949598798113911,-38.883250985997208],[-72.949580690718136,-38.883116974856009],[-72.949529334210069,-38.882736898447526],[-72.949221296366844,-38.881207369720997],[-72.948801791646062,-38.880279788953132],[-72.948750986046321,-38.880155488324768],[-72.948668691576955,-38.879954145826723],[-72.948577433771902,-38.87959539067451],[-72.948556988537234,-38.879515011737247],[-72.948478547444154,-38.879206641213941],[-72.948052573329591,-38.878402382486932],[-72.947753625368776,-38.877837945601676],[-72.947381655581879,-38.876788917321512],[-72.947221527813014,-38.876367843902273],[-72.947060787668107,-38.875945161056137],[-72.946732789756652,-38.875084742741087],[-72.94667929912309,-38.874947405592955],[-72.946629683305247,-38.874820019987524],[-72.946397661315757,-38.874224312458715],[-72.946142727687757,-38.873559858130939],[-72.946105006465032,-38.873461539794654],[-72.946942091809888,-38.873355442863186],[-72.947244903887963,-38.87331706087808],[-72.947763480329456,-38.873195585028157],[-72.948280580609733,-38.873128097745045],[-72.948716471299448,-38.873013597986024],[-72.948823959024551,-38.872994618820364],[-72.949059923739512,-38.872926829978631],[-72.949878180189543,-38.872732604344698],[-72.95064843194352,-38.872475887898716],[-72.951906041472526,-38.872245171685748],[-72.952015746669929,-38.87222504540599],[-72.952403461211034,-38.872121083701003],[-72.952867270149682,-38.87199671683009],[-72.952924650997275,-38.872172275519823],[-72.9531216329015,-38.872497901749327],[-72.953399155931734,-38.872869501153176],[-72.953736695079783,-38.87334049959501],[-72.954033079146058,-38.873909425266177],[-72.954108406849002,-38.874054019483914],[-72.954078866025213,-38.874291679655322],[-72.954250329522182,-38.874578365550541],[-72.954335632264133,-38.874622317057437],[-72.954603958569663,-38.874345522981578],[-72.954945023653465,-38.874488197706611],[-72.955272047511656,-38.874664039373194],[-72.955230446278776,-38.874885019533686],[-72.955297571266939,-38.874970594075535],[-72.955515676977257,-38.8752507625139],[-72.955772370905507,-38.875894688872656],[-72.955872196773171,-38.876094527051315],[-72.956014803887001,-38.876238853808587],[-72.956071847881816,-38.876483098821438],[-72.956328541789858,-38.87679395477381],[-72.956536258401499,-38.877027531783156],[-72.956570152792267,-38.877091042373962],[-72.956673281413046,-38.87734306868694],[-72.956727843927553,-38.877504478616281],[-72.956884711670895,-38.877904145073224],[-72.95711441385096,-38.8784950243965],[-72.957212709919816,-38.878747877487662],[-72.957569229874764,-38.879591599811171],[-72.957755910186862,-38.880055447277606],[-72.957826021886746,-38.88022965395033],[-72.95788875883018,-38.880385536130397],[-72.958126438601369,-38.881251441472926],[-72.958202380423884,-38.881390788064671],[-72.958371680231664,-38.881701438052119],[-72.958392639781081,-38.881739896648973],[-72.95840238097081,-38.881754825920083],[-72.958448574688049,-38.881825620566126],[-72.959870348498939,-38.881485537048796],[-72.961531495647861,-38.881190111596766],[-72.962288914231735,-38.881049291139398],[-72.962567235983869,-38.881001017320308],[-72.96358231610472,-38.880824953510697],[-72.964536385273774,-38.880616376333073],[-72.964991303355006,-38.880561193394186],[-72.965141547802702,-38.880523444518815],[-72.96525112779851,-38.880495911643727],[-72.965808246544015,-38.880355932124772],[-72.966169520623083,-38.880274521662159],[-72.966315076357773,-38.880200284244196],[-72.966445228420966,-38.880133902907481],[-72.96666389388821,-38.87999328461936],[-72.966758966298585,-38.880015487801323],[-72.966803386944619,-38.880027590206502],[-72.966911939243246,-38.880057166936943],[-72.966949110150807,-38.88006729409944],[-72.967297988429692,-38.879899167768862],[-72.967471054665211,-38.880344889407382],[-72.968760694889397,-38.883666128432978],[-72.968504502613612,-38.883703198599527],[-72.960329401868137,-38.885865434322469]]]},"properties":{"OBJECTID":28,"NOMBRE":"Forestal Probosque","LUGAR":"Forestal Probosque","Shape_Length":6247.6057363107584,"Shape_Area":1319653.3867979669}},{"type":"Feature","id":29,"geometry":{"type":"Polygon","coordinates":[[[-72.85576476399379,-38.882651735922792],[-72.85576499969109,-38.882651679884383],[-72.855781777855739,-38.88264766771816],[-72.857834650903413,-38.882122176591473],[-72.85816462266088,-38.882041707958528],[-72.858164678395639,-38.882041694564933],[-72.858435962041142,-38.881976248547595],[-72.858720660181191,-38.881907566442791],[-72.858738270486626,-38.881903317728359],[-72.859361676805605,-38.881755452951218],[-72.859646781806973,-38.881687828417107],[-72.859977529407061,-38.881609376305228],[-72.861257199186753,-38.881305832761321],[-72.861634238218357,-38.881141095491735],[-72.862057760859813,-38.88105349593463],[-72.863590336834733,-38.880800250174147],[-72.865860622531542,-38.88035545438958],[-72.866455740107412,-38.880189921062986],[-72.867551669473585,-38.879761936757461],[-72.867592800619647,-38.879745873321063],[-72.867724003714713,-38.879694635071232],[-72.867766830634864,-38.879677909664871],[-72.8680771447073,-38.879556721242928],[-72.868087729814377,-38.879577362337031],[-72.868096742133403,-38.879594934660538],[-72.86813667991845,-38.879672809479679],[-72.868153774314905,-38.879706143196501],[-72.868252067052595,-38.87989780413475],[-72.868459624890647,-38.880545876615379],[-72.868477779366415,-38.880590150913704],[-72.868506116125445,-38.880659258566105],[-72.868528855139985,-38.880714716246921],[-72.86939377844179,-38.88282404468],[-72.869477712899922,-38.883028734336257],[-72.869516165018155,-38.88312387935035],[-72.86953587895087,-38.883438714230003],[-72.870131078444857,-38.884928642003693],[-72.867071830731575,-38.885617408333403],[-72.864086952823058,-38.886211156430726],[-72.862575706854116,-38.886632197429833],[-72.861969377657445,-38.886788557680013],[-72.860070989809685,-38.887394170864333],[-72.857778565362736,-38.887821633325565],[-72.857778375896331,-38.887821147803336],[-72.855831891510533,-38.882824080634336],[-72.85576476399379,-38.882651735922792]]]},"properties":{"OBJECTID":29,"NOMBRE":"El Recuerdo","LUGAR":"El Recuerdo","Shape_Length":3470.2956461387039,"Shape_Area":675253.37788816716}},{"type":"Feature","id":30,"geometry":{"type":"Polygon","coordinates":[[[-72.844331260353997,-38.885546324825789],[-72.844310958596367,-38.885495063140525],[-72.844242929973674,-38.885323291045026],[-72.84335673282537,-38.883085588748202],[-72.842721154158482,-38.881370848073963],[-72.842694793542009,-38.881307505005211],[-72.842577435005268,-38.881036016416608],[-72.842535046787106,-38.880911028599819],[-72.842181038530612,-38.879867178573569],[-72.841881784190022,-38.879146923861867],[-72.841653491124177,-38.878659085210543],[-72.841137023088208,-38.877501292720716],[-72.841218612058128,-38.87748363253332],[-72.841303037893553,-38.877465357999235],[-72.842264848227956,-38.877206775799095],[-72.842418330902319,-38.87716551075615],[-72.844574270112673,-38.876603836835791],[-72.845234421368104,-38.876448706760478],[-72.845465425771508,-38.876397554587093],[-72.845473971072437,-38.876519640815843],[-72.845692680326437,-38.876851469749404],[-72.845805686972838,-38.877057717067785],[-72.845996179518153,-38.877405379077487],[-72.846933058411764,-38.879514221836764],[-72.847091060729639,-38.8797392236267],[-72.847112580309258,-38.879932340195488],[-72.847549938524807,-38.881023672134383],[-72.847801992112835,-38.881767343802501],[-72.848643687310059,-38.883772503338918],[-72.848847075442691,-38.884251572112163],[-72.848628309673316,-38.884308310123856],[-72.847572905346183,-38.884548886970997],[-72.847695443165051,-38.884891841144075],[-72.844555288906676,-38.88550274427984],[-72.844331260353997,-38.885546324825789]]]},"properties":{"OBJECTID":30,"NOMBRE":"Fdo. Suarez","LUGAR":"Fdo. Suarez","Shape_Length":2708.8131139889388,"Shape_Area":383851.62123210699}},{"type":"Feature","id":31,"geometry":{"type":"Polygon","coordinates":[[[-72.848847075442691,-38.884251572112163],[-72.848848530596982,-38.884255000272297],[-72.848848723221565,-38.884255455232207],[-72.849276597599115,-38.884149482093072],[-72.850434419238738,-38.883862710169439],[-72.851026740270157,-38.883761730343537],[-72.853754157545325,-38.883132487636885],[-72.855544817845072,-38.882704328770068],[-72.85576476399379,-38.882651735922792],[-72.855831891510533,-38.882824080634336],[-72.857778375896331,-38.887821147803336],[-72.857778565362736,-38.887821633325565],[-72.859606408483117,-38.892150518325174],[-72.855332614884574,-38.89322828322296],[-72.851855288515267,-38.89388031522379],[-72.850933268437558,-38.894174488638136],[-72.846509944983481,-38.895183593327829],[-72.845986740119784,-38.895228438040832],[-72.841886530653952,-38.896225041722694],[-72.842988017028986,-38.899059687414663],[-72.843349723417717,-38.900651471681371],[-72.847954410740542,-38.899581066477388],[-72.852558263783962,-38.898508570337128],[-72.85683221236927,-38.897529375736276],[-72.858699557392555,-38.89718854422982],[-72.859709699200167,-38.897085010437117],[-72.859715188187039,-38.897083682082986],[-72.860953723716108,-38.896784006903161],[-72.861394121249049,-38.896677444696998],[-72.861403486226919,-38.896700642706627],[-72.861444805657626,-38.89680299047],[-72.861447971402299,-38.896802580849439],[-72.861529234636819,-38.896792057481605],[-72.862185705693634,-38.898593249082438],[-72.862169070208111,-38.898596963800941],[-72.863050464919041,-38.900787390298184],[-72.863102769407689,-38.900957455427097],[-72.863042177606374,-38.901062057832718],[-72.860695754054547,-38.90157271811097],[-72.859742610034687,-38.901919985799339],[-72.857147191828673,-38.902423647751462],[-72.853142648151049,-38.903394372365007],[-72.852993606937318,-38.903429276798747],[-72.852853043097241,-38.903462195294225],[-72.853249300335392,-38.904459051569809],[-72.853944153271058,-38.906133208393399],[-72.854437501534079,-38.907319551754142],[-72.854480823754486,-38.907437187392304],[-72.854723634056484,-38.908268955283049],[-72.854786492185823,-38.908410566434313],[-72.854864704952973,-38.908586771355552],[-72.855385662238703,-38.909760412814201],[-72.855857213076433,-38.910895933137475],[-72.856077002988229,-38.911425186393679],[-72.85660842493759,-38.91292967890697],[-72.856611992075059,-38.912938643749122],[-72.856166758077237,-38.913033232250278],[-72.852654554515254,-38.913779319917751],[-72.852075304162696,-38.913858652849463],[-72.851393556981591,-38.914044555322882],[-72.847678357910041,-38.914867101142541],[-72.847068877336056,-38.912998080054734],[-72.84700263950792,-38.912090534623474],[-72.847037789028931,-38.911556811638157],[-72.847243335312385,-38.910969930417586],[-72.8468025376486,-38.909955122196202],[-72.845041233092246,-38.904988591091879],[-72.842433062384004,-38.905609897895552],[-72.838521726708137,-38.906217285483905],[-72.837983092885352,-38.90494398702976],[-72.836725536970775,-38.901639197529718],[-72.836368196981624,-38.900700073441854],[-72.833535296695203,-38.893722362435533],[-72.833430726870517,-38.893464770158339],[-72.836510963696412,-38.892729216702328],[-72.845828564564613,-38.890555655425139],[-72.846049368587956,-38.890504135987932],[-72.846139164200252,-38.890483184798086],[-72.846311027150591,-38.890443084898529],[-72.846265659526026,-38.890333109411017],[-72.846242975214707,-38.890278120750267],[-72.846172260682764,-38.890106698495956],[-72.844633672250225,-38.886376762690844],[-72.844477688727409,-38.885940610153035],[-72.844387141500775,-38.88568742265781],[-72.844333418515205,-38.88555177439018],[-72.844331260353997,-38.885546324825789],[-72.844555288906676,-38.88550274427984],[-72.847695443165051,-38.884891841144075],[-72.847572905346183,-38.884548886970997],[-72.848628309673316,-38.884308310123856],[-72.848847075442691,-38.884251572112163]]]},"properties":{"OBJECTID":31,"NOMBRE":"San Enrique","LUGAR":"San Enrique","Shape_Length":14213.259284080676,"Shape_Area":3992978.6670174133}},{"type":"Feature","id":32,"geometry":{"type":"Polygon","coordinates":[[[-72.817490593558986,-38.896854448216757],[-72.820287340011433,-38.896215419785321],[-72.823573666472228,-38.895457807966068],[-72.825988030939911,-38.894927627407554],[-72.826410226574254,-38.894828382161386],[-72.826797150659104,-38.894713525387225],[-72.827611852121095,-38.894531411166199],[-72.829193264535292,-38.894172307889484],[-72.830822640788924,-38.893807949338061],[-72.832137078343521,-38.893504740397454],[-72.832931273446889,-38.893298876023145],[-72.832946225102916,-38.893296323551937],[-72.833173381074587,-38.893269146992331],[-72.833287855213314,-38.893255451292994],[-72.833316260330577,-38.893342721089056],[-72.83336137679315,-38.893481330064787],[-72.833430726870517,-38.893464770158339],[-72.833535296695203,-38.893722362435533],[-72.836368196981624,-38.900700073441854],[-72.836725536970775,-38.901639197529718],[-72.837983092885352,-38.90494398702976],[-72.822224886934222,-38.908244205109575],[-72.821971501303722,-38.907702133952263],[-72.821645086475257,-38.907259771811702],[-72.819723461024438,-38.904345026802297],[-72.818317645575902,-38.9003544887141],[-72.817490593558986,-38.896854448216757]]]},"properties":{"OBJECTID":32,"NOMBRE":"Los Cipreses","LUGAR":"Los Cipreses","Shape_Length":5548.9880106600258,"Shape_Area":1973119.8796521467}},{"type":"Feature","id":33,"geometry":{"type":"Polygon","coordinates":[[[-72.810380671897221,-38.882283361354744],[-72.814572586182095,-38.881625226482612],[-72.818424503612562,-38.881020310506969],[-72.819581868398814,-38.880792166050135],[-72.819804509710352,-38.880748276454675],[-72.82262287550148,-38.880192648649363],[-72.824354586065667,-38.879858666865239],[-72.824386981358074,-38.879852418465326],[-72.824606419886194,-38.879810095279069],[-72.824764723801934,-38.879779561972001],[-72.824831465749327,-38.879766688632571],[-72.824779153473671,-38.879884171146706],[-72.824730752840168,-38.879969397204484],[-72.824661883499104,-38.880090664411192],[-72.824452556195595,-38.880459254428821],[-72.824252499923617,-38.880858463043019],[-72.824235708195246,-38.880891969638192],[-72.824214692717561,-38.880933904881161],[-72.824188634755842,-38.880985902364934],[-72.824150206968227,-38.88101941739346],[-72.823829536206659,-38.881299090735666],[-72.823774282763452,-38.881410678431592],[-72.823774260624319,-38.881410723970582],[-72.823719030264883,-38.881522267016386],[-72.8236734276513,-38.881609744136867],[-72.823524127498999,-38.8819393779902],[-72.823233549844346,-38.882580924826279],[-72.822757820827263,-38.883297415435898],[-72.822319725499142,-38.884010794790747],[-72.822172481834684,-38.884250557337694],[-72.822128240548651,-38.884349727317499],[-72.8219512580106,-38.884746443658955],[-72.821758097298641,-38.88498610563154],[-72.821517263623704,-38.885463722807479],[-72.821260723302828,-38.885941138133539],[-72.821037473661931,-38.88631064810059],[-72.820718115598268,-38.886642607323346],[-72.820371841763304,-38.887199232625953],[-72.820176273644805,-38.887520020032696],[-72.820091106258928,-38.887669515867586],[-72.82002393176468,-38.887787429291585],[-72.81978120240413,-38.888300946689895],[-72.819668065553245,-38.888521514244125],[-72.819584349799854,-38.888684723175004],[-72.819452686927917,-38.888939117134541],[-72.81918586655955,-38.88969085874141],[-72.819124274441577,-38.88986438820784],[-72.819100272126548,-38.889932011255191],[-72.819062102994579,-38.890039546652829],[-72.819104053725354,-38.89011165023684],[-72.819146003386052,-38.890183753785848],[-72.819190992657681,-38.890261078722418],[-72.819235980871582,-38.890338403621953],[-72.819310602713813,-38.890414985625092],[-72.819377941130611,-38.890484092749979],[-72.819422354422215,-38.890663895278209],[-72.81942353379786,-38.890756801853549],[-72.819424714323119,-38.890849708449124],[-72.819328517962816,-38.891002867392565],[-72.819145023557525,-38.891063319773544],[-72.819033614433337,-38.89117180219057],[-72.818837056835093,-38.891363193855462],[-72.81872197011775,-38.891635195137212],[-72.818630388184999,-38.891953307033994],[-72.818628106162706,-38.891961232039456],[-72.818629092729822,-38.891967609827148],[-72.818671962403968,-38.892244799446267],[-72.818825999135811,-38.892203697111498],[-72.819097331893829,-38.892131295784402],[-72.819315412041504,-38.892073103442335],[-72.820128747967019,-38.891856070036084],[-72.82020871046808,-38.891834732713683],[-72.820944778265599,-38.891638309934834],[-72.822016060939674,-38.891352424623442],[-72.822317297904746,-38.891272033056779],[-72.822660090609475,-38.891182128178066],[-72.824579223176514,-38.890678770457782],[-72.824964877978957,-38.890577614677106],[-72.826902298052119,-38.89006301353627],[-72.82804802440873,-38.889774150522541],[-72.829476721476325,-38.889413924635505],[-72.830247935553516,-38.889219464770619],[-72.830906158843732,-38.889053490300995],[-72.831222610650698,-38.8889736934293],[-72.831733423524668,-38.88884488547442],[-72.831843327503861,-38.888817171117886],[-72.833162271430467,-38.892869620096342],[-72.833190676260799,-38.892956889919553],[-72.833202536798424,-38.892993328196297],[-72.833287855213314,-38.893255451292994],[-72.833173381074587,-38.893269146992331],[-72.832946225102916,-38.893296323551937],[-72.832931273446889,-38.893298876023145],[-72.832137078343521,-38.893504740397454],[-72.830822640788924,-38.893807949338061],[-72.829193264535292,-38.894172307889484],[-72.827611852121095,-38.894531411166199],[-72.826797150659104,-38.894713525387225],[-72.826410226574254,-38.894828382161386],[-72.825988030939911,-38.894927627407554],[-72.823573666472228,-38.895457807966068],[-72.820287340011433,-38.896215419785321],[-72.817490593558986,-38.896854448216757],[-72.816491100870991,-38.897111405787932],[-72.816187045123044,-38.896627648878791],[-72.815953911741587,-38.896289890301389],[-72.815809286501931,-38.895809655528318],[-72.815723468500451,-38.895600768921788],[-72.815579080749387,-38.895165579880739],[-72.815463964927929,-38.894640855366831],[-72.815231666227149,-38.894276176114033],[-72.814912128752354,-38.893792576582079],[-72.814592362693347,-38.893173936309815],[-72.814244905712869,-38.892122290701295],[-72.813490588495171,-38.890165168263088],[-72.810380671897221,-38.882283361354744]]]},"properties":{"OBJECTID":33,"NOMBRE":"Villegas","LUGAR":"Villegas","Shape_Length":7779.8971309012923,"Shape_Area":1705657.1031633066}},{"type":"Feature","id":34,"geometry":{"type":"Polygon","coordinates":[[[-72.822325811456778,-38.836279877565872],[-72.822358410544552,-38.836272529541013],[-72.822403625650594,-38.836262337106717],[-72.822458796903831,-38.836249900278986],[-72.825455677547978,-38.83557431112532],[-72.825732352144726,-38.83551193555585],[-72.826488106771166,-38.837659362203766],[-72.826591793679881,-38.837707779580995],[-72.827370842188913,-38.839753408593388],[-72.828098847029324,-38.841956060503151],[-72.828410734306232,-38.842645421118263],[-72.829181290467858,-38.844841059959293],[-72.829260371374204,-38.84506638791138],[-72.828648858961358,-38.845021310570431],[-72.828243843318518,-38.845158677824188],[-72.827685075765473,-38.844685192630088],[-72.826946065230047,-38.844030394236036],[-72.826634524553498,-38.843378388174798],[-72.826655463881906,-38.843129780083274],[-72.826539520831858,-38.842968642178533],[-72.826338145398964,-38.842758101042243],[-72.825418134948762,-38.842513783534223],[-72.825359121377787,-38.842518925761262],[-72.825203972136507,-38.842456909180967],[-72.825048823171997,-38.842394892401572],[-72.825041063976968,-38.842390230146748],[-72.8249784461415,-38.842365166815526],[-72.823631177468727,-38.841159337345395],[-72.823431893739169,-38.840980970554959],[-72.823085692415574,-38.840638378939332],[-72.823034486981598,-38.840650052917688],[-72.823145309313816,-38.840419391942845],[-72.823151015882658,-38.840407513866474],[-72.823095669538347,-38.840370260055558],[-72.822758244899092,-38.840143746473778],[-72.821306945090925,-38.839169459918296],[-72.820344042825624,-38.838530173815322],[-72.820023369449615,-38.838317269608709],[-72.818774518110786,-38.837353747010525],[-72.81903466046073,-38.837249699285294],[-72.819186046749579,-38.83719177113403],[-72.820246034353175,-38.836786156649573],[-72.820634216810333,-38.836637610950902],[-72.820889800998103,-38.836580690118808],[-72.821196260232085,-38.836512438969791],[-72.82140602462816,-38.836437871457754],[-72.821591652722844,-38.836405986013361],[-72.82190005048821,-38.836313370427796],[-72.821909247562644,-38.836351432612602],[-72.822325811456778,-38.836279877565872]]]},"properties":{"OBJECTID":34,"NOMBRE":"Fin Fin","LUGAR":"Fin Fin","Shape_Length":3089.220539702545,"Shape_Area":381260.43029602303}},{"type":"Feature","id":35,"geometry":{"type":"Polygon","coordinates":[[[-72.887124688934151,-38.81708438517488],[-72.888938919329433,-38.816701988806535],[-72.890535764803943,-38.816329865745445],[-72.890678587684704,-38.816294931022618],[-72.891821878174071,-38.816015274947134],[-72.891997796730621,-38.815970245288923],[-72.893170204956377,-38.815670137147556],[-72.893366052137949,-38.81562822478945],[-72.894526950496086,-38.815379774915897],[-72.894703707556104,-38.815341945596863],[-72.895782263126492,-38.815086561849867],[-72.896049676469147,-38.81502789663304],[-72.898895888567793,-38.814403444657259],[-72.899017686117887,-38.814376720823418],[-72.899625560959549,-38.814243343718601],[-72.900355892157606,-38.814083092342997],[-72.901919941114201,-38.813693768701214],[-72.902303228380305,-38.813598356843812],[-72.902538455710172,-38.813660081221492],[-72.902920475486525,-38.81376032209517],[-72.905641059296173,-38.814474150388477],[-72.912371971767001,-38.816286549619186],[-72.914142211314683,-38.816822116319216],[-72.914643964628524,-38.816326664118151],[-72.915184009220837,-38.81579339109765],[-72.916361056646068,-38.815297308772678],[-72.917311272723524,-38.815297953223798],[-72.918259384194286,-38.815319261821074],[-72.918940211644923,-38.815334558505654],[-72.920116574263815,-38.815441816082775],[-72.920659570979055,-38.815406712857943],[-72.92179100233237,-38.815194432812781],[-72.922560573784935,-38.814875440731022],[-72.924099128006077,-38.814734429699499],[-72.925320842475287,-38.814735149991904],[-72.926695889034491,-38.815018743542318],[-72.928624368644861,-38.816124999652416],[-72.929048119298329,-38.817401819665655],[-72.929095686081325,-38.817538072756122],[-72.929276006679231,-38.818054604286822],[-72.929887383001585,-38.818988049727643],[-72.930861687191083,-38.822438272362497],[-72.931195800556807,-38.823221720264847],[-72.931256850726356,-38.823364871757903],[-72.931317901129162,-38.823508023222459],[-72.931341124797214,-38.823562476059777],[-72.931388598217254,-38.823662439092502],[-72.932341522715703,-38.825668932691336],[-72.931987819539216,-38.825751125941387],[-72.931767610204886,-38.825802297323094],[-72.93119369564026,-38.825935659972195],[-72.930144010673274,-38.826179569464259],[-72.929990446872225,-38.826213848468122],[-72.927283177363833,-38.826818132429608],[-72.926989352945441,-38.826888718168647],[-72.926306025880436,-38.82705287224389],[-72.925267424355567,-38.827302363041966],[-72.925047711829976,-38.827355140607729],[-72.924960395585416,-38.827376114935433],[-72.924775812229612,-38.827419158815793],[-72.924484377949597,-38.827487119009092],[-72.924264216530574,-38.827538458066854],[-72.923488292274257,-38.82771939186398],[-72.923470144002465,-38.827678376622082],[-72.923178868270114,-38.827020096175083],[-72.923030242326192,-38.827053735655227],[-72.923025594983827,-38.827043296505344],[-72.922691554873822,-38.827130391966037],[-72.921665699735655,-38.827362570203164],[-72.920438826065364,-38.827671577004367],[-72.920179054670314,-38.827737002404646],[-72.918638260221428,-38.828123355853208],[-72.918490461823751,-38.828161296775285],[-72.918271791283132,-38.828217431915284],[-72.918152899095304,-38.828247952309148],[-72.918136653270182,-38.828200295327427],[-72.918124167090994,-38.828166915576269],[-72.917823733767861,-38.827363707003592],[-72.917660895910004,-38.82692835303412],[-72.917596399628621,-38.82675591996037],[-72.917573616867799,-38.826695007448237],[-72.916996578598059,-38.825279036083757],[-72.916462221512049,-38.823854874241917],[-72.915583988369647,-38.821616046356155],[-72.915548668846483,-38.821554672690915],[-72.91542666049979,-38.821221287201183],[-72.915152739687386,-38.821342245634732],[-72.915124045486252,-38.821402879353357],[-72.915012053086414,-38.821639535955157],[-72.914941248715323,-38.821756476675745],[-72.914843318219212,-38.821918219883578],[-72.914460224882347,-38.821942997992522],[-72.914113274139496,-38.821826087652603],[-72.913846602275385,-38.821721330030911],[-72.913471062034702,-38.82167939751141],[-72.913060336765966,-38.821687732620418],[-72.912723277994601,-38.821759002015256],[-72.91260949400106,-38.821785164272654],[-72.912369750935156,-38.821841325454116],[-72.912050429255672,-38.82199137380654],[-72.911874644649785,-38.822166418288823],[-72.911245022435338,-38.822912577159222],[-72.910224057462642,-38.822933347521776],[-72.909368075199126,-38.823098226696452],[-72.909219019823524,-38.82312992082354],[-72.909212811568281,-38.823139919266012],[-72.909036879802969,-38.823175856078393],[-72.909042035260697,-38.823167552560278],[-72.90817482557074,-38.82335194279981],[-72.904434905235846,-38.824147054833048],[-72.903241397842194,-38.824400766814961],[-72.902528884319295,-38.82455222400614],[-72.900964835070212,-38.824870460528835],[-72.900954223582033,-38.82487656259616],[-72.90087208599779,-38.824923799543967],[-72.901081764058759,-38.825089679476264],[-72.901232650346529,-38.825182029686644],[-72.901351773626416,-38.825193706214094],[-72.901503807178713,-38.825164016569509],[-72.901619287625948,-38.82513366899412],[-72.901736309545299,-38.82513386516041],[-72.901801029446489,-38.825159483869619],[-72.901914057953022,-38.825807081733672],[-72.901536580397661,-38.825869438809441],[-72.901523754333354,-38.825902977203086],[-72.901489820186256,-38.825991707426077],[-72.901462107848161,-38.826029270812569],[-72.901400948890029,-38.826112170432758],[-72.901386103707694,-38.826126092195302],[-72.901150475527544,-38.826225486860608],[-72.900758868783868,-38.826189193844463],[-72.900521001993923,-38.826187898113169],[-72.900320313147034,-38.826130888314154],[-72.900319722953725,-38.826118986783932],[-72.90031909679152,-38.826106349364892],[-72.900314910333492,-38.826077401422843],[-72.900308548891303,-38.826033410389201],[-72.900340255284036,-38.825950063780375],[-72.900341067946101,-38.825839461403227],[-72.90028664486357,-38.825783174796705],[-72.900187744293731,-38.825747067119217],[-72.900175925924088,-38.825749978481824],[-72.900126294732274,-38.825762206839414],[-72.899819014113632,-38.825665710856626],[-72.899317489386618,-38.825570930613829],[-72.899316983587596,-38.825570190778095],[-72.899310844595647,-38.825561205178808],[-72.899255046044175,-38.82547953111014],[-72.899214786590932,-38.825420602893267],[-72.899214239774693,-38.825403118443909],[-72.899208757357911,-38.825227740280447],[-72.898500216971357,-38.825371886328256],[-72.897858904452434,-38.825502351426451],[-72.895607648070367,-38.826044396773753],[-72.894841278849555,-38.824949451348544],[-72.894109410116826,-38.82444753864803],[-72.893951872344218,-38.824351949900453],[-72.893794332721185,-38.824256360008491],[-72.893029970686783,-38.824261189242442],[-72.891854672613647,-38.824280519476176],[-72.891371293043079,-38.824288465632229],[-72.890811824312266,-38.82424498592767],[-72.89025235753509,-38.824201503581257],[-72.889572601979879,-38.824103397499549],[-72.889101941917133,-38.823942315408694],[-72.888631285171883,-38.823781232396783],[-72.888380215768905,-38.823614581916736],[-72.887574337868244,-38.823247177542498],[-72.887399993469856,-38.823109097868766],[-72.887217003987772,-38.822964170473341],[-72.886995083513128,-38.822624453651407],[-72.886916647323616,-38.82250438214168],[-72.886750519561119,-38.822250071260896],[-72.886635220963697,-38.821779307257607],[-72.88663087791133,-38.821761573862567],[-72.886676816284776,-38.821377052355636],[-72.886695675275675,-38.821219198754726],[-72.88687675375806,-38.820985127784887],[-72.886978861239101,-38.820873128329289],[-72.887023956420975,-38.820823664054117],[-72.887123875535636,-38.820714063959194],[-72.887280804783032,-38.820541929257601],[-72.887307620172905,-38.820500517346396],[-72.887463964520094,-38.820259064490749],[-72.887118836018573,-38.819247898786756],[-72.887074710658368,-38.819118616981456],[-72.886982377454856,-38.818427974610508],[-72.886997570464729,-38.818261802900743],[-72.887012689610742,-38.818188549603775],[-72.887006914886456,-38.81815960130352],[-72.887020817765503,-38.818007534411237],[-72.887033103058826,-38.817873171443892],[-72.88705925866212,-38.817587094179167],[-72.887093309460539,-38.817212873075192],[-72.887110211180129,-38.817143668801009],[-72.887124688934151,-38.81708438517488]]]},"properties":{"OBJECTID":35,"NOMBRE":"Fdo. Sta Clara-1","LUGAR":"Fdo. Sta Clara-1","Shape_Length":10906.693233029058,"Shape_Area":4040964.4605670362}},{"type":"Feature","id":36,"geometry":{"type":"Polygon","coordinates":[[[-72.887110211180129,-38.817143668801009],[-72.887099056897355,-38.81714970483096],[-72.886613414272375,-38.817412502496502],[-72.886331392035331,-38.817565112239542],[-72.88574413283051,-38.817709851063192],[-72.885528190123708,-38.817763072129836],[-72.885298561101195,-38.817766117020348],[-72.884799180417559,-38.817751928156419],[-72.88328547453618,-38.817451662834202],[-72.883205360494401,-38.817435769880291],[-72.883172349201644,-38.817429221099985],[-72.882417587491389,-38.817293954228596],[-72.88207341588793,-38.817244098504212],[-72.881571036828234,-38.817171322237833],[-72.881064247183247,-38.816997633045624],[-72.88084262713393,-38.816816630311649],[-72.880450786249483,-38.816721878637573],[-72.880163336479868,-38.816754017900941],[-72.8797903937851,-38.816795714040254],[-72.879469939703469,-38.816763072874444],[-72.879106831215807,-38.816726086301834],[-72.87898461418996,-38.816684094245893],[-72.878491471177725,-38.816514654100395],[-72.878299713937281,-38.816494813995178],[-72.878072241621396,-38.816471278254248],[-72.877936675770343,-38.81641875099082],[-72.877825041931501,-38.816287147040448],[-72.8774211615046,-38.816140379744759],[-72.87734480871741,-38.816147896849898],[-72.877240507721524,-38.816158164917958],[-72.87716335777948,-38.81608130304086],[-72.87713691969337,-38.816054962881921],[-72.877113183934512,-38.816062888468302],[-72.876967644825342,-38.816111485239311],[-72.876824750391535,-38.816049287862214],[-72.876750557750469,-38.815982379102174],[-72.876476988048452,-38.815959524893216],[-72.876113446926595,-38.815695970642579],[-72.875710217379535,-38.815403639768121],[-72.875541638105389,-38.815281423634374],[-72.875380765125144,-38.815164793287458],[-72.874878844789777,-38.814972339922114],[-72.874876130739267,-38.814970852489814],[-72.874861140289397,-38.814965551956128],[-72.874751743018962,-38.814926869415665],[-72.874627355456639,-38.814882886212992],[-72.874570875857771,-38.814476581223651],[-72.874355391134571,-38.814293861522472],[-72.873879621383225,-38.814410359297895],[-72.873744291157323,-38.814464868481245],[-72.873159139628996,-38.814691165247176],[-72.872858912059428,-38.814642785601677],[-72.87267793427732,-38.814422602121553],[-72.872656005798007,-38.81439592322986],[-72.872771173445315,-38.814212071008001],[-72.872874472033217,-38.81417155368834],[-72.873067843143488,-38.814095705695813],[-72.873278993835456,-38.814042521299989],[-72.873459176452855,-38.813824092233055],[-72.873316567030685,-38.813710994805788],[-72.87329052153332,-38.81352927287341],[-72.873262871249281,-38.813048107552142],[-72.873276686458595,-38.812891016723185],[-72.873280332818979,-38.812887756521739],[-72.873431935755789,-38.812752206343248],[-72.873702092299581,-38.812510653927454],[-72.87381127474282,-38.812300895997396],[-72.873737748251628,-38.812011202381036],[-72.873819354776543,-38.81185671434087],[-72.874025026818117,-38.81170311522942],[-72.874265115632454,-38.811621662405209],[-72.874287321148344,-38.811335988467036],[-72.874301263785625,-38.811156625391654],[-72.874309527558495,-38.811050315428098],[-72.874448977934406,-38.810362468485692],[-72.874459108625928,-38.810323539119715],[-72.874402937847051,-38.810085756532665],[-72.874395666271425,-38.810054975622464],[-72.874379153055784,-38.809985075845816],[-72.87448205724327,-38.809859080745454],[-72.874697787803044,-38.809674806689316],[-72.874842414582986,-38.809643565160314],[-72.874965837437657,-38.809639080288676],[-72.875600240404452,-38.809555497416227],[-72.875654848296989,-38.809535208381043],[-72.87574801562279,-38.80950059238566],[-72.875827298531334,-38.809389565931944],[-72.875815463960436,-38.809282576694699],[-72.875815459563768,-38.808975042980819],[-72.875691806716816,-38.808829755185712],[-72.875356205740289,-38.808768391901346],[-72.875300881633791,-38.80875827599516],[-72.875127302429931,-38.80875511799195],[-72.874953723253284,-38.808751959731097],[-72.874842383274611,-38.808732419530656],[-72.874726392191732,-38.80871206384942],[-72.874714935632696,-38.808672299203224],[-72.87468971025433,-38.80858474829791],[-72.874660105985427,-38.808481994793709],[-72.8746606508452,-38.808480594595544],[-72.874803939734093,-38.808158808378884],[-72.874847476565947,-38.808093930753252],[-72.874893578670296,-38.807957502951481],[-72.874909727637245,-38.807909711468163],[-72.874826460876903,-38.807805586893153],[-72.874761767498072,-38.807829442121182],[-72.874697075255057,-38.807853296432469],[-72.874480156091991,-38.808078210690987],[-72.874309477752973,-38.808236318560915],[-72.874207571501813,-38.808330719951826],[-72.874101978989117,-38.80850044431299],[-72.873943748630708,-38.808510571231309],[-72.873828759960645,-38.808509774470458],[-72.873671955490394,-38.80850691969566],[-72.873516869412484,-38.808504095998636],[-72.873152725162086,-38.808147019957033],[-72.872955539380513,-38.807855473773721],[-72.872905007331255,-38.807870734152246],[-72.872810576049972,-38.807872306593644],[-72.872782216780678,-38.807839279960668],[-72.872670731901749,-38.807681743083663],[-72.872629218862684,-38.807623082160873],[-72.874341955135009,-38.806899003681536],[-72.874359448393378,-38.806905547293873],[-72.874403857946049,-38.806924951945689],[-72.874452496367141,-38.806946204071465],[-72.874523162610359,-38.806978271185315],[-72.874618470306771,-38.806994398735768],[-72.874713188941584,-38.806989472805192],[-72.874815954746609,-38.806981791007317],[-72.874951496024835,-38.806984141988465],[-72.875028796982875,-38.806971791542551],[-72.87507471192913,-38.806964456394148],[-72.875293816027607,-38.806921910692367],[-72.875295734084986,-38.80692153741942],[-72.875302452973372,-38.806920233319914],[-72.875567159269096,-38.806882106416495],[-72.875865565442012,-38.80686994775936],[-72.876181740996472,-38.806846703513976],[-72.87637175198509,-38.806806736177819],[-72.876456250685422,-38.806788962602184],[-72.876525272918386,-38.806783817553459],[-72.876631502209506,-38.806775899783375],[-72.876675611973639,-38.806772611953491],[-72.876910231792181,-38.806783543088621],[-72.877134380211203,-38.80682431660248],[-72.877396753243573,-38.806882008381812],[-72.877603076468276,-38.806925335831281],[-72.877623082010132,-38.806929536878364],[-72.877640900760369,-38.806932962039966],[-72.877852260702838,-38.806973589184366],[-72.878110355651998,-38.807006487235022],[-72.878358099913626,-38.807038441619419],[-72.878375576900325,-38.807040696327824],[-72.878389808538529,-38.807042533468056],[-72.878577091165511,-38.807066713284108],[-72.878795453793089,-38.807085709614299],[-72.878968413976054,-38.807106268724276],[-72.87899059640803,-38.807108906137039],[-72.879219181895465,-38.807111897592044],[-72.879479370307081,-38.807122821134286],[-72.879512306718851,-38.807123258761308],[-72.879728911430092,-38.807126137110679],[-72.879945171282984,-38.807107091196777],[-72.879964482478542,-38.80710376283163],[-72.880114236816553,-38.807077950876554],[-72.880169308324739,-38.807077845813239],[-72.880224379833962,-38.807077740723962],[-72.880328151990739,-38.80707471084343],[-72.880329635253034,-38.807074786419435],[-72.880507001536614,-38.807083891812852],[-72.880509126352948,-38.807084001555211],[-72.880513161585512,-38.807084150472548],[-72.880677193328012,-38.807090212305795],[-72.880810639902109,-38.807094524168669],[-72.880700072436454,-38.805734029949079],[-72.880798688163026,-38.805718262777084],[-72.881884549014373,-38.805589563524968],[-72.882449673310546,-38.805601773609425],[-72.883099396838361,-38.805500495784102],[-72.883965961507599,-38.805255854139773],[-72.885049555805722,-38.804671733760721],[-72.885362729564051,-38.804407690178962],[-72.886565742486184,-38.804427753612316],[-72.887407998542002,-38.804371914567596],[-72.888033465221014,-38.804429080128003],[-72.888466422881351,-38.804561675477807],[-72.889211948506656,-38.804826668837599],[-72.890029263308008,-38.805374829232264],[-72.890558429032978,-38.805526361085626],[-72.890177696424956,-38.805737742984668],[-72.889564028316542,-38.806078443306944],[-72.888385109982423,-38.80635718631688],[-72.888172779418042,-38.806409705852872],[-72.888438837817858,-38.806669991741181],[-72.888517581286322,-38.806747025569557],[-72.888513681536494,-38.806877643598284],[-72.888597532925957,-38.807089669679158],[-72.888728144807786,-38.807206462967663],[-72.88899939897486,-38.807306725253667],[-72.889230768634206,-38.807511175161395],[-72.889229605667609,-38.807648871632537],[-72.889320355724962,-38.807744915670057],[-72.88943178365264,-38.807862841878077],[-72.889653594080002,-38.80802447682359],[-72.889822684382068,-38.808286619630231],[-72.889855470117325,-38.808337447296516],[-72.88998500414958,-38.808683051464989],[-72.890001823892916,-38.80877144392921],[-72.889994724288812,-38.808857139050268],[-72.889949724945268,-38.808917975622194],[-72.889878686784925,-38.809014016310179],[-72.889848605364307,-38.809090990463091],[-72.889721870411222,-38.809255579933904],[-72.889622250122429,-38.809338009285149],[-72.889648199905736,-38.809344452043518],[-72.889572638240068,-38.809379058566684],[-72.889204143392092,-38.809547822979468],[-72.888885670789364,-38.809507474134605],[-72.88859163344604,-38.809559374209584],[-72.888467545222454,-38.809827622563468],[-72.888398591225652,-38.809941585486968],[-72.888381239514928,-38.809970262479702],[-72.888373343801916,-38.810029305846051],[-72.888357651044288,-38.810146662720811],[-72.888355402813517,-38.810163477686615],[-72.888394299894287,-38.810236295119253],[-72.888433198202492,-38.810309112561114],[-72.888287070570598,-38.810427650292873],[-72.888159203489735,-38.810531374384006],[-72.888209396598427,-38.810566260838286],[-72.888290551993848,-38.810622667842587],[-72.88837658689269,-38.810682467103277],[-72.888502556648774,-38.810770021100488],[-72.888428230640528,-38.810965356445152],[-72.888485267697689,-38.811097506833512],[-72.888444261314987,-38.811305859015405],[-72.888496073061432,-38.811472578536389],[-72.888566322068542,-38.811892768303451],[-72.888606745403621,-38.812307385624848],[-72.888567458897768,-38.812484549937089],[-72.888521075510624,-38.812588925777085],[-72.888458915008044,-38.812728802636151],[-72.888316873445817,-38.812930131649892],[-72.888429714711563,-38.813034606704527],[-72.888513584666768,-38.813275376884107],[-72.888600296036856,-38.813524304957554],[-72.888469252105551,-38.813986374485687],[-72.888432869362148,-38.814114662454998],[-72.888442939667684,-38.814307143690684],[-72.888448351359173,-38.814410579998281],[-72.888436716676736,-38.814565184048682],[-72.888433341857123,-38.814610034066554],[-72.888429478073093,-38.814661377990738],[-72.888418332219246,-38.814809489024753],[-72.888393565683401,-38.814838835638938],[-72.888204928944845,-38.815062358579134],[-72.888148302115539,-38.815139456750593],[-72.888070653117708,-38.815245178040563],[-72.888083313850416,-38.815283292684164],[-72.88813601911562,-38.815441965111646],[-72.888084528640434,-38.815637712990863],[-72.888040698058958,-38.815681625939931],[-72.888005385266908,-38.815717005165936],[-72.88772937956675,-38.815993528987697],[-72.887639209674262,-38.816083867239492],[-72.887239363880695,-38.81636492102664],[-72.887200344565827,-38.816412715833181],[-72.887177536499109,-38.816558583865167],[-72.887173061449886,-38.816587205262664],[-72.887166098064824,-38.816631745216554],[-72.887154658479275,-38.816704905643938],[-72.887125741833088,-38.816889841791671],[-72.886970339516125,-38.817116916543007],[-72.887046649664583,-38.817100833468942],[-72.887124688934151,-38.81708438517488],[-72.887110211180129,-38.817143668801009]]]},"properties":{"OBJECTID":36,"NOMBRE":"Misión Boroa","LUGAR":"Misión Boroa","Shape_Length":6205.3430117607586,"Shape_Area":1539797.4855457593}},{"type":"Feature","id":37,"geometry":{"type":"Polygon","coordinates":[[[-72.902303228380305,-38.813598356843812],[-72.902347698680487,-38.813587287190302],[-72.901855931963581,-38.812259065752535],[-72.901832185773699,-38.812194927925205],[-72.901602296215898,-38.811426959501574],[-72.901576734149728,-38.811341564234212],[-72.901504983707895,-38.811101871309923],[-72.901413089555064,-38.81089894168089],[-72.900920825275776,-38.809544687117821],[-72.90084111307776,-38.809325387935431],[-72.899895086254162,-38.8065964058502],[-72.899862251676097,-38.806505344356495],[-72.899662692048082,-38.805997424193123],[-72.89914903536922,-38.804569057167626],[-72.898214207153714,-38.802024862642163],[-72.898191498248394,-38.802033035440047],[-72.898187890079456,-38.802022046361976],[-72.898029024390055,-38.801696770054313],[-72.897885327551435,-38.801402545894007],[-72.897870798779763,-38.801372798935397],[-72.89779741455348,-38.801222541555767],[-72.899364879310809,-38.800127474402522],[-72.900575986474479,-38.799811340316516],[-72.903575109391241,-38.798500152010064],[-72.903920857678258,-38.798358887459813],[-72.904226559066785,-38.799189422169455],[-72.90418379431631,-38.799257699398822],[-72.904416942664625,-38.799774441578883],[-72.904674857699476,-38.800505328086103],[-72.905201780540978,-38.801998484912708],[-72.905590280844535,-38.802894161796573],[-72.905850498423476,-38.803601037343689],[-72.905874469608236,-38.803684111937898],[-72.906195416850679,-38.804537980247176],[-72.90619543603772,-38.804538032851205],[-72.906465164896062,-38.805270712845413],[-72.906470492258876,-38.805269794674118],[-72.906533055271538,-38.805436235390367],[-72.908105659888406,-38.805084729257601],[-72.908514977387838,-38.80499323424727],[-72.909139840875284,-38.804853556502266],[-72.909153635751878,-38.80485061469367],[-72.910501077455649,-38.804563229904012],[-72.910621577186234,-38.804522977472828],[-72.911605848311197,-38.804194175280493],[-72.911619077244168,-38.804234775546647],[-72.911648346152617,-38.804324606004421],[-72.911660728624128,-38.804362608760414],[-72.911324068940488,-38.804937165877284],[-72.911201242468778,-38.805146784815371],[-72.9109602552642,-38.805481446176984],[-72.910794840954367,-38.805711155562918],[-72.910364412182062,-38.806308882836369],[-72.910208424404203,-38.806525495835366],[-72.91007547391672,-38.807267872411977],[-72.910044576192533,-38.80744040214838],[-72.910440854403433,-38.807361552896936],[-72.910852665693156,-38.807279611170948],[-72.911308750674777,-38.8071888574366],[-72.911398163049782,-38.807167820621508],[-72.913003769506915,-38.806790039341969],[-72.914896409259029,-38.806333699318472],[-72.915030852063296,-38.806301282505238],[-72.915031026934685,-38.80630263087437],[-72.916462166726049,-38.805983190745721],[-72.920365918024501,-38.805086054740428],[-72.92355215525042,-38.804287019981857],[-72.924365897424195,-38.804082934894495],[-72.925501266306782,-38.803810253999181],[-72.928062913923284,-38.803194977729397],[-72.929315171127314,-38.802892018966546],[-72.929566315964351,-38.802831257670839],[-72.930819997194774,-38.802456280613171],[-72.930770833443034,-38.802370793055573],[-72.930810837469338,-38.802360873123931],[-72.930474038527535,-38.801749874482162],[-72.930526943483727,-38.801675565227043],[-72.930495626042159,-38.801614949773899],[-72.930929462615538,-38.801678361652947],[-72.931739236995256,-38.801796716351248],[-72.933012179722368,-38.801811053134827],[-72.934426914224275,-38.801423219704446],[-72.935092809755005,-38.800869888285867],[-72.935294651825529,-38.801370367243813],[-72.935341907284808,-38.801496675958035],[-72.935671659641315,-38.802378060911437],[-72.936026069449611,-38.803280764023825],[-72.93616650380352,-38.803655000065291],[-72.936393741026805,-38.804260543677039],[-72.936644276789693,-38.80500574233583],[-72.936917295187058,-38.805666296586892],[-72.93736907026782,-38.806782776695492],[-72.937593959437606,-38.807413652376333],[-72.938532127232605,-38.809816549557816],[-72.937880294558568,-38.810039651134332],[-72.937305578605148,-38.81033984694416],[-72.937063724544942,-38.81060610119453],[-72.936621344396997,-38.810848183025776],[-72.936178971293657,-38.811007655167636],[-72.936045618172756,-38.811002055735443],[-72.935743920989239,-38.810831236225781],[-72.935231053775084,-38.81068929496864],[-72.934726200389662,-38.810687484796695],[-72.934213761581574,-38.810731301997563],[-72.933757441304067,-38.810808090348424],[-72.933322182228565,-38.810984072747324],[-72.932992097468414,-38.811204165553228],[-72.932500517058799,-38.811396714644374],[-72.932156487944226,-38.811517644045232],[-72.931805392902191,-38.811666103741473],[-72.931398094853648,-38.811902660593567],[-72.931117148138981,-38.81216685910104],[-72.930520177857318,-38.812535540758716],[-72.93017591938488,-38.812942841367665],[-72.929768394776048,-38.813432707767383],[-72.929634857306525,-38.813669427158516],[-72.929484090481239,-38.813953404870674],[-72.92929220485793,-38.814391420840849],[-72.92913561510079,-38.814748444587138],[-72.928956466534586,-38.815192449699836],[-72.928924279366967,-38.815601947093008],[-72.928768576946965,-38.815831200934859],[-72.928624368644861,-38.816124999652416],[-72.926695889034491,-38.815018743542318],[-72.925320842475287,-38.814735149991904],[-72.924099128006077,-38.814734429699499],[-72.922560573784935,-38.814875440731022],[-72.92179100233237,-38.815194432812781],[-72.920659570979055,-38.815406712857943],[-72.920116574263815,-38.815441816082775],[-72.918940211644923,-38.815334558505654],[-72.918259384194286,-38.815319261821074],[-72.917311272723524,-38.815297953223798],[-72.916361056646068,-38.815297308772678],[-72.915184009220837,-38.81579339109765],[-72.914643964628524,-38.816326664118151],[-72.914142211314683,-38.816822116319216],[-72.912371971767001,-38.816286549619186],[-72.905641059296173,-38.814474150388477],[-72.902920475486525,-38.81376032209517],[-72.902538455710172,-38.813660081221492],[-72.902303228380305,-38.813598356843812]]]},"properties":{"OBJECTID":37,"NOMBRE":"Fdo. Mella","LUGAR":"Fdo. Mella","Shape_Length":10923.844570731349,"Shape_Area":3850833.0341014746}},{"type":"Feature","id":38,"geometry":{"type":"Polygon","coordinates":[[[-72.930495626042159,-38.801614949773899],[-72.930474188743048,-38.801573458226862],[-72.929076365647859,-38.798867824385567],[-72.928350840955233,-38.797463412283619],[-72.926712870280113,-38.794313721079142],[-72.925816070587786,-38.79258927350832],[-72.925558190823921,-38.792093188520951],[-72.923855521211209,-38.789045309526351],[-72.923798432960496,-38.788940101289576],[-72.924500404526114,-38.787642463261875],[-72.924556214446824,-38.78695871485148],[-72.925074485816893,-38.785909237643367],[-72.925215463709648,-38.785280242159054],[-72.925244570472046,-38.784682321364336],[-72.924999525571195,-38.783904583994946],[-72.925042400051737,-38.783715805375415],[-72.925837077936393,-38.781741910580173],[-72.927094548777887,-38.781222727269302],[-72.927822496120626,-38.781222849530359],[-72.928550332002075,-38.781482683254985],[-72.929013546234231,-38.781482788797227],[-72.929609081480876,-38.781482895074163],[-72.930469381042798,-38.781275267769537],[-72.931395889736677,-38.781223392868618],[-72.932322299291357,-38.781171599847568],[-72.933267965784893,-38.781317426912068],[-72.934576478043681,-38.781030584551218],[-72.936879035926381,-38.780949657846399],[-72.939181264762396,-38.781443696502237],[-72.940541822804619,-38.781567505814508],[-72.942216442171116,-38.781445132038208],[-72.942874365612951,-38.783042770136653],[-72.942046261101837,-38.783857694057524],[-72.94158018175402,-38.784953302490059],[-72.941019128575903,-38.786119213592968],[-72.940265978063138,-38.787840445440139],[-72.939544747676024,-38.788999109752965],[-72.938400342525611,-38.790060124915222],[-72.936949530909175,-38.791088782178271],[-72.936448436598525,-38.791971957784114],[-72.936329525374276,-38.795245097700018],[-72.93615452047041,-38.797658188493124],[-72.934157746574428,-38.798191509167019],[-72.935092809755005,-38.800869888285867],[-72.934426914224275,-38.801423219704446],[-72.933012179722368,-38.801811053134827],[-72.931739236995256,-38.801796716351248],[-72.930929462615538,-38.801678361652947],[-72.930495626042159,-38.801614949773899]]]},"properties":{"OBJECTID":38,"NOMBRE":"Lamecura","LUGAR":"Lamecura","Shape_Length":6723.3667822873203,"Shape_Area":2316374.2200734769}},{"type":"Feature","id":39,"geometry":{"type":"Polygon","coordinates":[[[-72.941019128575903,-38.786119213592968],[-72.94158018175402,-38.784953302490059],[-72.942046261101837,-38.783857694057524],[-72.942874365612951,-38.783042770136653],[-72.943695114442335,-38.784808938352462],[-72.943622477784814,-38.784962264208062],[-72.943478752541026,-38.785265647904922],[-72.94348786374529,-38.785341660789953],[-72.943744571163137,-38.785605086418492],[-72.944259796294901,-38.786022873215877],[-72.944359471107575,-38.786283894253401],[-72.944131414049266,-38.786774271095894],[-72.944059681389987,-38.787037410522309],[-72.944067787858131,-38.787402851164416],[-72.944110885337452,-38.787452435386633],[-72.9440672734641,-38.787225823295557],[-72.944114773569609,-38.787472413255479],[-72.944175766640214,-38.787526907734218],[-72.944513770107577,-38.78761429310196],[-72.945672411287944,-38.787520987487099],[-72.946071446528322,-38.787651692492453],[-72.946470340063755,-38.787893288589295],[-72.94671960221207,-38.788310984066683],[-72.947151758311307,-38.788637483030243],[-72.947209776323945,-38.788908309068717],[-72.94711820314096,-38.789224702930021],[-72.94716174174205,-38.789397981720207],[-72.947356094339654,-38.789375363339708],[-72.947325102478942,-38.789459657298941],[-72.94793684092015,-38.789285265754742],[-72.948081578170331,-38.789231514806943],[-72.948226316359879,-38.789177763693559],[-72.948622670153313,-38.788994380625141],[-72.949016238941425,-38.788699676591847],[-72.949051585124963,-38.788673209150915],[-72.949484695934601,-38.788560618269244],[-72.9496164275767,-38.788526373528519],[-72.949942889754212,-38.788581690608851],[-72.95044074030406,-38.788775950871859],[-72.950599297776435,-38.78873514847205],[-72.950757855076446,-38.788694345851731],[-72.950889445952185,-38.788529046776581],[-72.951005106434465,-38.788106721236957],[-72.951195009065344,-38.787857346492039],[-72.951717127454373,-38.787713350879045],[-72.951790037065564,-38.787699486392221],[-72.952126396985193,-38.787605000324909],[-72.952296343224191,-38.787627051100529],[-72.952383771491455,-38.787667160965974],[-72.952576405118435,-38.787755537480571],[-72.952669088293689,-38.787800466114945],[-72.952701419694947,-38.787841561716341],[-72.952733750007809,-38.787882656388774],[-72.952773101010663,-38.787997778586593],[-72.952766575948033,-38.788061908629352],[-72.952772353090381,-38.788070997788687],[-72.952751971039078,-38.788205437576096],[-72.952749124537775,-38.788224208683623],[-72.952746279185462,-38.788242979811166],[-72.952534324434723,-38.788511401579768],[-72.952337851204135,-38.788941390994665],[-72.952372079255852,-38.789228359685175],[-72.952264855951142,-38.789543226490537],[-72.952919244042732,-38.789590315597209],[-72.953059673775286,-38.789625575417659],[-72.953070110396837,-38.789633615403915],[-72.953313010045648,-38.789820735689467],[-72.95348012163916,-38.789835583539436],[-72.953579800077833,-38.789870157595224],[-72.953671407821915,-38.789950469505214],[-72.954002279430625,-38.790268142674442],[-72.954236718644268,-38.790268256301964],[-72.954284117275847,-38.790321048691631],[-72.954485077489622,-38.790219022488927],[-72.955049082388925,-38.790099815187595],[-72.955128014103707,-38.790158131237547],[-72.955170679857005,-38.790259684184697],[-72.95506647619014,-38.790451184254017],[-72.954707371726471,-38.790788845054472],[-72.954575716883738,-38.790914370747117],[-72.954534050106432,-38.791116604724117],[-72.954617109388252,-38.791286249716983],[-72.955074284605899,-38.79160622068153],[-72.955207325904425,-38.791678006652894],[-72.955298693241858,-38.791756358732144],[-72.955298656618652,-38.791867253994496],[-72.955207136474002,-38.792043390802121],[-72.955123955094976,-38.792193459460883],[-72.955206952371498,-38.792421838348943],[-72.955324518288975,-38.792562056026568],[-72.955353156126662,-38.792574597060643],[-72.955425306850984,-38.792745682315726],[-72.953967681945812,-38.793122170209173],[-72.951660602370026,-38.793718015820687],[-72.951538879697594,-38.793749452235758],[-72.951316255995607,-38.793806944832376],[-72.949037238633792,-38.794395480406571],[-72.947360421786911,-38.794828467110207],[-72.945776433260875,-38.795237458091393],[-72.942295553874359,-38.796136136785201],[-72.941651129287777,-38.796302498188233],[-72.940746346520811,-38.796536063765217],[-72.940432139317153,-38.796617173299438],[-72.940426255724461,-38.796603096213275],[-72.940402779324046,-38.796624752346688],[-72.93633599054597,-38.797608866032327],[-72.93615452047041,-38.797658188493124],[-72.936329525374276,-38.795245097700018],[-72.936448436598525,-38.791971957784114],[-72.936949530909175,-38.791088782178271],[-72.938400342525611,-38.790060124915222],[-72.939544747676024,-38.788999109752965],[-72.940265978063138,-38.787840445440139],[-72.941019128575903,-38.786119213592968]]]},"properties":{"OBJECTID":39,"NOMBRE":"Cancura","LUGAR":"Cancura","Shape_Length":5995.5097664876548,"Shape_Area":1275534.4616998029}},{"type":"Feature","id":40,"geometry":{"type":"Polygon","coordinates":[[[-72.97746896796049,-38.792970754805353],[-72.977556718409573,-38.793214673522961],[-72.981112236396243,-38.792313181332538],[-72.983631098176019,-38.791698327196904],[-72.984655767263632,-38.79149473245451],[-72.986756327470303,-38.790972159030332],[-72.989169530739659,-38.790427075782873],[-72.989860820111019,-38.790269440005922],[-72.991638955698221,-38.789866161100889],[-72.993351362263439,-38.789454739947836],[-72.994858888213003,-38.789123558027143],[-72.997139791476769,-38.788568691289612],[-72.996519203504377,-38.786955691435082],[-72.996318104130424,-38.78643298841731],[-72.997043934404388,-38.786256788885304],[-72.997482790740094,-38.786150250891374],[-72.999370268940851,-38.785723959767459],[-72.999432503234502,-38.785882826391052],[-73.000327269316912,-38.785563032851762],[-73.000689292479763,-38.785444448540154],[-73.001515137903439,-38.787476618483645],[-73.002296514739726,-38.787263297871604],[-73.002890205676849,-38.787101211986432],[-73.003604267807944,-38.78690625831409],[-73.004215404132324,-38.786739400768745],[-73.004845227667744,-38.78656743664591],[-73.005612416444208,-38.786357961875268],[-73.006613722824767,-38.7860845534695],[-73.006686271649471,-38.786064743820837],[-73.006942163789333,-38.78599486980621],[-73.007006502744332,-38.785977301358329],[-73.007769174945309,-38.785769041735186],[-73.008504331330585,-38.785568290393783],[-73.009376789015448,-38.785330036914353],[-73.010059983741058,-38.785143462978361],[-73.010817450134056,-38.784936600214422],[-73.010954205077127,-38.784899251962393],[-73.011171116589395,-38.785479653761904],[-73.011875439822347,-38.787364194182061],[-73.012278509756541,-38.788442634368806],[-73.01238933704299,-38.788739095241652],[-73.012592424548174,-38.789282339416104],[-73.012811951257135,-38.789869551216768],[-73.013573001156331,-38.791905207812235],[-73.013737749737004,-38.792345863006048],[-73.014181922508783,-38.793533868241717],[-73.014155871287301,-38.793712454999685],[-73.014187374394083,-38.794071090402127],[-73.014394815042436,-38.794720019151292],[-73.015746626611403,-38.798603015371427],[-73.016344038667569,-38.800000809590742],[-73.016471611452928,-38.800299291608788],[-73.017196630307851,-38.801995563806152],[-73.017323239779984,-38.802294729532981],[-73.016941930756602,-38.802396228099859],[-73.015104275098793,-38.802885363274349],[-73.014448024741355,-38.803055836314059],[-73.014391236134699,-38.80307058881705],[-73.013187349049275,-38.803305136719786],[-73.013066479834208,-38.803333304503639],[-73.011416412184971,-38.80371783278644],[-73.010691787270034,-38.803877107936138],[-73.010304071201745,-38.803962326907651],[-73.010070691496367,-38.803972322669679],[-73.009810854451246,-38.8039225646638],[-73.009630824749323,-38.803910676571384],[-73.009518904499558,-38.803903285515403],[-73.009177168003177,-38.803921301117263],[-73.008810405182771,-38.803962729902779],[-73.008595111891111,-38.804035347528739],[-73.008459658675235,-38.804085487103549],[-73.008256411596463,-38.804163077841373],[-73.008120162610425,-38.804241811719109],[-73.008085336622386,-38.804275683780034],[-73.007994898248981,-38.804363645184502],[-73.007831629337701,-38.804537278489569],[-73.007720486191417,-38.804622785277068],[-73.0075661307486,-38.804681163126354],[-73.007189299283723,-38.804792573290044],[-73.005854706929526,-38.805110697262322],[-73.003211708372106,-38.805755257907023],[-73.00148140039056,-38.806177553826082],[-73.000920476002094,-38.806288683943912],[-73.000948997179336,-38.806414631160322],[-73.00089728627313,-38.806427650137401],[-73.000331030425869,-38.806570211958721],[-72.999988771016305,-38.806585029773004],[-72.999855475633311,-38.806621286730405],[-72.99898100897444,-38.806859148155233],[-72.997716552945448,-38.807125857834876],[-72.995444335167534,-38.807696315427457],[-72.995278202022078,-38.807729763509606],[-72.995500116607346,-38.808248042530828],[-72.995877013121302,-38.809128275358709],[-72.995773433482782,-38.809194371022478],[-72.995698202396554,-38.809216685605385],[-72.995593763738782,-38.809295995518518],[-72.99535848323265,-38.809472179185789],[-72.995123201568305,-38.80964836234309],[-72.994917086379743,-38.809781730671332],[-72.994634718793804,-38.809718864386845],[-72.9942544313528,-38.809807763904971],[-72.99417837311762,-38.810089278768743],[-72.99403077631186,-38.810301515226399],[-72.99383304069471,-38.810585847897855],[-72.993303712514731,-38.810578222153573],[-72.992860394826209,-38.810762458531656],[-72.992608248511232,-38.81088429565667],[-72.992276935532288,-38.811067163306198],[-72.992048763488711,-38.811378305516499],[-72.991554389740401,-38.811600549039298],[-72.991060015197149,-38.811911688406845],[-72.990655997556715,-38.812021873094643],[-72.990316288408039,-38.812179118059568],[-72.990199330828119,-38.812148366632613],[-72.990163115628206,-38.812158948810669],[-72.989980014365528,-38.812212450901114],[-72.988843181150273,-38.812544635221073],[-72.988778289658782,-38.812563595736385],[-72.987981965469302,-38.812628616612145],[-72.987744039894736,-38.812648042862911],[-72.987501414213042,-38.812779076588846],[-72.987153020199088,-38.813011790819644],[-72.987011726051804,-38.813110355422928],[-72.98692606034416,-38.813170113829074],[-72.986583202509919,-38.813231720640701],[-72.986456561984554,-38.813237881006977],[-72.986377860829748,-38.813241709626418],[-72.986186673112954,-38.813355584006111],[-72.986052770404072,-38.81349091042545],[-72.986028881738989,-38.813515053735152],[-72.985911566064502,-38.813596378112877],[-72.985911809141299,-38.813597438328458],[-72.985819685279097,-38.813660070589641],[-72.985668686034643,-38.813762730791609],[-72.985582006400207,-38.813821660660615],[-72.985419008758356,-38.813932477067873],[-72.985355712422106,-38.813975510231096],[-72.985347843883403,-38.81395949990489],[-72.985037828852143,-38.814077218918293],[-72.98486669971949,-38.814232784247089],[-72.984832098071507,-38.814243054698956],[-72.98466704872969,-38.814292046449708],[-72.984457890016841,-38.814292046564631],[-72.984436426120865,-38.814274561714086],[-72.98435697205197,-38.814209838069708],[-72.984256054293581,-38.81412763039328],[-72.984151300848765,-38.814068078045409],[-72.983925487580962,-38.813943878207645],[-72.983895822553464,-38.813927505038642],[-72.983697315851245,-38.813817944159247],[-72.983573145307673,-38.813788918621825],[-72.983505239887805,-38.813773044752786],[-72.983472582902493,-38.813765411301603],[-72.983412099494544,-38.81375127299146],[-72.98314589823697,-38.813647562323204],[-72.982974768474776,-38.813603115676841],[-72.982756103118646,-38.813491996759744],[-72.982712383137752,-38.813461026903056],[-72.982546945028275,-38.813343838476335],[-72.982373117701798,-38.813338821783155],[-72.982290251164997,-38.813336430564235],[-72.982155566579891,-38.813466068665662],[-72.981993944430826,-38.81346606934796],[-72.981799046505358,-38.813403102022228],[-72.981732495816175,-38.813325318209259],[-72.981654237201539,-38.813299184379325],[-72.981651689561517,-38.813298333016284],[-72.981549041050357,-38.813258287186166],[-72.981428266792264,-38.813177160270619],[-72.981342701747479,-38.813062336379211],[-72.981290411858936,-38.812966032773133],[-72.981105021776102,-38.812925289794521],[-72.981005196349955,-38.813047520676868],[-72.980895863373078,-38.813143824463125],[-72.980792865397788,-38.813141087746395],[-72.980477547805975,-38.813132711838172],[-72.98016381013025,-38.813140119849685],[-72.979787681950157,-38.813204505640826],[-72.979323171903673,-38.813318148382443],[-72.979151944388832,-38.813315164080542],[-72.978989671701399,-38.813184567455309],[-72.978851817567147,-38.81299566499527],[-72.978688178759739,-38.812853879487449],[-72.978501043685824,-38.812751587061371],[-72.97841735715987,-38.812743809589129],[-72.978297823276776,-38.812741762978852],[-72.978160784290466,-38.812743866159508],[-72.977970620906248,-38.812820343302455],[-72.977706796054605,-38.812881458651013],[-72.977683725876773,-38.812883660485518],[-72.97755807328744,-38.812895649036626],[-72.97735740621512,-38.812914794617356],[-72.977193286027799,-38.812928399804996],[-72.977179045773667,-38.812927014243861],[-72.976951375098992,-38.812904866054353],[-72.976573063113293,-38.812703667161173],[-72.976451847055131,-38.812598102921626],[-72.976344891396721,-38.812470315440855],[-72.976336430887315,-38.812468337923697],[-72.97613097981403,-38.812420311352042],[-72.976123917647186,-38.812419587074224],[-72.975914755545759,-38.812398146865213],[-72.975269228996069,-38.811944440891232],[-72.975146496319184,-38.811858178195401],[-72.974716353334244,-38.811637075331845],[-72.974445398810218,-38.811531509116136],[-72.974085771524869,-38.81131718004287],[-72.973981922725017,-38.811214812285428],[-72.973860705603755,-38.811120357934556],[-72.973653924329398,-38.81101479129854],[-72.97327434866537,-38.811023786731418],[-72.973012188989074,-38.811025903897388],[-72.972823434979446,-38.811070845305451],[-72.972755495315681,-38.8110870210256],[-72.972441757958478,-38.811070353217218],[-72.971849935714502,-38.811109245474043],[-72.97170760939818,-38.811142517267925],[-72.971707327696407,-38.811142582656991],[-72.971705312488041,-38.811141765554176],[-72.971529068219553,-38.811070353321909],[-72.971464894079915,-38.810992567184485],[-72.971414981633046,-38.810803658953319],[-72.971179678874435,-38.810681423358545],[-72.971027999814353,-38.810741511780897],[-72.970880202544762,-38.810853663910819],[-72.970814573157696,-38.810863498354735],[-72.97078833326502,-38.81086090337336],[-72.970738485074392,-38.81087490086594],[-72.970694812701737,-38.810881444996575],[-72.970663565341681,-38.810895937752527],[-72.970395335278553,-38.811020347489482],[-72.970226857891674,-38.811005082485757],[-72.970203961354542,-38.811003007713275],[-72.97008872855703,-38.810992567584684],[-72.969960381768644,-38.811014791954612],[-72.969803513616355,-38.811081465294095],[-72.969610992133539,-38.811025904002143],[-72.969432733019275,-38.810914781599912],[-72.969385016860898,-38.810859987651725],[-72.969297255424394,-38.810759209212215],[-72.969238212970254,-38.810629255142651],[-72.968897953291304,-38.810670311383404],[-72.96876090517118,-38.810640647061724],[-72.968641259419869,-38.810614749769073],[-72.968322730374069,-38.810401593675905],[-72.968202956314755,-38.810232318043766],[-72.968142042016069,-38.810146229652979],[-72.968073793419634,-38.810115527751826],[-72.967923181899323,-38.810047773693178],[-72.96760123602796,-38.809956439303576],[-72.967452953734835,-38.809914372445256],[-72.967414831886501,-38.809903557857268],[-72.967108224549932,-38.809931339240364],[-72.966808748945269,-38.809986900559643],[-72.966421202054306,-38.809967557580293],[-72.965798845356204,-38.809425083873499],[-72.965376675116815,-38.809061848154933],[-72.965298359367239,-38.808902777094779],[-72.965197886730067,-38.808819922963934],[-72.965055982977319,-38.808749912971166],[-72.964894762928495,-38.808620945321771],[-72.964711292452606,-38.80856819721641],[-72.964546114454464,-38.808583356598739],[-72.964422309369368,-38.80858117004297],[-72.964365029158003,-38.808417961585768],[-72.964205610882985,-38.808253001636302],[-72.963940293362455,-38.808167282865973],[-72.963812483970216,-38.807957842938031],[-72.963526359294789,-38.807871749670312],[-72.963304089513755,-38.807737289423933],[-72.963144008084157,-38.807572259715023],[-72.962942753246736,-38.80741106013393],[-72.962699398989969,-38.807262636983133],[-72.962653633483839,-38.807229693085318],[-72.962558312185237,-38.8071610783389],[-72.962441524693631,-38.806915782115439],[-72.962439297079314,-38.806911273183225],[-72.962344967277318,-38.806720316744716],[-72.962241604585103,-38.806662971346043],[-72.962038939458793,-38.806408421084036],[-72.961987220975629,-38.806263568141034],[-72.9618899138149,-38.806068218161386],[-72.961728411192112,-38.805952763206129],[-72.961526430573585,-38.805764696593435],[-72.961447265176929,-38.805690984606088],[-72.961391720933392,-38.805464769896048],[-72.961462825154101,-38.805206039557639],[-72.961484126019997,-38.805128529751194],[-72.961467902501241,-38.804966086916856],[-72.961453344912442,-38.804772069095627],[-72.961326982739422,-38.804484973769377],[-72.961317484146619,-38.804463392899315],[-72.961237140670917,-38.804319823120338],[-72.961200326257753,-38.804254037838071],[-72.961102111860157,-38.804090146563894],[-72.960987597130256,-38.803985378165542],[-72.960941529163676,-38.803943231388203],[-72.96094506137041,-38.803817857146178],[-72.960945590425339,-38.803799100373233],[-72.960990828038859,-38.803651229847517],[-72.961138062155825,-38.803559151020124],[-72.961310269748338,-38.803273872987909],[-72.961237537305607,-38.802948192992005],[-72.96112024324961,-38.802720922726621],[-72.961126739834697,-38.802495752971517],[-72.960966061681262,-38.802348750563063],[-72.960766143878544,-38.802165077905528],[-72.960505404069124,-38.80192178502125],[-72.959953108532346,-38.801781502103147],[-72.959899437728865,-38.801767869871775],[-72.95980507946544,-38.801743902876595],[-72.959794309301401,-38.801690191020647],[-72.959792680326458,-38.801682064897243],[-72.959917462581771,-38.801584819849708],[-72.959905578255686,-38.801422744482323],[-72.959905578669364,-38.801168053993592],[-72.959780796204313,-38.800834639423684],[-72.959630641694773,-38.800720619679318],[-72.959604614783487,-38.800700856571702],[-72.959533719101714,-38.800732100648261],[-72.959483614210171,-38.800754182079892],[-72.959362612334928,-38.800807506536636],[-72.959196460085352,-38.800880729012356],[-72.959159063839195,-38.800966563062346],[-72.959064011519928,-38.801184735819767],[-72.959049773286495,-38.801203428737161],[-72.958964617742808,-38.801315224263774],[-72.958784918642564,-38.801291232009326],[-72.958748975857347,-38.801283592847149],[-72.958628049611562,-38.801257890118272],[-72.958518717094577,-38.801161570675752],[-72.95841495265789,-38.801106581962337],[-72.958399877694077,-38.801098592922266],[-72.95818596594593,-38.801172684788931],[-72.957938779151405,-38.8011541620332],[-72.957691592507899,-38.801135638757557],[-72.957656194941933,-38.801112139636494],[-72.957513923526491,-38.801017689624146],[-72.957477203942517,-38.800993312242042],[-72.957434897437366,-38.800965226669213],[-72.957393393908504,-38.800923178155372],[-72.95736188151507,-38.800885691531434],[-72.957292290301055,-38.800820747352816],[-72.957194841303604,-38.800767030360291],[-72.957097392454401,-38.800713313289947],[-72.956992813273388,-38.80063922139415],[-72.956952680464809,-38.800564158183342],[-72.956897741245541,-38.800461399222471],[-72.956769540335358,-38.800250474318204],[-72.956559088654743,-38.80022187158648],[-72.956649593127224,-38.799948646040733],[-72.956652708865292,-38.799944134966957],[-72.95670332340471,-38.799870851121717],[-72.956776023939796,-38.799856287095714],[-72.956996533065876,-38.799812110646073],[-72.957065517239698,-38.799798290570109],[-72.957192987429423,-38.799669875206938],[-72.957198881693728,-38.799462735822438],[-72.957161618407028,-38.799331442845592],[-72.957042088556108,-38.799185110631228],[-72.956900506003009,-38.799101571848361],[-72.956801397775692,-38.798969224874476],[-72.956744535078968,-38.798792489930968],[-72.956542539595148,-38.798658319418024],[-72.956358301892024,-38.798609996130295],[-72.956214470343539,-38.79860748937584],[-72.956053521188565,-38.798474086703386],[-72.955488149928385,-38.79850701377795],[-72.955434864524562,-38.798512803727924],[-72.955254004954014,-38.79849332434118],[-72.955226989795051,-38.798453182114613],[-72.955217008465226,-38.798452806444878],[-72.955196110487378,-38.798281456085057],[-72.955145458399741,-38.798260386878702],[-72.955054803807627,-38.798222678761839],[-72.954863490163078,-38.798216086269221],[-72.95466125428014,-38.798289297643052],[-72.954497532517209,-38.798503087088029],[-72.954214667377755,-38.798633441646651],[-72.954116431815663,-38.798647260376789],[-72.953615981834957,-38.798698536211759],[-72.953316549433154,-38.798737521867082],[-72.953211234990079,-38.798676686091852],[-72.953196249311318,-38.798668029378419],[-72.953189995203402,-38.798611199181302],[-72.953171685310465,-38.798444817156778],[-72.953474081756966,-38.798176075685291],[-72.953672895119496,-38.798057352438072],[-72.953885268214151,-38.797845361617263],[-72.953942991302384,-38.797810853695708],[-72.95416124708764,-38.797681048556129],[-72.954394899113424,-38.797455206522791],[-72.954409558274705,-38.79731869852742],[-72.954436421009987,-38.797068532302902],[-72.954656089636913,-38.796577695978172],[-72.954810433048621,-38.796326606419804],[-72.954876362007752,-38.796219350948505],[-72.955087413682747,-38.795876004077755],[-72.95529704636121,-38.795757651162617],[-72.9555205576291,-38.795666955013793],[-72.955738961295992,-38.795623945033292],[-72.955772443019583,-38.795617351503239],[-72.9559927313869,-38.795634736692911],[-72.956552088719178,-38.795703028508768],[-72.956980799794351,-38.795809699365371],[-72.957185571370786,-38.795848350338161],[-72.958027400841203,-38.795867837683538],[-72.958480767402676,-38.795726761573633],[-72.958568410257215,-38.795591212269912],[-72.958549144877409,-38.795465715255261],[-72.958163987683221,-38.795351702129516],[-72.957992820455402,-38.795211628763461],[-72.957856286200354,-38.795087438744794],[-72.957818840750477,-38.795053377889921],[-72.957725589169328,-38.794968555956075],[-72.95768971060879,-38.794890383956059],[-72.957653890615092,-38.794812340917019],[-72.957657911626626,-38.794803009740214],[-72.957694671909962,-38.794717692970053],[-72.957721873345065,-38.794654562135065],[-72.957735453066277,-38.79462304590507],[-72.957785413860123,-38.794601682581842],[-72.957825411138387,-38.794584579974007],[-72.957926527004602,-38.794541555137414],[-72.957965565852149,-38.794525556622538],[-72.957968307858692,-38.794523478097247],[-72.957989880584137,-38.794514253720521],[-72.958078719835015,-38.79441268058536],[-72.958099884283769,-38.794393434855351],[-72.958102000162469,-38.794386064366613],[-72.958107971410456,-38.794379237025012],[-72.958119976066513,-38.794306850722243],[-72.958135567317171,-38.794212838100549],[-72.958104903954691,-38.794106844864736],[-72.958085182499616,-38.794038670468908],[-72.958073181269526,-38.793997186579219],[-72.958004685646017,-38.79398606867305],[-72.95778511744804,-38.793950430359374],[-72.957735235314544,-38.793830357395059],[-72.957702891729596,-38.793732107077112],[-72.957360081871315,-38.793633076379564],[-72.956871899681317,-38.793660297996993],[-72.956338215468577,-38.793680761964076],[-72.956067421331966,-38.793562783377361],[-72.955969535801728,-38.793257108079153],[-72.955852731710749,-38.793065808017857],[-72.95581810561761,-38.793009100393533],[-72.955784810495658,-38.792954569545373],[-72.955493937986731,-38.7926947537552],[-72.955425306850984,-38.792745682315726],[-72.955353156126662,-38.792574597060643],[-72.955324518288975,-38.792562056026568],[-72.955206952371498,-38.792421838348943],[-72.955123955094976,-38.792193459460883],[-72.955207136474002,-38.792043390802121],[-72.955298656618652,-38.791867253994496],[-72.955298693241858,-38.791756358732144],[-72.955207325904425,-38.791678006652894],[-72.955074284605899,-38.79160622068153],[-72.954617109388252,-38.791286249716983],[-72.954534050106432,-38.791116604724117],[-72.954575716883738,-38.790914370747117],[-72.954707371726471,-38.790788845054472],[-72.95506647619014,-38.790451184254017],[-72.955170679857005,-38.790259684184697],[-72.955128014103707,-38.790158131237547],[-72.955049082388925,-38.790099815187595],[-72.954485077489622,-38.790219022488927],[-72.954284117275847,-38.790321048691631],[-72.954236718644268,-38.790268256301964],[-72.954002279430625,-38.790268142674442],[-72.953671407821915,-38.789950469505214],[-72.953579800077833,-38.789870157595224],[-72.95348012163916,-38.789835583539436],[-72.953313010045648,-38.789820735689467],[-72.953070110396837,-38.789633615403915],[-72.953059673775286,-38.789625575417659],[-72.952919244042732,-38.789590315597209],[-72.95617205094743,-38.788594567277478],[-72.957678983038278,-38.788205184375904],[-72.957818165380289,-38.788169219763844],[-72.957957347614581,-38.788133254081309],[-72.958025638405516,-38.788092616920842],[-72.958108698451412,-38.788043190507132],[-72.958112709504206,-38.788042381202388],[-72.958854421696401,-38.788264822538288],[-72.959831183656149,-38.78855774645379],[-72.961699189696731,-38.788702964512282],[-72.963100848150219,-38.788749935223187],[-72.964646994311806,-38.789137320242283],[-72.966003818157247,-38.789569673618139],[-72.967417081817032,-38.790284872768403],[-72.968217794965213,-38.790848418047908],[-72.968534802141662,-38.791349224379296],[-72.969573085556902,-38.790925224236119],[-72.971320679359735,-38.790857034985585],[-72.972456534653119,-38.791200074938956],[-72.973155470086553,-38.791748846795073],[-72.974728285356079,-38.792023413149771],[-72.975339906150992,-38.792572099832107],[-72.976301001617244,-38.793120803354604],[-72.977011774602062,-38.793029491535094],[-72.97746896796049,-38.792970754805353]]]},"properties":{"OBJECTID":40,"NOMBRE":"Asentamiento Llancahuito","LUGAR":"Asentamiento Llancahuito","Shape_Length":17309.652866658278,"Shape_Area":10918891.504045356}},{"type":"Feature","id":41,"geometry":{"type":"Polygon","coordinates":[[[-72.958112709504206,-38.788042381202388],[-72.960151287032843,-38.787631002762616],[-72.961575438357158,-38.787328038399792],[-72.962001153950993,-38.787223046829581],[-72.962388169363479,-38.787133616359874],[-72.963671071646957,-38.786847257194516],[-72.963606374969629,-38.786673526076136],[-72.963467331325518,-38.786300149022267],[-72.963363157359467,-38.785983804997997],[-72.962703367703,-38.784233748490536],[-72.962337842240586,-38.783378662273826],[-72.962042131132947,-38.782639225640651],[-72.96113792524126,-38.780383303541775],[-72.961031675916743,-38.780046850325711],[-72.960958375323912,-38.779896540663401],[-72.960137360021307,-38.780087959946734],[-72.95913084089149,-38.780378412160658],[-72.957846148243746,-38.780676835617264],[-72.957558354582147,-38.780729988260241],[-72.956163912955077,-38.781087990277456],[-72.955792435105124,-38.781135375476183],[-72.953933508874442,-38.781589619307439],[-72.953648785134675,-38.781648552056211],[-72.953359530678,-38.781368592192329],[-72.952968619430791,-38.780705075941647],[-72.952436074438822,-38.77961813494953],[-72.952971821024562,-38.77900007538998],[-72.954126897566809,-38.778199356462224],[-72.955389032794983,-38.777281676924247],[-72.956482714559655,-38.776890741532661],[-72.958225192470152,-38.77545613949794],[-72.958721305255963,-38.774770516463406],[-72.960766763176423,-38.772918484186796],[-72.962104244645701,-38.771928173317697],[-72.963230323193002,-38.771191628163493],[-72.964442996159761,-38.770783413035943],[-72.96617525134802,-38.769921548227224],[-72.967240335346332,-38.769679465253382],[-72.968058880373562,-38.769248859242097],[-72.96996579192178,-38.768590596754329],[-72.972255843695635,-38.768198762526296],[-72.972601640169032,-38.768061741279361],[-72.973016431486883,-38.768217748607164],[-72.973272101757715,-38.768713665678206],[-72.973553754891626,-38.769367249628651],[-72.973772103220966,-38.770007066218987],[-72.973834215440633,-38.770189072192231],[-72.974294468192625,-38.771264913998024],[-72.975594534148712,-38.774654940572503],[-72.976771502319721,-38.777723704260197],[-72.976855134026536,-38.777941751927351],[-72.975286547519346,-38.778392606113407],[-72.973810986252673,-38.778704780171367],[-72.97216748224011,-38.779090932769201],[-72.973852980641439,-38.783993547702678],[-72.974063438363459,-38.784537856464716],[-72.974495036418617,-38.785559020087433],[-72.975250348798568,-38.787050433429933],[-72.975903754670739,-38.788778827186903],[-72.976556179781639,-38.790271097247356],[-72.977098002340284,-38.791939570576758],[-72.977461997459685,-38.79295137966227],[-72.97746896796049,-38.792970754805353],[-72.977011774602062,-38.793029491535094],[-72.976301001617244,-38.793120803354604],[-72.975339906150992,-38.792572099832107],[-72.974728285356079,-38.792023413149771],[-72.973155470086553,-38.791748846795073],[-72.972456534653119,-38.791200074938956],[-72.971320679359735,-38.790857034985585],[-72.969573085556902,-38.790925224236119],[-72.968534802141662,-38.791349224379296],[-72.968217794965213,-38.790848418047908],[-72.967417081817032,-38.790284872768403],[-72.966003818157247,-38.789569673618139],[-72.964646994311806,-38.789137320242283],[-72.963100848150219,-38.788749935223187],[-72.961699189696731,-38.788702964512282],[-72.959831183656149,-38.78855774645379],[-72.958854421696401,-38.788264822538288],[-72.958112709504206,-38.788042381202388]]]},"properties":{"OBJECTID":41,"NOMBRE":"Rulo","LUGAR":"Rulo","Shape_Length":9548.6506468340958,"Shape_Area":3040886.6961623887}},{"type":"Feature","id":42,"geometry":{"type":"Polygon","coordinates":[[[-72.945539069960248,-38.770756399998625],[-72.945691838800315,-38.770696003385972],[-72.945839111970471,-38.770677913116693],[-72.945893544877904,-38.770660269031119],[-72.9460321335294,-38.770615347678891],[-72.946211103048682,-38.770557337455315],[-72.946766957286499,-38.770377162280504],[-72.946935507756777,-38.77037624455393],[-72.947077625495751,-38.770375470304145],[-72.947649566043793,-38.770425716738025],[-72.947713600184699,-38.770432310088339],[-72.947872573079351,-38.77045233064603],[-72.947952177117614,-38.770462355524074],[-72.948359807970647,-38.770583947596585],[-72.948672691349472,-38.770763723871767],[-72.948809203867413,-38.77084216091167],[-72.948930269192928,-38.77090521606344],[-72.948978039213586,-38.770930096427549],[-72.949051334734904,-38.77096827109488],[-72.94906952394561,-38.770977745037285],[-72.949117878112517,-38.771002929340575],[-72.949212129019784,-38.77112816495643],[-72.949653219522759,-38.77135762107725],[-72.950175285981459,-38.771391346752779],[-72.950307563471554,-38.77143592936082],[-72.950527693181797,-38.771504702629024],[-72.95221938106971,-38.772033204626496],[-72.953289667685311,-38.772288754292063],[-72.953344494454285,-38.772301844693771],[-72.953511164108377,-38.772341638860077],[-72.953512446780024,-38.7723419451588],[-72.953828855689267,-38.772434086959535],[-72.954001167204609,-38.772484265585547],[-72.954055231278787,-38.772500009393667],[-72.954037224600143,-38.772481171244451],[-72.954111446247097,-38.772474803174049],[-72.954123856905696,-38.772473738326703],[-72.954339199673313,-38.77253114944827],[-72.954546847569731,-38.772591406107331],[-72.954600090583398,-38.77260833908614],[-72.954893914287538,-38.772701783763502],[-72.955313781278363,-38.77283989019309],[-72.955399838438169,-38.772867076160814],[-72.955388357287987,-38.772916721980899],[-72.956836771149838,-38.773449073031912],[-72.957049502904439,-38.77352124312003],[-72.957062275574586,-38.773510885497849],[-72.956942257071645,-38.773681214389633],[-72.956111184102895,-38.774860639526118],[-72.953649078299208,-38.777200131624866],[-72.952444233181808,-38.778191497117888],[-72.951468654088643,-38.778822201387094],[-72.949945692865199,-38.779378791235423],[-72.949474437362298,-38.779745907821948],[-72.948269294977123,-38.780095091040941],[-72.947446424816818,-38.780105318817036],[-72.947217606730334,-38.777799901887178],[-72.946942957331274,-38.775032563480579],[-72.946473653768948,-38.774326541497466],[-72.946276832923388,-38.774233200585677],[-72.94618592485692,-38.774030890218967],[-72.945917072839592,-38.773525670911688],[-72.945823515194235,-38.773349857546549],[-72.94579216233511,-38.773290938377258],[-72.94550975707547,-38.772760238847326],[-72.945067849476899,-38.771922827847561],[-72.944830478540922,-38.771436769051419],[-72.944512154194484,-38.770784932185684],[-72.944872226259037,-38.770796678592539],[-72.944929048963374,-38.770789699418145],[-72.944987992343329,-38.770782459273697],[-72.945071980660956,-38.770772142856806],[-72.945215836556201,-38.77079316619551],[-72.945307403063623,-38.770806547023895],[-72.945363902449174,-38.770814804026728],[-72.945383936395316,-38.770817731552469],[-72.945539069960248,-38.770756399998625]]]},"properties":{"OBJECTID":42,"NOMBRE":"Los Sauces","LUGAR":"Los Sauces","Shape_Length":3433.6119416335719,"Shape_Area":632684.40320162487}},{"type":"Feature","id":43,"geometry":{"type":"Polygon","coordinates":[[[-72.898912511025344,-38.76931794656916],[-72.899262660743162,-38.768391318941561],[-72.900105030708744,-38.76682492230232],[-72.900766789363672,-38.766617456978409],[-72.901891235711034,-38.767033492321055],[-72.902486329789994,-38.76755316129487],[-72.903346418146441,-38.767657423880706],[-72.90414016805299,-38.767917419725769],[-72.905396850313778,-38.768489388778974],[-72.908373877264751,-38.769009910077912],[-72.909167661761245,-38.769269872621656],[-72.911325286211365,-38.773178632081965],[-72.911331736363593,-38.773194811152905],[-72.911350127942555,-38.773240945264909],[-72.909454841735254,-38.773862594094176],[-72.908334962930653,-38.774134335551693],[-72.907802486640904,-38.774224211226198],[-72.907634891154302,-38.774558517397288],[-72.90746939602549,-38.774780276911301],[-72.907199120033411,-38.774964930250448],[-72.907246224059847,-38.775148051709401],[-72.908375034091847,-38.777285482369393],[-72.908303435036146,-38.777302569859081],[-72.908189954303111,-38.777329651348971],[-72.90725569840707,-38.777552603755318],[-72.906643546447469,-38.777645141666255],[-72.90519360927054,-38.77710669753786],[-72.903528030395861,-38.777076818139271],[-72.902578543760555,-38.777375372165864],[-72.900864512457744,-38.77808097824856],[-72.899913150073743,-38.778442595221968],[-72.898487571974911,-38.778739293539189],[-72.897752445859609,-38.778798155725219],[-72.897250209123555,-38.778747391029555],[-72.896725101146032,-38.778593826555692],[-72.896459870067929,-38.778607185962855],[-72.896119489095099,-38.778496889868954],[-72.895800455184784,-38.778534557383416],[-72.895613881720195,-38.778594907981194],[-72.894986425848202,-38.778711596285383],[-72.892388181774493,-38.775150209947064],[-72.891937790555559,-38.774532822281977],[-72.891799951046721,-38.77449050084801],[-72.890845701336929,-38.774197512495249],[-72.890264634155713,-38.77385038335818],[-72.889714627862105,-38.773319780932766],[-72.889025030950961,-38.773049517823814],[-72.887778526423645,-38.773412162971809],[-72.885890427498609,-38.773968726370498],[-72.8852045324996,-38.774170900759842],[-72.88520989495494,-38.774166347584874],[-72.885370080334894,-38.774090566062576],[-72.885412763225588,-38.774023909580769],[-72.885719169460074,-38.773511386227483],[-72.885920195676874,-38.772992466027041],[-72.886058592426764,-38.772787667940463],[-72.88625017463005,-38.772583889686487],[-72.886543557735436,-38.772490098971552],[-72.887034304811451,-38.772021412862557],[-72.887136506351894,-38.771923695802379],[-72.887524476254953,-38.771552743917674],[-72.887549924349557,-38.771513388137464],[-72.887701139940773,-38.771279525242747],[-72.887829647917386,-38.771080781298224],[-72.888105534752029,-38.770702818986912],[-72.888381417434161,-38.770324856798865],[-72.888790616191628,-38.769913273436238],[-72.889383258206081,-38.76957257176133],[-72.889841922688234,-38.76927001182807],[-72.89013117521057,-38.769164383209556],[-72.890973201982447,-38.769054625020495],[-72.891899318804917,-38.769262862526908],[-72.892084854071754,-38.76931593237893],[-72.894082275251023,-38.769887247461938],[-72.896001080381964,-38.769732281056022],[-72.897059408761095,-38.770044473550712],[-72.898912511025344,-38.76931794656916]]]},"properties":{"OBJECTID":43,"NOMBRE":"Ragnintuleufu","LUGAR":"Ragnintuleufu","Shape_Length":6300.1883770804734,"Shape_Area":1686597.1005528683}},{"type":"Feature","id":44,"geometry":{"type":"Polygon","coordinates":[[[-72.823745348401488,-38.74482769955214],[-72.838220235562531,-38.740927090052416],[-72.83830574902035,-38.741523413101945],[-72.838711922907294,-38.742053509214458],[-72.839247613117394,-38.742910396100079],[-72.840017496074239,-38.74339766691827],[-72.841071040681896,-38.74390422773071],[-72.841048991235112,-38.744636120546396],[-72.840942028402239,-38.745311403618729],[-72.84082372266262,-38.745849816908766],[-72.840777028267141,-38.746731967416466],[-72.840862292787634,-38.747431881158249],[-72.841498377204871,-38.748781666043293],[-72.841717678901645,-38.749041738138139],[-72.843096626084645,-38.749725723470355],[-72.843186787828088,-38.750125112744151],[-72.843408544932188,-38.750247217342043],[-72.843674461135876,-38.750386892157913],[-72.844007085974198,-38.750491673963971],[-72.844406531882825,-38.75038751855751],[-72.844805867539904,-38.750387859070941],[-72.845027743252075,-38.75033582788604],[-72.845183363936684,-38.750161681603245],[-72.845730421091574,-38.750215821097477],[-72.84675310974589,-38.750389888828913],[-72.846938237578527,-38.75049032211448],[-72.84753368317061,-38.750825689382722],[-72.847881133883661,-38.751444757750342],[-72.848141016760195,-38.751668901455751],[-72.848374869162811,-38.751714106187983],[-72.84894710514024,-38.751874994957383],[-72.849307510535482,-38.752082068604793],[-72.849450545115502,-38.752165083699211],[-72.849671864138358,-38.752293534283346],[-72.849986019846114,-38.752421715079414],[-72.849985988470934,-38.75242172531447],[-72.849927810866106,-38.752442079546526],[-72.848085293920235,-38.753086683838518],[-72.846008672469054,-38.753813138588974],[-72.845038460531683,-38.754152525880095],[-72.843747845317878,-38.754583095785286],[-72.840907156773227,-38.755530725598589],[-72.838319587199962,-38.756393834190277],[-72.837826960276118,-38.756561524572568],[-72.836798059682707,-38.756933309858212],[-72.838452931298463,-38.759434675198847],[-72.838496827792355,-38.759501023076616],[-72.839952048452716,-38.761700452258829],[-72.841865532332761,-38.764889741050325],[-72.84165725760586,-38.764966339377338],[-72.841582357231388,-38.764989120369393],[-72.838702454311942,-38.764612292917626],[-72.836431972717193,-38.764170921012827],[-72.834655888245791,-38.763954969658734],[-72.833584812419531,-38.761840149547218],[-72.83251525377419,-38.759791275365771],[-72.832062473759535,-38.759001734384178],[-72.831521610902854,-38.757868454681933],[-72.831450307526367,-38.757709059521048],[-72.830204865166806,-38.755466377965227],[-72.828699164811923,-38.752845501229793],[-72.828572872449882,-38.752853261899176],[-72.828336990213444,-38.7524611607111],[-72.823745348401488,-38.74482769955214]]]},"properties":{"OBJECTID":44,"NOMBRE":"Casas Nuevas","LUGAR":"Casas Nuevas","Shape_Length":8464.2327773477464,"Shape_Area":2642042.9049966489}},{"type":"Feature","id":45,"geometry":{"type":"MultiPolygon","coordinates":[[[[-72.873337954956966,-38.76250031557224],[-72.873350182347409,-38.762500322800648],[-72.873349675115676,-38.762505080053359],[-72.873337954956966,-38.76250031557224]]],[[[-72.873337954956966,-38.76250031557224],[-72.873298464386821,-38.762484261964183],[-72.873035098559171,-38.762377196190762],[-72.872732243229564,-38.762254076050937],[-72.872126290552785,-38.762204484843515],[-72.871625046137297,-38.761859877612835],[-72.871353603064094,-38.761679356177581],[-72.870998400653761,-38.76158081679656],[-72.870664184786591,-38.761465813058969],[-72.870434341315459,-38.761482072757907],[-72.870246130489079,-38.761531161553719],[-72.870037201615702,-38.761526992284516],[-72.869786614361232,-38.76137927848918],[-72.86959859189092,-38.761313510921845],[-72.869527055153767,-38.761328129547216],[-72.869358186944865,-38.761362637653342],[-72.869259477592323,-38.761399287378616],[-72.869208786986903,-38.761418108192984],[-72.869034387798848,-38.761337814790124],[-72.868909113873471,-38.761153286978349],[-72.868804732097232,-38.761067153109188],[-72.868595726973467,-38.761103878835037],[-72.868438963002461,-38.761189933084438],[-72.868281890037082,-38.761480834838366],[-72.868166880283113,-38.761566839626028],[-72.867958049111564,-38.761476547351329],[-72.867854797548603,-38.761307825343259],[-72.867593291251708,-38.761055318002846],[-72.867345893016974,-38.760982337835436],[-72.866231952467487,-38.754881881805197],[-72.863268365064229,-38.754755562588755],[-72.860132178828493,-38.754877525154633],[-72.860061636702468,-38.755053610250371],[-72.860082743498666,-38.755296776565054],[-72.860082285359496,-38.755648820163302],[-72.859838541150225,-38.755756151617746],[-72.859604756564323,-38.755584130254206],[-72.859296636561822,-38.755394441295479],[-72.858946832612006,-38.755342268782876],[-72.858808996756309,-38.755496670852636],[-72.858599384402751,-38.755509674945024],[-72.858373282581113,-38.755474361093306],[-72.858143904010404,-38.755256654885088],[-72.857783364092413,-38.755132033411975],[-72.857402443705851,-38.755120994711802],[-72.856926034922665,-38.755098383802469],[-72.856469485850383,-38.755198471651696],[-72.856089595117481,-38.755371761632418],[-72.855650193280027,-38.755475853336044],[-72.855381730013107,-38.755717759043371],[-72.854896440289693,-38.755731229061816],[-72.854284525643479,-38.755748212119009],[-72.854392004272256,-38.755640370456817],[-72.854264031396085,-38.755493934739611],[-72.854158445252551,-38.755491928864927],[-72.854077441392079,-38.755553589252337],[-72.854021896485349,-38.755633591046511],[-72.853995217324893,-38.755633120832243],[-72.853868055068276,-38.755612599461116],[-72.853837718037909,-38.755607703711043],[-72.853828848855912,-38.755595548008721],[-72.853761112121418,-38.755502707151088],[-72.853710288104836,-38.755443148538149],[-72.853631995241955,-38.755396653970003],[-72.853552221524126,-38.755417748546918],[-72.853497133047554,-38.755479814352981],[-72.853440690235985,-38.755522712751571],[-72.853406507258043,-38.755532842176919],[-72.853390222002858,-38.755518375087313],[-72.853337641623426,-38.755494895742295],[-72.853288851770472,-38.755349807496721],[-72.853212815937042,-38.755244792225369],[-72.853135075070156,-38.75518035794417],[-72.853028164273567,-38.755218919256656],[-72.852839349240313,-38.755323581768394],[-72.852705947952785,-38.755361665853471],[-72.85254968082657,-38.755295681612175],[-72.852473077150634,-38.755190684265685],[-72.852421707044527,-38.755149153791642],[-72.852290814265672,-38.75510169236756],[-72.851918031275346,-38.755157943121617],[-72.851786318630204,-38.755137525050756],[-72.851550773182865,-38.755029577549557],[-72.851478670091765,-38.754798445307046],[-72.851385418642494,-38.754382317286215],[-72.851362575505206,-38.754255733332919],[-72.851233469867324,-38.754149766045835],[-72.851237758800764,-38.754005627014244],[-72.851247126922473,-38.75369498896432],[-72.851092574685154,-38.753547986214272],[-72.851042580073383,-38.753461471923146],[-72.851020927656123,-38.753298826932472],[-72.850919687060824,-38.753148354295057],[-72.85078921037892,-38.753087368926401],[-72.850763900505299,-38.753041826349801],[-72.850715670541121,-38.752878796918118],[-72.850639087866512,-38.752791718562776],[-72.850507516357013,-38.752766792003797],[-72.85040554601899,-38.752643268986311],[-72.850226336158912,-38.752432778615741],[-72.849986019846114,-38.752421715079414],[-72.849671864138358,-38.752293534283346],[-72.849450545115502,-38.752165083699211],[-72.849307510535482,-38.752082068604793],[-72.84894710514024,-38.751874994957383],[-72.848374869162811,-38.751714106187983],[-72.848141016760195,-38.751668901455751],[-72.847881133883661,-38.751444757750342],[-72.84753368317061,-38.750825689382722],[-72.846938237578527,-38.75049032211448],[-72.84675310974589,-38.750389888828913],[-72.845730421091574,-38.750215821097477],[-72.845183363936684,-38.750161681603245],[-72.845027743252075,-38.75033582788604],[-72.844805867539904,-38.750387859070941],[-72.844406531882825,-38.75038751855751],[-72.844007085974198,-38.750491673963971],[-72.843674461135876,-38.750386892157913],[-72.843408544932188,-38.750247217342043],[-72.843186787828088,-38.750125112744151],[-72.843096626084645,-38.749725723470355],[-72.841717678901645,-38.749041738138139],[-72.841498377204871,-38.748781666043293],[-72.840862292787634,-38.747431881158249],[-72.840777028267141,-38.746731967416466],[-72.84082372266262,-38.745849816908766],[-72.840942028402239,-38.745311403618729],[-72.841048991235112,-38.744636120546396],[-72.841071040681896,-38.74390422773071],[-72.840017496074239,-38.74339766691827],[-72.839247613117394,-38.742910396100079],[-72.838711922907294,-38.742053509214458],[-72.83830574902035,-38.741523413101945],[-72.838220235562531,-38.740927090052416],[-72.823745348401488,-38.74482769955214],[-72.824011755407099,-38.743737050036394],[-72.824078481489821,-38.743373540010268],[-72.823881054682872,-38.742801878052248],[-72.82388154051344,-38.742542173266742],[-72.823287357315408,-38.74191816877817],[-72.822692909180702,-38.741450002701384],[-72.822495099080314,-38.741138136113932],[-72.822098960781616,-38.740722129123704],[-72.822033795056171,-38.740150587406653],[-72.822150572332959,-38.739785853302976],[-72.822353880315575,-38.739316969313769],[-72.822594226233988,-38.739065085338034],[-72.822851748444037,-38.738941420800586],[-72.823186389180933,-38.738785843325822],[-72.825884046468445,-38.737531615696632],[-72.827169613275217,-38.736932213195026],[-72.828312789728642,-38.736447880084675],[-72.829621767695158,-38.735877123594172],[-72.830201154760999,-38.735663856601832],[-72.830439619109129,-38.735531766757504],[-72.830661681474893,-38.735408761600695],[-72.831109589301278,-38.735206304167001],[-72.832831543032327,-38.734449613361789],[-72.833717637104797,-38.734060213617859],[-72.834686176618604,-38.733654802429086],[-72.835077044099066,-38.73347616722512],[-72.835116922988945,-38.733457941944259],[-72.835565741747629,-38.733277187224978],[-72.836004286135093,-38.733100568158918],[-72.837190838880133,-38.732618062606257],[-72.838925922964876,-38.731912465216737],[-72.839384427362504,-38.731726000835003],[-72.840796614635408,-38.731151675602604],[-72.841102644628194,-38.731027212016592],[-72.841505776737151,-38.731210710977372],[-72.841502288252968,-38.731367886521639],[-72.841496312745576,-38.731637164599711],[-72.8414884890813,-38.731989718408364],[-72.841605277347455,-38.732322938241836],[-72.841778075672281,-38.732916278393454],[-72.842074221862831,-38.733596754936393],[-72.843337288130144,-38.734197518817318],[-72.844011936653601,-38.734543824142314],[-72.844929397805771,-38.735478085812041],[-72.846173830203242,-38.735924249743768],[-72.846945719301914,-38.736426015140388],[-72.847667563700725,-38.737078377528306],[-72.847576220810765,-38.737431900938674],[-72.847446200952589,-38.737939298178489],[-72.847109433296424,-38.738545853067748],[-72.847049062946184,-38.739042911395501],[-72.853467964052626,-38.739337480034287],[-72.856027418050417,-38.739454736031099],[-72.859987511490004,-38.739764433303407],[-72.860659256030956,-38.740263374859538],[-72.861573640055113,-38.741091059624388],[-72.862489340207929,-38.74141410421678],[-72.863071667759741,-38.741514931301232],[-72.863375273549934,-38.742137657734538],[-72.863489150507661,-38.742995730098741],[-72.863749596863386,-38.743523077148602],[-72.864213588900853,-38.744166750713362],[-72.864678003254539,-38.744751964503983],[-72.864748472450771,-38.745051975317985],[-72.864937204990341,-38.745608187653254],[-72.865007637309162,-38.746285203692551],[-72.865660782388673,-38.746905302817474],[-72.866358981892759,-38.747319023760681],[-72.866983816969423,-38.747587264923972],[-72.867843034866738,-38.74768852783648],[-72.868701197918739,-38.7477041845776],[-72.869487155020749,-38.747898689180971],[-72.86964139949626,-38.747960147481152],[-72.87024334634053,-38.748223359633386],[-72.871617034780797,-38.753874488438989],[-72.873271835835084,-38.762168941372131],[-72.873334683305728,-38.762483916612474],[-72.873337954956966,-38.76250031557224]]]]},"properties":{"OBJECTID":45,"NOMBRE":"Los Nogales","LUGAR":"Los Nogales","Shape_Length":14342.459121304382,"Shape_Area":5585420.390180001}},{"type":"Feature","id":46,"geometry":{"type":"Polygon","coordinates":[[[-72.834271438497964,-38.723573456348802],[-72.834291034658932,-38.723567508645523],[-72.834650062245402,-38.723458548666876],[-72.834691567165279,-38.723448911628417],[-72.835225213551837,-38.72332500046123],[-72.835391724869055,-38.723286337057132],[-72.835762935640943,-38.72328844400419],[-72.836014930093,-38.723207286733661],[-72.836286035769035,-38.723097874818095],[-72.836476479443505,-38.723039416557377],[-72.836752762445172,-38.723006022618542],[-72.836818567925334,-38.72299806906414],[-72.837196148296272,-38.722990753660653],[-72.840709660947795,-38.722936525981055],[-72.84093684376468,-38.722884517583608],[-72.842409587673004,-38.722846373263799],[-72.842576014637828,-38.722809473945119],[-72.843378694468697,-38.722631505152037],[-72.843457260810979,-38.722604522735118],[-72.843586297435664,-38.72294468605255],[-72.843687901578505,-38.723217415718857],[-72.843727731616866,-38.72340697315628],[-72.843793349084976,-38.723718691613378],[-72.843891283942781,-38.724202624356508],[-72.843961810979081,-38.72463794400435],[-72.844052869475291,-38.724869828420445],[-72.844186919171918,-38.725221403260029],[-72.844393415728021,-38.72538435833399],[-72.846199317862556,-38.725495929970542],[-72.848235035812451,-38.725621665633177],[-72.850598778804184,-38.725767617113995],[-72.854372339328464,-38.726000517378957],[-72.856505843690499,-38.726124386779837],[-72.856559733549261,-38.726127514297275],[-72.858200454098508,-38.726222743520154],[-72.858290981584105,-38.726227996898928],[-72.8595370219888,-38.726300297114413],[-72.860538202881997,-38.726358382862195],[-72.86174696337676,-38.726428503811015],[-72.861959689903941,-38.726387335833031],[-72.862253725606635,-38.726289084555326],[-72.86294988552811,-38.726013536655365],[-72.86306699729505,-38.725967657267525],[-72.863092321170129,-38.725957734043298],[-72.863199495108759,-38.725926855332709],[-72.863866239869594,-38.725734747325511],[-72.864742378508154,-38.725607188171011],[-72.865118606613137,-38.725479845519203],[-72.865122014957564,-38.725478139040845],[-72.86537997283024,-38.725307073453152],[-72.865929765987829,-38.725193026986247],[-72.866164515328322,-38.725125549285792],[-72.866377853721119,-38.725036658008015],[-72.866944424721012,-38.72480058047578],[-72.867719182241771,-38.724266205857759],[-72.867995806768121,-38.72407540604285],[-72.868228613051159,-38.723949671481677],[-72.868390132781201,-38.723897974075633],[-72.868437659630587,-38.723882762777727],[-72.868725426786625,-38.723814288000206],[-72.86896026251155,-38.723746798957222],[-72.869169304446416,-38.72367988794214],[-72.869355843222053,-38.723589054494006],[-72.869666252783887,-38.72348997902931],[-72.869712652806172,-38.723519460861986],[-72.869920196350165,-38.723649374472629],[-72.870284519426207,-38.723845232303148],[-72.871123600750821,-38.724108377438164],[-72.87178773793616,-38.724377592605862],[-72.873029065998736,-38.724966728465596],[-72.873889203094649,-38.725232305029316],[-72.874798494261213,-38.725513049827008],[-72.874928476015626,-38.725569715743326],[-72.875343756528451,-38.725843023612718],[-72.876175391684015,-38.72633574785138],[-72.876724649782588,-38.726552910727825],[-72.877383116816048,-38.726650544656188],[-72.8779373005883,-38.726701117428078],[-72.87854528686033,-38.726712167844056],[-72.878914019228233,-38.726759352117952],[-72.879332397958336,-38.726933663216101],[-72.879347086408785,-38.726995636760947],[-72.879724786498102,-38.727084972512934],[-72.87984176444418,-38.727150156112167],[-72.87995874260568,-38.727215339599589],[-72.880113388935825,-38.72736230552448],[-72.880162755903925,-38.727489356012512],[-72.88029294681256,-38.727532519490836],[-72.880300696474094,-38.727544533998497],[-72.880355730695484,-38.727629850895006],[-72.880433177765738,-38.727730552312423],[-72.880656863387742,-38.727782289675673],[-72.880797912977897,-38.727746702876004],[-72.880896941214218,-38.727691282446635],[-72.88095200893531,-38.727643852668784],[-72.880977461282768,-38.727621930494088],[-72.881152583255883,-38.727471096907145],[-72.881222322888675,-38.727445487760811],[-72.881398332889361,-38.727407019109258],[-72.881488635944237,-38.727387282564045],[-72.881805621612841,-38.727415555563809],[-72.882040937803154,-38.727500936985557],[-72.882459322387305,-38.727675146077878],[-72.882577667450974,-38.727696954810511],[-72.882745575355599,-38.727699997041142],[-72.882979525209819,-38.727692792202134],[-72.88314038603184,-38.727687123767886],[-72.883341736369829,-38.727670744343513],[-72.883521278141231,-38.727627021203013],[-72.883668290649595,-38.727619442410408],[-72.883778808369186,-38.727587114074922],[-72.883915974084189,-38.727518077618896],[-72.884060102374846,-38.727460610312846],[-72.884152285659539,-38.727430810457825],[-72.884243624071715,-38.727429603351005],[-72.8842749227273,-38.727433587661075],[-72.884374608108843,-38.727446278784626],[-72.884480462842376,-38.727448195103364],[-72.884608471620041,-38.727441929919102],[-72.884668984084783,-38.727371504984298],[-72.884677806315835,-38.727354983665094],[-72.884703780037043,-38.727306337953152],[-72.884801804805164,-38.727202261299539],[-72.884928777421933,-38.727107291826009],[-72.885095563952859,-38.727024485998278],[-72.885195551363921,-38.726977661667981],[-72.88532718619453,-38.726848446368955],[-72.885329715816326,-38.726762666867131],[-72.885336023022461,-38.726616540765491],[-72.885336821507707,-38.726598045081062],[-72.88549285940914,-38.726423533295126],[-72.885512638119394,-38.726401412840467],[-72.885837748969792,-38.726293638176472],[-72.885860516437788,-38.726286091144857],[-72.885855377953263,-38.726151380490506],[-72.885897466459255,-38.726141481655667],[-72.88601351236025,-38.726114189790799],[-72.886084044272636,-38.726075414274192],[-72.886114124648685,-38.726008448607274],[-72.886219067393299,-38.725954838946024],[-72.886358524846585,-38.725931611309683],[-72.886456011499661,-38.725917259300871],[-72.886688837392143,-38.726233656260753],[-72.8867576713413,-38.726327198512998],[-72.886891287570506,-38.726508773639075],[-72.887122465615874,-38.727103195671305],[-72.886743084215169,-38.727389114525394],[-72.886305397045732,-38.727606503799649],[-72.885984710405083,-38.727925011926828],[-72.885778152298528,-38.72880880081631],[-72.885602898891676,-38.729048951289371],[-72.886667203174497,-38.729397376960293],[-72.887526563065407,-38.729439219841623],[-72.887880524212733,-38.729440122405144],[-72.888132815144772,-38.729559811042797],[-72.888992400012199,-38.729561919319814],[-72.889699541850675,-38.729722432727833],[-72.890153325760124,-38.730041242308751],[-72.890504882523274,-38.730597922940831],[-72.891058970622765,-38.731115467228292],[-72.891765323102618,-38.73147450258304],[-72.892926985344317,-38.731794899080093],[-72.893380577560762,-38.732153420750784],[-72.893987329717831,-38.73215480798919],[-72.895197191304518,-38.733031250457323],[-72.896606670479173,-38.734583133494446],[-72.894484651107334,-38.734868146560174],[-72.890547324007542,-38.735454852987914],[-72.888415387390651,-38.735846237947612],[-72.885697385904493,-38.737514124162018],[-72.883834874799476,-38.737805708869466],[-72.882097116494691,-38.73800989016776],[-72.880778702462976,-38.738080576357689],[-72.879596774203321,-38.737937069069652],[-72.878949405070173,-38.737665333658157],[-72.875446550815695,-38.735064619169236],[-72.874219245121949,-38.734035053093997],[-72.873296280986565,-38.732231412146206],[-72.873152322976992,-38.73215832260459],[-72.872533841091894,-38.731844309098619],[-72.866966650832737,-38.729043499633313],[-72.865582501372373,-38.732927036307906],[-72.863944021111195,-38.736665370616819],[-72.863901481068936,-38.737051960555704],[-72.863745612181646,-38.737504312479039],[-72.863284789727004,-38.738563398249902],[-72.863101633859955,-38.738893454942271],[-72.862998666736189,-38.739238400646343],[-72.863014038519296,-38.739540557696643],[-72.863164299551357,-38.739881215890996],[-72.862094357950284,-38.739835069575904],[-72.859987511490004,-38.739764433303407],[-72.856027418050417,-38.739454736031099],[-72.853467964052626,-38.739337480034287],[-72.847049062946184,-38.739042911395501],[-72.847109433296424,-38.738545853067748],[-72.847446200952589,-38.737939298178489],[-72.847576220810765,-38.737431900938674],[-72.847667563700725,-38.737078377528306],[-72.846945719301914,-38.736426015140388],[-72.846173830203242,-38.735924249743768],[-72.844929397805771,-38.735478085812041],[-72.844011936653601,-38.734543824142314],[-72.843337288130144,-38.734197518817318],[-72.842074221862831,-38.733596754936393],[-72.841778075672281,-38.732916278393454],[-72.841605277347455,-38.732322938241836],[-72.8414884890813,-38.731989718408364],[-72.841496312745576,-38.731637164599711],[-72.841502288252968,-38.731367886521639],[-72.841505776737151,-38.731210710977372],[-72.841102644628194,-38.731027212016592],[-72.841168521646551,-38.731000419429556],[-72.840438516572746,-38.729903415720713],[-72.839902414819178,-38.728888740783354],[-72.839858260773767,-38.728805169733441],[-72.839846975451877,-38.728807761544772],[-72.839604994481562,-38.728534789027307],[-72.839442763398125,-38.728351777776489],[-72.839038103633882,-38.727895282473966],[-72.837947148305787,-38.727618359986259],[-72.837220385250475,-38.727330061935675],[-72.835941856935989,-38.726581027058721],[-72.835202213125143,-38.725981684283475],[-72.834723419099049,-38.725432212339271],[-72.834622593176491,-38.725250173665884],[-72.83447787717779,-38.724995163850409],[-72.834151527514408,-38.723947954075058],[-72.834103653352685,-38.723794330191311],[-72.834187545482379,-38.723683893294236],[-72.834271438497964,-38.723573456348802]]]},"properties":{"OBJECTID":46,"NOMBRE":"Casas Viejas","LUGAR":"Casas Viejas","Shape_Length":14777.094641890157,"Shape_Area":5366642.9226817973}},{"type":"Feature","id":47,"geometry":{"type":"MultiPolygon","coordinates":[[[[-72.873334683305728,-38.762483916612474],[-72.873337954956966,-38.76250031557224],[-72.873298464386821,-38.762484261964183],[-72.873334683305728,-38.762483916612474]]],[[[-72.873334683305728,-38.762483916612474],[-72.873271835835084,-38.762168941372131],[-72.871617034780797,-38.753874488438989],[-72.87024334634053,-38.748223359633386],[-72.86964139949626,-38.747960147481152],[-72.87020215302438,-38.747157800097057],[-72.870626565723157,-38.746597908079295],[-72.870700695075357,-38.746207297196982],[-72.871019188140352,-38.745993292368794],[-72.87109896787976,-38.74557206590277],[-72.871815771442357,-38.744679584908347],[-72.871863318945401,-38.74324773264081],[-72.871755554345711,-38.742206004568111],[-72.872205699452394,-38.741637475058859],[-72.87292442312463,-38.740812675739143],[-72.873260751340936,-38.740332246008926],[-72.873892704530491,-38.739441540250318],[-72.873923545546688,-38.738788801294326],[-72.873664163035002,-38.738031687723769],[-72.873404025267163,-38.737274649906659],[-72.87327571022665,-38.736461364715616],[-72.873103823989041,-38.735444593581427],[-72.872844602073926,-38.734538839872151],[-72.872847259437464,-38.733745955272667],[-72.872646567018094,-38.73270613819966],[-72.872533841091894,-38.731844309098619],[-72.873152322976992,-38.73215832260459],[-72.873296280986565,-38.732231412146206],[-72.874219245121949,-38.734035053093997],[-72.875446550815695,-38.735064619169236],[-72.878949405070173,-38.737665333658157],[-72.879596774203321,-38.737937069069652],[-72.880778702462976,-38.738080576357689],[-72.882097116494691,-38.73800989016776],[-72.883834874799476,-38.737805708869466],[-72.885697385904493,-38.737514124162018],[-72.888415387390651,-38.735846237947612],[-72.890547324007542,-38.735454852987914],[-72.894484651107334,-38.734868146560174],[-72.896606670479173,-38.734583133494446],[-72.897366002649903,-38.734386358388065],[-72.899239767732354,-38.742846776142763],[-72.900047325751089,-38.745309822888586],[-72.901452442145583,-38.75021311956467],[-72.900845854200682,-38.750281859215747],[-72.899992509644761,-38.750343187537759],[-72.899694734462756,-38.750396391224655],[-72.899038728627445,-38.750668366856594],[-72.898761032702993,-38.750942728580235],[-72.898164093748449,-38.751067121077803],[-72.897085705578107,-38.751399141322608],[-72.896108057599633,-38.752070876736184],[-72.895453828370719,-38.752471956018397],[-72.893759331252866,-38.75351073852417],[-72.892758820809121,-38.753648005062111],[-72.898724933014293,-38.757884637851511],[-72.898810604725909,-38.758330016023244],[-72.898174954376103,-38.758404975227933],[-72.897967952790751,-38.758326811651969],[-72.896973690452825,-38.758492263727284],[-72.896693579701889,-38.758491989677275],[-72.8961266474128,-38.758305365591703],[-72.895890541652236,-38.758258201668291],[-72.895426519223349,-38.758092498926494],[-72.895310894097562,-38.758001742891771],[-72.895264821403288,-38.757965579518185],[-72.895213408094747,-38.757925224686467],[-72.89510312300628,-38.757838659878757],[-72.894929242298645,-38.757774501445844],[-72.894871789887659,-38.757753301899463],[-72.894849407499919,-38.757745043341366],[-72.894608925563034,-38.7576563095936],[-72.894529778631536,-38.757627105146931],[-72.894492675535133,-38.757613414674118],[-72.894335705846274,-38.757547510254803],[-72.894172421444566,-38.757555222138585],[-72.893836751651236,-38.757487699883882],[-72.893501082505722,-38.757420177582013],[-72.893317970241583,-38.757434756221897],[-72.893134859092527,-38.757449333692755],[-72.892613717646114,-38.757602075238992],[-72.892453652062144,-38.757639653685047],[-72.892306057932871,-38.757718149666559],[-72.892204279454717,-38.757846129083099],[-72.891677493419238,-38.757930837857934],[-72.891354388918259,-38.758046591387171],[-72.891137257946014,-38.758285840499298],[-72.891204400281651,-38.758487309408522],[-72.89100275142998,-38.758666046329395],[-72.890924125668832,-38.758735737065727],[-72.89086588026295,-38.758787363995332],[-72.890801100443383,-38.758844781947396],[-72.890809640725237,-38.758865364497652],[-72.890831242874881,-38.758917427304276],[-72.890893630664095,-38.759067789164547],[-72.890854185910399,-38.759150424163785],[-72.890841552352612,-38.759176890296168],[-72.89081044116395,-38.759242066703116],[-72.890776872108745,-38.759312392320609],[-72.890685247120757,-38.759340197642814],[-72.890571446165026,-38.759374732432399],[-72.890484131346355,-38.759444675944039],[-72.890442238256625,-38.75947710030551],[-72.890373433822219,-38.759530353714595],[-72.890236044937524,-38.759597541211129],[-72.890132576110332,-38.759595672728423],[-72.889943617927699,-38.759601795908289],[-72.889859392113507,-38.759566898414292],[-72.889843800609214,-38.759476024497317],[-72.889829141118781,-38.75939058536165],[-72.88982820911275,-38.759385151478618],[-72.889768468587491,-38.759345927856558],[-72.88973894482244,-38.759284539287677],[-72.889614857875486,-38.759185809222025],[-72.889543590715363,-38.759186679874539],[-72.889399767037318,-38.759188437402322],[-72.889378605662884,-38.759123480320433],[-72.889348595395447,-38.759114035903295],[-72.889107934282421,-38.759038299533692],[-72.888995746999768,-38.758970711996419],[-72.888788753905871,-38.759020612437084],[-72.888745622463048,-38.75919267311815],[-72.888697101068786,-38.759254934827879],[-72.88857157574293,-38.759416008599452],[-72.888446551948888,-38.759470933539262],[-72.888193693957135,-38.759582018894719],[-72.887571191918482,-38.75984812941654],[-72.887316741145057,-38.759956902608543],[-72.887288690110154,-38.759968893671314],[-72.887265390783199,-38.759978853212758],[-72.886996259096179,-38.760050466265291],[-72.886514898098298,-38.759980782565584],[-72.886469696326444,-38.759962053106435],[-72.886168974930371,-38.759837443868349],[-72.885604749371808,-38.759757919836964],[-72.885441247493944,-38.759734874760092],[-72.884798825663736,-38.759670141231361],[-72.884752970817971,-38.759665520370113],[-72.884576052510553,-38.759647692377335],[-72.884305970923535,-38.75964280184207],[-72.884035889402099,-38.759637910683253],[-72.883815443339145,-38.759648691387405],[-72.883769083557183,-38.759650958445853],[-72.883724925195025,-38.759675660679257],[-72.883552364634653,-38.759772192413365],[-72.883403497151519,-38.759790611387515],[-72.88338428580137,-38.759792988083824],[-72.883161543025608,-38.759860472449425],[-72.883134042881991,-38.759884757248926],[-72.883106541569475,-38.759909042020482],[-72.883026589807102,-38.759979643990057],[-72.882989590410119,-38.760012316495839],[-72.88299004444103,-38.760024404046135],[-72.882999871152407,-38.760285726509409],[-72.883007368826355,-38.760485138752628],[-72.883009705736995,-38.760547289682407],[-72.883012043772766,-38.760609441533028],[-72.882977331237811,-38.760659576144683],[-72.882648668251178,-38.76113424671761],[-72.882580522430175,-38.761232664720538],[-72.881828834478299,-38.761632365840839],[-72.881600260940047,-38.761753904628748],[-72.881371687786995,-38.761875442965895],[-72.881149762051749,-38.761993445892521],[-72.880701614294367,-38.762217757235803],[-72.880662586172789,-38.762225380255906],[-72.880623558016822,-38.762233004163299],[-72.880567037421031,-38.762244043725872],[-72.88053811957225,-38.762235908951965],[-72.88042208870074,-38.762203269555563],[-72.880190707022294,-38.762037692005883],[-72.880141803875745,-38.762002696788457],[-72.880069001024353,-38.761940271885557],[-72.880037715830539,-38.761913446151198],[-72.880011144502049,-38.761890661502534],[-72.879989904028179,-38.761786382792856],[-72.879986737925037,-38.761770838300009],[-72.879959835585169,-38.761638758935554],[-72.879952657266642,-38.761603519730556],[-72.879892633781921,-38.761527873219492],[-72.87975305242729,-38.761351961545152],[-72.879337741754213,-38.761187079987955],[-72.879186709088302,-38.761146193872122],[-72.878894939616345,-38.761222488747457],[-72.878728409099637,-38.761247695625997],[-72.878594242446766,-38.761308348382492],[-72.878542294095851,-38.761372898833265],[-72.878527467934788,-38.761391320741822],[-72.878527164420703,-38.761391699072568],[-72.878512033560597,-38.761410500189299],[-72.87837728639046,-38.761493685213253],[-72.878369147966751,-38.761492669721214],[-72.878165833025221,-38.761467302001378],[-72.878057806228895,-38.761546446921884],[-72.877972026314609,-38.761601295670999],[-72.878039784651619,-38.76173913179673],[-72.878089323599497,-38.76183990527408],[-72.878092641717416,-38.761846653941781],[-72.878074476314609,-38.76186528635327],[-72.87799215099345,-38.761949724859925],[-72.877918971657152,-38.761953164859321],[-72.877845792342612,-38.761956603912118],[-72.877664754001344,-38.761894109028042],[-72.877544837328628,-38.761903416088643],[-72.877425580287863,-38.761975386858566],[-72.877423841380235,-38.761976435610094],[-72.87735548767553,-38.762017685768051],[-72.877032499411655,-38.762212603365242],[-72.876999088236786,-38.762257841020336],[-72.876931175978726,-38.762349789512577],[-72.876894629387976,-38.762399272611667],[-72.876680152763683,-38.762476459166024],[-72.876495369732183,-38.762473141226927],[-72.876202430159537,-38.762530870060367],[-72.87599164132304,-38.762504551735326],[-72.875889922369311,-38.762478250948739],[-72.875728985836517,-38.762436637867935],[-72.875542953129909,-38.76245578378888],[-72.875423964439534,-38.762504761083733],[-72.875383713918069,-38.7625213290261],[-72.875301874205732,-38.762555014483752],[-72.875088522686099,-38.762591726838153],[-72.874882915442626,-38.762497722934818],[-72.874821705619993,-38.762469736984187],[-72.87437886855335,-38.762473960986256],[-72.873840113470507,-38.762479098513118],[-72.873693261268855,-38.762480498569481],[-72.873523795703989,-38.762482113966826],[-72.873351977905415,-38.762483494379353],[-72.873351950703679,-38.762483751580795],[-72.873334683305728,-38.762483916612474]]]]},"properties":{"OBJECTID":47,"NOMBRE":"Sta . Adela","LUGAR":"Sta . Adela","Shape_Length":12370.719279293442,"Shape_Area":6113639.1380536426}},{"type":"Feature","id":48,"geometry":{"type":"Polygon","coordinates":[[[-72.92366164553529,-38.755494443780584],[-72.924693772564709,-38.755014876663132],[-72.926638700698049,-38.754443037695467],[-72.929880204322856,-38.753378582520455],[-72.931797857992549,-38.756729599835381],[-72.932326951623054,-38.757508929107303],[-72.929713605698737,-38.758989067745873],[-72.931102312018979,-38.761404907698363],[-72.928799686542035,-38.76235304444436],[-72.928758897629052,-38.762621279357681],[-72.928755003656363,-38.762625401079369],[-72.928722492726109,-38.762659806838975],[-72.928552498568806,-38.762839712068867],[-72.928496324345474,-38.762899161706642],[-72.928194504978848,-38.76321857309496],[-72.927937795404503,-38.763671751639727],[-72.927744158123716,-38.764049759641317],[-72.927561588869963,-38.764466107492403],[-72.927515964867098,-38.764779988524033],[-72.927499943217896,-38.764806760844898],[-72.927420100778832,-38.764940180210758],[-72.927323976163606,-38.765100808699955],[-72.927065349357051,-38.765294318117036],[-72.926987830338717,-38.765352318709589],[-72.926826746789587,-38.76553250460119],[-72.926699151534649,-38.765675230798166],[-72.926660543177945,-38.765718416528713],[-72.926406694692858,-38.765993905047168],[-72.926383882884039,-38.766018660889742],[-72.926122981317064,-38.766195215178819],[-72.925861251433332,-38.766400361378992],[-72.925757285924803,-38.766478146144415],[-72.925655171849954,-38.766554545445423],[-72.925578006771303,-38.766612278334172],[-72.925500192191507,-38.766670497012825],[-72.925270187940455,-38.766859367391156],[-72.92525095083343,-38.766875163440716],[-72.925247728334995,-38.766876392901715],[-72.92514543259351,-38.766915410550716],[-72.92509023533357,-38.766995783604152],[-72.925062943062457,-38.767035524138876],[-72.924904145491823,-38.767227510961312],[-72.924831189993213,-38.767315713887342],[-72.924760358502581,-38.767401349579337],[-72.924558397154129,-38.767645518944967],[-72.924367769708368,-38.767918678520722],[-72.924187933288948,-38.76823970907072],[-72.924160677185839,-38.768271855131687],[-72.924125246138786,-38.768313642151057],[-72.923940350194258,-38.768531707644883],[-72.923442489280646,-38.769118876448012],[-72.923431204974307,-38.769132185200569],[-72.923018580528733,-38.769513096657455],[-72.922765614055407,-38.769532832560046],[-72.922594706370077,-38.769546166426707],[-72.922330765432534,-38.769551143589972],[-72.922260028194472,-38.769552476949187],[-72.922066823334831,-38.769556120135221],[-72.921585370645488,-38.769776421325723],[-72.921228707019367,-38.76989404352679],[-72.920897221213593,-38.76998350552666],[-72.920665625205046,-38.76998891937847],[-72.92048771610483,-38.770067237521395],[-72.919919635907945,-38.769309257588446],[-72.919149142812174,-38.768158362912814],[-72.919063735575975,-38.768032625804437],[-72.918976934679421,-38.767904835563428],[-72.918323009918396,-38.766942103156175],[-72.917990438570385,-38.766452467687003],[-72.917837954079658,-38.766227966735414],[-72.916482607093741,-38.764070518568019],[-72.916359555552873,-38.76387463779718],[-72.916360078153502,-38.763874436273753],[-72.916117244589245,-38.763492710806624],[-72.915819262781454,-38.763043115775609],[-72.914864468286453,-38.76157361599806],[-72.914477835693859,-38.760989616313474],[-72.913657010520808,-38.759749746386532],[-72.913387292319896,-38.759347906886127],[-72.913293246558041,-38.759207791961188],[-72.912799729004718,-38.758472507392817],[-72.912447023010373,-38.758021477478884],[-72.912435480612643,-38.758006716704429],[-72.912421793710195,-38.757989213582839],[-72.912401717643334,-38.757963540978707],[-72.912421566041175,-38.757968951375126],[-72.912498775417774,-38.757971760857039],[-72.912666435742096,-38.757964161869097],[-72.91303800500053,-38.757947320211997],[-72.914002652211792,-38.757881731402449],[-72.918882973406994,-38.75802461627412],[-72.92366164553529,-38.755494443780584]]]},"properties":{"OBJECTID":48,"NOMBRE":"Huertos Familiares","LUGAR":"Huertos Familiares","Shape_Length":5670.2494937706515,"Shape_Area":1616007.730317238}},{"type":"Feature","id":49,"geometry":{"type":"MultiPolygon","coordinates":[[[[-72.898724933014293,-38.757884637851511],[-72.892758820809121,-38.753648005062111],[-72.893759331252866,-38.75351073852417],[-72.895453828370719,-38.752471956018397],[-72.896108057599633,-38.752070876736184],[-72.897085705578107,-38.751399141322608],[-72.898164093748449,-38.751067121077803],[-72.898761032702993,-38.750942728580235],[-72.899038728627445,-38.750668366856594],[-72.899694734462756,-38.750396391224655],[-72.899992509644761,-38.750343187537759],[-72.900845854200682,-38.750281859215747],[-72.901452442145583,-38.75021311956467],[-72.901800226499617,-38.75055484421128],[-72.902744311425252,-38.751101768112179],[-72.90373812577657,-38.751687682672518],[-72.904678504610558,-38.752255244107992],[-72.908778418244609,-38.754542373182019],[-72.910034911378631,-38.755114198869684],[-72.910825823747999,-38.755395284942693],[-72.911051447780096,-38.755759428035553],[-72.910604117036939,-38.755943007176313],[-72.909869911029276,-38.756244311875143],[-72.909145391604568,-38.756555786796952],[-72.908746482124513,-38.756727277236529],[-72.90753647339821,-38.757247442961877],[-72.906876143700046,-38.757508079233155],[-72.906028227967809,-38.757887243696082],[-72.904570318815757,-38.758344851984084],[-72.904154783004671,-38.758494428513252],[-72.903922489984126,-38.758565176562648],[-72.90028393925428,-38.7597012387292],[-72.899765117805345,-38.759863217429157],[-72.899220109419915,-38.758928423103889],[-72.899014586251681,-38.758416308860014],[-72.898972303013352,-38.758310946661055],[-72.898810604725909,-38.758330016023244],[-72.898724933014293,-38.757884637851511]]],[[[-72.914761730626779,-38.753035964726926],[-72.915415844188217,-38.752504958985028],[-72.916026281819072,-38.752114876701135],[-72.916682489585284,-38.751658042462161],[-72.917214303632321,-38.751325107116941],[-72.917801615890298,-38.750887757766911],[-72.91851816336353,-38.750453158208082],[-72.919249526052539,-38.750086381886135],[-72.920075414727094,-38.749826324659786],[-72.920203903373135,-38.749822305405942],[-72.921731225835032,-38.753536519027648],[-72.9222070489608,-38.753403186130271],[-72.92366164553529,-38.755494443780584],[-72.918882973406994,-38.75802461627412],[-72.914002652211792,-38.757881731402449],[-72.91303800500053,-38.757947320211997],[-72.912672226113656,-38.757972188184837],[-72.912484724961644,-38.757984935350557],[-72.912435480612643,-38.758006716704429],[-72.912421793710195,-38.757989213582839],[-72.912481111306008,-38.757985180743425],[-72.912421566041175,-38.757968951375126],[-72.912401717643334,-38.757963540978707],[-72.912298391314593,-38.757803047249546],[-72.912196223565942,-38.757644353692086],[-72.912107191235592,-38.757506063717855],[-72.911849244903252,-38.757105398784198],[-72.911713579880981,-38.756854210590362],[-72.911080643781318,-38.755807701688823],[-72.91149999843141,-38.755558872588757],[-72.911530699323535,-38.755540655353144],[-72.912866238806885,-38.754876084883229],[-72.913063036336766,-38.754713121682848],[-72.913442031108403,-38.754269371704162],[-72.913835718095143,-38.753767326648678],[-72.914150622946806,-38.753448549813925],[-72.914761730626779,-38.753035964726926]]]]},"properties":{"OBJECTID":49,"NOMBRE":"Fdo. Conus","LUGAR":"Fdo. Conus","Shape_Length":7088.0735275231855,"Shape_Area":1428055.2737490817}},{"type":"Feature","id":50,"geometry":{"type":"Polygon","coordinates":[[[-72.9222070489608,-38.753403186130271],[-72.925304489212735,-38.752491064064586],[-72.929483760953374,-38.751274625988266],[-72.934312741015432,-38.749820707044996],[-72.936960635964326,-38.748984013863712],[-72.938744585124326,-38.747989866830828],[-72.93947219302035,-38.747574339600106],[-72.940260066258517,-38.749874348019013],[-72.939401409310065,-38.75013478276172],[-72.939780715074193,-38.751425829085541],[-72.941599388935643,-38.751354013468564],[-72.942317698870454,-38.7513554043271],[-72.942408190081977,-38.751554556999189],[-72.94336915579575,-38.754123824827033],[-72.942356489381794,-38.754753835421653],[-72.942278583322675,-38.754804594363797],[-72.942139341877194,-38.75524166267212],[-72.94225322083912,-38.755521743935283],[-72.942272228158984,-38.755627601153499],[-72.942288200623707,-38.755716567061896],[-72.942290430727809,-38.755728986717244],[-72.942343147370252,-38.756022590363294],[-72.942304037019994,-38.75624950052331],[-72.94230558351596,-38.756263445323548],[-72.942194953142632,-38.756903463663811],[-72.942165391894051,-38.757053862875672],[-72.942118179823495,-38.757327767571041],[-72.942106918455664,-38.757393099617715],[-72.941962427914859,-38.758231354161957],[-72.941909644986922,-38.758417683415914],[-72.941853505957042,-38.759058782664731],[-72.941904606661652,-38.759216144070294],[-72.942038508700918,-38.75963988500466],[-72.94206464174701,-38.759716401706676],[-72.942144415062003,-38.759971072813087],[-72.94216557637688,-38.760043680586129],[-72.942429468814055,-38.760785978546807],[-72.942477826758193,-38.760922001470107],[-72.94262655380642,-38.761340345096492],[-72.942684400755638,-38.761503060012977],[-72.942995492953997,-38.762333408999105],[-72.943151774713272,-38.762750766739501],[-72.943315835349594,-38.763188894245097],[-72.943383348143669,-38.76336918986032],[-72.943597843361857,-38.763941990210483],[-72.943617343364181,-38.763994064267578],[-72.943710733885894,-38.76449328251725],[-72.941319343261696,-38.764209530488252],[-72.940616259983159,-38.764121110968752],[-72.9398430298222,-38.764012760830198],[-72.938621061951892,-38.763841518850995],[-72.938570692169677,-38.763819643874427],[-72.935135390464538,-38.763414670307419],[-72.93135643948159,-38.762997370249593],[-72.928918795016713,-38.762644432508239],[-72.928758897629052,-38.762621279357681],[-72.928799686542035,-38.76235304444436],[-72.931102312018979,-38.761404907698363],[-72.929713605698737,-38.758989067745873],[-72.932326951623054,-38.757508929107303],[-72.931797857992549,-38.756729599835381],[-72.929880204322856,-38.753378582520455],[-72.926638700698049,-38.754443037695467],[-72.924693772564709,-38.755014876663132],[-72.92366164553529,-38.755494443780584],[-72.9222070489608,-38.753403186130271]]]},"properties":{"OBJECTID":50,"NOMBRE":"La Granja","LUGAR":"La Granja","Shape_Length":7407.1632057077504,"Shape_Area":1753182.8361311965}},{"type":"Feature","id":51,"geometry":{"type":"Polygon","coordinates":[[[-72.900290430587731,-38.710623177751309],[-72.900492281604897,-38.710017697584355],[-72.900567199506412,-38.709830326141528],[-72.900616828533501,-38.708875730519694],[-72.901285219154175,-38.708742709752066],[-72.901662480555927,-38.708817161973592],[-72.902557570612288,-38.708961870800671],[-72.903386687274164,-38.709050707462239],[-72.904540972357452,-38.709191132723859],[-72.906174787652802,-38.709188881886703],[-72.907633559482022,-38.709147441751803],[-72.909092775783051,-38.709191572025432],[-72.910492749434496,-38.709094992140244],[-72.911893072842801,-38.709237130114055],[-72.912885734334608,-38.709281886413905],[-72.913236942484502,-38.709223582840082],[-72.913738701788915,-38.709321532325632],[-72.913729722390457,-38.709371497414509],[-72.913724448578051,-38.709400844160399],[-72.91367589018644,-38.709563998981324],[-72.913674436996288,-38.709781396211334],[-72.913682747094555,-38.709974158225272],[-72.91368315913904,-38.709983717602455],[-72.913684937661088,-38.710000425967309],[-72.913703168228423,-38.710171693023796],[-72.913722176307147,-38.710412331306216],[-72.913725464178128,-38.710705403947024],[-72.913726968731481,-38.711323371121239],[-72.913724246354519,-38.711416996478412],[-72.913716548155762,-38.711681743125574],[-72.91374680497151,-38.711829869621198],[-72.913420968312465,-38.712134907615344],[-72.913267501708447,-38.712390842585016],[-72.913195496870173,-38.712523062664069],[-72.913174037355162,-38.712591340320785],[-72.913078145470891,-38.712707875453759],[-72.913029139452519,-38.712886279352752],[-72.91309160791215,-38.713081932103137],[-72.91319079983603,-38.713186693076672],[-72.913245199912495,-38.713324984191871],[-72.913272160276165,-38.713369752094636],[-72.913310219698474,-38.713432949972507],[-72.913366394308142,-38.713510241985702],[-72.913417038095758,-38.713610321865275],[-72.913487811078852,-38.713687874446109],[-72.91355858423934,-38.713765426086773],[-72.91374211790513,-38.713922013993887],[-72.913842415048734,-38.714007584694627],[-72.914364240257001,-38.714416196673284],[-72.914467005741884,-38.71452229893729],[-72.914563539458925,-38.71480967460905],[-72.914636891021061,-38.715028036129397],[-72.914893871063214,-38.715300118107137],[-72.914896531837854,-38.715307060400967],[-72.915021500738703,-38.71565363098459],[-72.915136607762079,-38.716033555323612],[-72.915261171849181,-38.716289378327112],[-72.915570812896689,-38.716567029561958],[-72.915647470219824,-38.716672689485733],[-72.915794064129841,-38.717051181596986],[-72.915810295064247,-38.717170351775636],[-72.915858962517021,-38.717527675319488],[-72.915884167032175,-38.717573368224947],[-72.916145709705361,-38.717700770912323],[-72.91615292012267,-38.717706817562046],[-72.916300450516331,-38.717830553385546],[-72.916477905146081,-38.718105595836818],[-72.916529209500055,-38.718169999226639],[-72.916816033360689,-38.718320479150584],[-72.917145002415438,-38.718847414245481],[-72.917426620091447,-38.719183287931145],[-72.917750049608841,-38.719859448862444],[-72.91774275025297,-38.720085611690251],[-72.917582498694145,-38.720937782676721],[-72.917470804640956,-38.721144788725098],[-72.91733527910003,-38.722043433426464],[-72.917123180353542,-38.724663595656033],[-72.917375929355742,-38.7246641363881],[-72.918539812375514,-38.724388757767883],[-72.918995899397984,-38.724111847120575],[-72.919656269813146,-38.723279406077204],[-72.920870360280503,-38.723083542879081],[-72.921881836578621,-38.723006222137052],[-72.922439307815594,-38.722650112472891],[-72.923247149664817,-38.7229297755011],[-72.924460920390203,-38.722813235288726],[-72.925382791299697,-38.722767714431384],[-72.928864559733242,-38.72139304180449],[-72.931192431542883,-38.720762587950013],[-72.932611224417116,-38.719852236962559],[-72.939436566158065,-38.719747016622613],[-72.943986827231811,-38.719676528960903],[-72.948914205591095,-38.727786223748481],[-72.950093546558975,-38.728380681549709],[-72.951286594497574,-38.728982026639834],[-72.95163004256618,-38.729351005858561],[-72.953100311927585,-38.730970759716151],[-72.951629023097482,-38.731923410483283],[-72.951383150235401,-38.731545150835544],[-72.95096135441257,-38.7314611827221],[-72.950737743830999,-38.731147183076835],[-72.950066388617856,-38.731030007932411],[-72.949578778261099,-38.731058478528773],[-72.949039777464634,-38.731026498334991],[-72.9484723145179,-38.731034555170588],[-72.946978230817422,-38.72776222921857],[-72.94044233859627,-38.72765065035923],[-72.937068352528939,-38.727682488377653],[-72.935753825092306,-38.727682338691345],[-72.936251915951246,-38.729579526407434],[-72.936158742170534,-38.729560764614781],[-72.935722026765617,-38.729571068562549],[-72.935169001472488,-38.729601837579672],[-72.934630287991098,-38.729682404704612],[-72.934004215156605,-38.729729983732732],[-72.932766303571285,-38.729726109524016],[-72.932082072643027,-38.729668871122925],[-72.93208707766361,-38.729758414913078],[-72.932617120737063,-38.739360182066825],[-72.934011262630023,-38.739274843734393],[-72.939472946549003,-38.739262454744747],[-72.940795588610726,-38.739314507118777],[-72.944102355262942,-38.739366516178343],[-72.94390395453938,-38.742691355285586],[-72.944499227791184,-38.742795247978556],[-72.945226686289885,-38.742951099123914],[-72.945226696848678,-38.743834215230443],[-72.945226715164551,-38.744042045095966],[-72.940861303175637,-38.746639319267487],[-72.942316418971245,-38.746847197151332],[-72.943717770969059,-38.749249602917793],[-72.94125453656801,-38.749453785250878],[-72.940199841040112,-38.747054850080147],[-72.93947219302035,-38.747574339600106],[-72.938744585124326,-38.747989866830828],[-72.936960635964326,-38.748984013863712],[-72.934312741015432,-38.749820707044996],[-72.929483760953374,-38.751274625988266],[-72.925304489212735,-38.752491064064586],[-72.9222070489608,-38.753403186130271],[-72.921731225835032,-38.753536519027648],[-72.920203903373135,-38.749822305405942],[-72.920157699426142,-38.749714371290899],[-72.919879190668723,-38.74974833043818],[-72.919251871169294,-38.749953367311328],[-72.91877099726041,-38.750192628835372],[-72.918188068233462,-38.750479527459198],[-72.917793989665157,-38.750751862435713],[-72.917298255143834,-38.751080939322698],[-72.916554318887904,-38.751585760370062],[-72.915970378231378,-38.752007848361302],[-72.915474608504368,-38.752386464134446],[-72.914784885258229,-38.752908726227574],[-72.914274578394767,-38.753241944020637],[-72.913851080380226,-38.753536260773096],[-72.913599485847513,-38.75380211554701],[-72.913506304733488,-38.753958642327781],[-72.913442288161633,-38.754065061145994],[-72.913184089376031,-38.75438484880376],[-72.912810372940726,-38.754797162909412],[-72.91207440298227,-38.755175976858602],[-72.911428423695568,-38.755482719199932],[-72.911051447780096,-38.755759428035553],[-72.910825823747999,-38.755395284942693],[-72.910034911378631,-38.755114198869684],[-72.908778418244609,-38.754542373182019],[-72.904678504610558,-38.752255244107992],[-72.90373812577657,-38.751687682672518],[-72.902744311425252,-38.751101768112179],[-72.901800226499617,-38.75055484421128],[-72.901452442145583,-38.75021311956467],[-72.900047325751089,-38.745309822888586],[-72.899239767732354,-38.742846776142763],[-72.897366002649903,-38.734386358388065],[-72.89837755816373,-38.734309334833107],[-72.899469129362132,-38.734156086144012],[-72.900198654102169,-38.734115055405319],[-72.901007526432835,-38.734156703360789],[-72.903989921224024,-38.734401848217658],[-72.904900571020121,-38.734284851116357],[-72.911850430620234,-38.728463745633093],[-72.914831574299384,-38.72898659468521],[-72.920238144314396,-38.729911641736287],[-72.921956107917609,-38.730233002210362],[-72.923548210201432,-38.730364540944265],[-72.923241475896219,-38.73010504712326],[-72.921307839867424,-38.728755409015456],[-72.91898283940624,-38.727467597343022],[-72.916888971079402,-38.726268000829577],[-72.914928933028975,-38.724349794671262],[-72.913476552239715,-38.72312104226242],[-72.912881917844871,-38.722490721696929],[-72.911516208576714,-38.721186739176972],[-72.910942305531776,-38.719953201022527],[-72.910703880371372,-38.718937270680094],[-72.909890950752228,-38.718272403103583],[-72.908622836404703,-38.717096253115621],[-72.908059831244387,-38.715072209393917],[-72.908148064795554,-38.713522773512786],[-72.907820216584454,-38.712720092196435],[-72.907492342349911,-38.711860024419956],[-72.906653579010268,-38.711372502135518],[-72.905183126910288,-38.710977703114665],[-72.904063071836475,-38.710962937991155],[-72.903062924702823,-38.710901216317431],[-72.902010509236334,-38.710930976422979],[-72.90109683110623,-38.710924932187247],[-72.900869699168595,-38.710916145103148],[-72.900290430587731,-38.710623177751309]]]},"properties":{"OBJECTID":51,"NOMBRE":"Las Violetas","LUGAR":"Las Violetas","Shape_Length":25694.718239620433,"Shape_Area":11208192.41420415}},{"type":"Feature","id":52,"geometry":{"type":"Polygon","coordinates":[[[-72.88424228719478,-38.710157207039323],[-72.884154344143028,-38.710214986701565],[-72.883838227090394,-38.710422680622159],[-72.883514073985722,-38.710642119232958],[-72.883269576082029,-38.71086737324449],[-72.883238098646487,-38.711033490203249],[-72.883287585188114,-38.711156028449558],[-72.883388830248222,-38.711306564217104],[-72.88338460110802,-38.7114507017018],[-72.88327587833615,-38.711552297903822],[-72.883169054264499,-38.711590971469271],[-72.882930859241625,-38.711739854547886],[-72.882924577705609,-38.711745198394105],[-72.882917254564205,-38.711751428021479],[-72.882791653210489,-38.711858276562296],[-72.882766656010091,-38.711879527202392],[-72.882549120931785,-38.711954553854326],[-72.882378221519133,-38.712001709682085],[-72.882202925150892,-38.712044001936093],[-72.882142922004263,-38.71205847749858],[-72.882031018209943,-38.71212464975298],[-72.8818781150582,-38.71218289934783],[-72.881643110848444,-38.712228892298285],[-72.881445478510571,-38.712250436574664],[-72.881178527278081,-38.712292259722894],[-72.880874945092671,-38.712333418985622],[-72.880447204077853,-38.712390272871964],[-72.880189091229951,-38.712443022415464],[-72.880082837338136,-38.712483393822367],[-72.879855485754973,-38.712569778823529],[-72.879757421870053,-38.712632609261995],[-72.879654593994218,-38.712670587078549],[-72.879457490193616,-38.712763175000923],[-72.879408069161897,-38.712781092112117],[-72.879323711524094,-38.712805222320306],[-72.879104954104676,-38.712816773258943],[-72.879006290306407,-38.712821982994683],[-72.87879317892903,-38.712858601947083],[-72.878734411889425,-38.712946590054948],[-72.878604298829643,-38.713007421366065],[-72.878450274514634,-38.713081105281923],[-72.878319240161431,-38.713139512856202],[-72.878285408493539,-38.71315459307273],[-72.878277574615623,-38.713156258351702],[-72.878138060172333,-38.713185909925024],[-72.878010339910219,-38.713225339152295],[-72.877909402434582,-38.713239082811022],[-72.877775458112552,-38.713295223063852],[-72.877749370788052,-38.713334091650175],[-72.877664923668775,-38.71345991176122],[-72.877490451052282,-38.713629638378301],[-72.877340597163197,-38.713683752874893],[-72.877260619203128,-38.713712633929333],[-72.877233761478877,-38.71372233241852],[-72.876595520551774,-38.713963079265689],[-72.876402914189597,-38.714229912723511],[-72.876341274145602,-38.714517070855798],[-72.876258521100596,-38.714641746610582],[-72.876043410589105,-38.714741464776552],[-72.875829616193556,-38.714809803284183],[-72.875616793202198,-38.714877831072734],[-72.875429569499559,-38.714937538655462],[-72.875296256517245,-38.714975644976938],[-72.875164072029094,-38.714973277861489],[-72.874949174449171,-38.715090997998772],[-72.874917054511727,-38.715138504461578],[-72.87483786890887,-38.715255620302969],[-72.874818280764273,-38.715288621647652],[-72.874782306166594,-38.715349230332244],[-72.874674032274783,-38.715508117488831],[-72.874603969287534,-38.715594882513855],[-72.874561834671965,-38.715647062468577],[-72.874470647556436,-38.71574703457911],[-72.874452649486614,-38.715766767177101],[-72.874449841217469,-38.715779257725835],[-72.8743921221336,-38.716035967642505],[-72.874336498330521,-38.716120574002169],[-72.874301607966629,-38.716220596757921],[-72.874186056315935,-38.716383630100111],[-72.87408611316971,-38.716612094472204],[-72.874072709289123,-38.71664273570903],[-72.874104925598701,-38.716801155674133],[-72.874151343502049,-38.717009172376002],[-72.874148898181161,-38.717090210970284],[-72.874207853463645,-38.717222712206457],[-72.874228007229419,-38.717323795592705],[-72.8742415416434,-38.717528945291924],[-72.874258224735811,-38.717606540221865],[-72.874303747962514,-38.717818269091232],[-72.87424828193862,-38.718020717555987],[-72.874149933260043,-38.718158047879321],[-72.874143593654082,-38.718166900642935],[-72.874098995834629,-38.71827457407575],[-72.874058387863343,-38.718372616735131],[-72.874040928327119,-38.718400578364673],[-72.874040911693669,-38.718403351472425],[-72.874039766888373,-38.71859420939424],[-72.874039496629564,-38.718639183641699],[-72.87390255231314,-38.71881366624487],[-72.873842348822336,-38.718890371543331],[-72.873684113320365,-38.719030829695065],[-72.873619686194431,-38.719088017126019],[-72.873484811529778,-38.719181103318803],[-72.873349936516519,-38.719274189344546],[-72.873321650188672,-38.719309250486162],[-72.873223330779552,-38.719431118605506],[-72.873184606148229,-38.719479117946392],[-72.873117825336465,-38.719561894217165],[-72.87302359459504,-38.719605007044109],[-72.872835515191511,-38.719691058310346],[-72.872824515483515,-38.719696090453461],[-72.872672127260401,-38.7198774113699],[-72.872512164409329,-38.719954428255122],[-72.872414509108708,-38.720001446428604],[-72.872352201194175,-38.720031445811152],[-72.872188501362331,-38.720130194032556],[-72.872039604416941,-38.72025101047695],[-72.871999790264908,-38.720283316835022],[-72.871890708091939,-38.72037182763647],[-72.871623382562888,-38.720628547345733],[-72.871316487524126,-38.720710437266227],[-72.871234985585858,-38.720790045616702],[-72.871154684859249,-38.720811081008158],[-72.871152732911085,-38.720811046352409],[-72.870998684418296,-38.720808304067916],[-72.870995729054471,-38.720808246624713],[-72.870837714238561,-38.720805291309127],[-72.870598549743406,-38.72082348687092],[-72.870194028593076,-38.72108193732133],[-72.869977252442823,-38.721267161214769],[-72.869895069885288,-38.7213693047741],[-72.869771996869758,-38.72155181563307],[-72.869846572395488,-38.721640171480303],[-72.869928618998742,-38.721737379233211],[-72.86993724930467,-38.721927784346747],[-72.869942017718728,-38.721996610851392],[-72.869947764173517,-38.722079560092695],[-72.869885520743651,-38.722372140039397],[-72.86991052076236,-38.722677745273202],[-72.869754724305537,-38.723049777627359],[-72.869619852800085,-38.72346049717914],[-72.869333885719385,-38.723354481534102],[-72.868974688778977,-38.723232158158851],[-72.868951577000871,-38.723224365289909],[-72.868560595335055,-38.72309253082112],[-72.868354157993679,-38.723027118047163],[-72.867952521652427,-38.722838341415667],[-72.867637581078341,-38.722618222179179],[-72.867269821969856,-38.722361177633424],[-72.867213884967299,-38.722319713543854],[-72.866950091512663,-38.722103200195882],[-72.866930786836548,-38.722090747753263],[-72.866549740094484,-38.721840128851504],[-72.866410206965142,-38.721743829930517],[-72.866288990781698,-38.72163210425532],[-72.866107906136989,-38.721473060978042],[-72.865946066718763,-38.721337488683218],[-72.865700990098446,-38.721180662341055],[-72.865537418157757,-38.721038077478774],[-72.865210434311379,-38.720753044256057],[-72.865015314402356,-38.720603925598724],[-72.864863739418183,-38.720506567801266],[-72.864746754521661,-38.720431428057914],[-72.864199540467226,-38.719997783316515],[-72.864202918271488,-38.719981914633479],[-72.864283168220453,-38.719604937450853],[-72.864568189324757,-38.718671709976903],[-72.864689222204049,-38.718392445005783],[-72.864734252704366,-38.718330443514326],[-72.864894352293732,-38.717981485560784],[-72.865183306743674,-38.717393652424015],[-72.865391245871947,-38.716948310876774],[-72.865415988016281,-38.716895321079122],[-72.865477326504248,-38.716748285738753],[-72.86552333338679,-38.716700102104227],[-72.865551936087883,-38.716606261052057],[-72.865587478569097,-38.716489646746567],[-72.865644180361983,-38.71636487427039],[-72.865702509176018,-38.716308719708991],[-72.865732032820361,-38.716231418733791],[-72.865774895862344,-38.716119185559599],[-72.865750819025365,-38.715993081121503],[-72.865733295534511,-38.715901299917235],[-72.865726215891556,-38.715864219787946],[-72.865697646383936,-38.715714594478627],[-72.865695493110437,-38.715706294399752],[-72.865580751015273,-38.715450244650789],[-72.865508949824203,-38.715290018292386],[-72.865506073175922,-38.715268924614207],[-72.865363813118336,-38.715067540187484],[-72.865229720761434,-38.714822473576298],[-72.865144980365898,-38.714723541927007],[-72.865095683741572,-38.714395410780028],[-72.865041419482708,-38.714216132966698],[-72.865023926149831,-38.71407573104706],[-72.8650113416507,-38.713952398039311],[-72.864981124631157,-38.713875437642031],[-72.86493390297376,-38.713823636357937],[-72.864880672856245,-38.713816682799951],[-72.864858345211402,-38.713813765495367],[-72.864837171991383,-38.713786588886691],[-72.86486339870919,-38.713765920558231],[-72.86486112761078,-38.713720430487228],[-72.864912262154689,-38.713640711439972],[-72.864944333354885,-38.713613047845222],[-72.864984551244476,-38.713578358063117],[-72.865085053366826,-38.713478315808885],[-72.865190716480114,-38.713386857357669],[-72.865279124694993,-38.713329043034449],[-72.86532597884036,-38.713275849793447],[-72.865255039858127,-38.713007538222591],[-72.865240705554314,-38.712953321067673],[-72.86523577957233,-38.712883493999037],[-72.865196836490924,-38.712331488750131],[-72.865173441213685,-38.712099372704166],[-72.865097368885984,-38.711797245718856],[-72.864994172745597,-38.71147618876217],[-72.864944348882247,-38.711197385291378],[-72.86494039412527,-38.711159353915733],[-72.864926397462298,-38.711024749139874],[-72.864908447232168,-38.71085211390487],[-72.864906287985747,-38.710831345969183],[-72.86489801370486,-38.710751775996634],[-72.864912110189863,-38.710589471867593],[-72.864927878954859,-38.710379933175638],[-72.865006176583137,-38.710218493670126],[-72.865033250885119,-38.710202491945353],[-72.865179734371353,-38.710115919361044],[-72.865211954423586,-38.710096876856021],[-72.865333265423018,-38.710004813761216],[-72.865366686589709,-38.709979449807143],[-72.865427710922134,-38.709853116316147],[-72.86552263482254,-38.709656600631781],[-72.865600790805402,-38.709416538486792],[-72.865704638821995,-38.709176558895564],[-72.865885572352823,-38.708993680245939],[-72.866055467931119,-38.708764232085073],[-72.865987164714895,-38.708431763280593],[-72.86593195198104,-38.708163018255313],[-72.866070811073556,-38.708145720736866],[-72.86714539161801,-38.708011851538608],[-72.867782557116726,-38.708009580379169],[-72.868026976884394,-38.70801302993754],[-72.869219956622075,-38.707985677253745],[-72.8702123005489,-38.707925077923143],[-72.870451493690865,-38.707910470257467],[-72.870964124271012,-38.707879160599738],[-72.871915807891995,-38.707825689322107],[-72.872366054667921,-38.707800389199654],[-72.873272856944425,-38.707745372583531],[-72.873680731763457,-38.707714053191715],[-72.873816117647678,-38.707693769266541],[-72.87441749752675,-38.707656911768851],[-72.874443087642049,-38.707656399521419],[-72.874699036836958,-38.707700089896043],[-72.876143982667955,-38.707627719190498],[-72.876490539965445,-38.707612654165231],[-72.877255957266115,-38.707579379438236],[-72.878158689708812,-38.707533190151253],[-72.878263822220944,-38.707529905078296],[-72.879105789161173,-38.707503591584867],[-72.879434238405111,-38.707468131050121],[-72.879921917012865,-38.707438834173388],[-72.880189298453104,-38.707480068131822],[-72.88319997459979,-38.707332349557767],[-72.883455917722614,-38.707256824037891],[-72.883541780698735,-38.707231486272534],[-72.883551939374286,-38.707302913206021],[-72.883589507253703,-38.707567061937901],[-72.883602108355205,-38.707887482989634],[-72.883560935168774,-38.708195030182509],[-72.883550309811127,-38.708555272215101],[-72.883535464335893,-38.709097140832547],[-72.883571533281312,-38.709265766868427],[-72.883590513700568,-38.709354504023558],[-72.883602298600096,-38.709409598297654],[-72.883879328933986,-38.709733215947715],[-72.88424228719478,-38.710157207039323]]]},"properties":{"OBJECTID":52,"NOMBRE":"Cusaco","LUGAR":"Cusaco","Shape_Length":6123.4576544125712,"Shape_Area":1687621.6241892814}},{"type":"Feature","id":53,"geometry":{"type":"MultiPolygon","coordinates":[[[[-72.889203721638694,-38.689723560419083],[-72.889463867341618,-38.68946696878254],[-72.889679884172025,-38.689253902482108],[-72.889715022335238,-38.689219244543445],[-72.890752898510854,-38.68820142935094],[-72.890923977230017,-38.688033654661005],[-72.891031477510879,-38.687927309659841],[-72.891931435641851,-38.687037006667694],[-72.892580291983748,-38.686395093602286],[-72.893574730194345,-38.685411266625344],[-72.894175438258998,-38.684816949534898],[-72.894935367189618,-38.684011967364846],[-72.895386702059653,-38.683600312475086],[-72.895552606891073,-38.68344899251889],[-72.896510865111495,-38.68250672741943],[-72.896644438256288,-38.682369388654308],[-72.897256791323045,-38.681739763943902],[-72.897857656110418,-38.681121936679958],[-72.89812502898495,-38.681162434867254],[-72.898245852978107,-38.681180735081739],[-72.898496933941473,-38.681238443333704],[-72.901332746931502,-38.681890178866553],[-72.902285122584971,-38.682080111024916],[-72.90149488781995,-38.682864348063724],[-72.900910435344301,-38.683442911889202],[-72.899444817754485,-38.684893707427875],[-72.897263587342437,-38.687027271246791],[-72.893239240516365,-38.690963219383654],[-72.893116103591112,-38.691085762910966],[-72.892880805584738,-38.691319924857325],[-72.892754529068938,-38.691445591192242],[-72.891464864294903,-38.692710797152145],[-72.890946837325885,-38.693200565045814],[-72.890774128358757,-38.693359330250466],[-72.890601418596631,-38.693518096074826],[-72.889369934325799,-38.694650124637796],[-72.888958512927772,-38.695063047546867],[-72.88709449891239,-38.696933782371637],[-72.886680614530164,-38.697386265073327],[-72.88606925982991,-38.697979111110655],[-72.886120178362347,-38.697998956663852],[-72.886086657624816,-38.698035601541967],[-72.884761598694524,-38.697481743451178],[-72.883487263310826,-38.697050766394689],[-72.882369630459408,-38.696424784313216],[-72.882429491982862,-38.69636383260017],[-72.882565943666265,-38.696419921293042],[-72.883343267129078,-38.695640115132392],[-72.884025225651143,-38.69492233987684],[-72.884537858577616,-38.694422329375925],[-72.88498431220178,-38.693982311943174],[-72.885112125506907,-38.693856338749015],[-72.885596712893459,-38.693343711266095],[-72.886247305873397,-38.692639168042561],[-72.886746255027575,-38.692158797755837],[-72.887063448695557,-38.691823673302757],[-72.887787419044642,-38.69105876250147],[-72.888407039690335,-38.690404084915777],[-72.888799871163442,-38.689989018375222],[-72.888987095418116,-38.689773307819969],[-72.889108847934978,-38.689818502730297],[-72.889203721638694,-38.689723560419083]]],[[[-72.876569444297715,-38.688775292527794],[-72.876226778267522,-38.688003249328673],[-72.874554002883031,-38.686862533632308],[-72.874787799435012,-38.68615041925797],[-72.875400317733252,-38.684363972365873],[-72.876013150599874,-38.682203579637068],[-72.876508802604434,-38.680991734056974],[-72.877004986798951,-38.680005022618296],[-72.87769204851638,-38.678672479930491],[-72.877803871051412,-38.678455595614437],[-72.879753734611128,-38.679225500808961],[-72.881359363718559,-38.679859448652266],[-72.882959044885837,-38.680478617675647],[-72.885046401330754,-38.681362575146487],[-72.885957812884925,-38.681748523173177],[-72.88805889641371,-38.682613567057452],[-72.888211102093962,-38.68267623018999],[-72.887850654403266,-38.682845737388057],[-72.886822705757382,-38.6834325787705],[-72.885033155544903,-38.684433450663668],[-72.884087386980269,-38.684951527311547],[-72.88012270271588,-38.687158786606219],[-72.877998956837999,-38.688313016781834],[-72.877908660254818,-38.688486251998363],[-72.877450399527646,-38.688712510657083],[-72.877310744789128,-38.688781462068157],[-72.877054559821374,-38.688881877286377],[-72.876683943497412,-38.689033258982981],[-72.876569444297715,-38.688775292527794]]]]},"properties":{"OBJECTID":53,"NOMBRE":"Los Boldos","LUGAR":"Los Boldos","Shape_Length":8770.7480292074488,"Shape_Area":1486238.7197341011}},{"type":"Feature","id":54,"geometry":{"type":"MultiPolygon","coordinates":[[[[-73.013254370579105,-38.661963227699196],[-73.014053819021527,-38.661723556346246],[-73.014178943898983,-38.661682401366512],[-73.015129047318737,-38.661369897758895],[-73.018811848211087,-38.660342486678339],[-73.018992146659173,-38.660014462624254],[-73.019183125672143,-38.65944498944328],[-73.019334313414348,-38.658994162321498],[-73.019373957027867,-38.658822906255125],[-73.019517126624677,-38.658204427047224],[-73.019753899309677,-38.657949578835066],[-73.020239343773326,-38.658226862745842],[-73.022546267999672,-38.65952998122507],[-73.022958126098047,-38.659754564735763],[-73.024919757868801,-38.660890167947301],[-73.024990532971316,-38.661103069687378],[-73.025053358304774,-38.661289861979434],[-73.02506803599033,-38.661333500887665],[-73.02510859707985,-38.661454093976779],[-73.025231885808893,-38.661809083678875],[-73.025643868157999,-38.662001677388965],[-73.025899033158339,-38.662120961223806],[-73.026194851298342,-38.662259248607718],[-73.026096560928053,-38.66234971649591],[-73.026101204534456,-38.662352580993677],[-73.026041810728188,-38.662411774262722],[-73.025931997008129,-38.66252121771911],[-73.025888193565791,-38.662541500126572],[-73.025547590868428,-38.66269921389938],[-73.025117743920958,-38.662784668306202],[-73.024565707141534,-38.662956461616766],[-73.02455299776274,-38.662960172852841],[-73.024183450855006,-38.663068083474798],[-73.024181571401058,-38.663064126658824],[-73.023987091704115,-38.663120915348387],[-73.023609688324612,-38.663072452307041],[-73.023514647175489,-38.663074900605544],[-73.023430935949975,-38.663073485542945],[-73.023346435064681,-38.663100784952121],[-73.023282861649761,-38.663128438095463],[-73.023140245229939,-38.663175274896957],[-73.023003762591358,-38.663189382984939],[-73.022899236559184,-38.663183511230031],[-73.022774120368354,-38.663164979897779],[-73.022675729626229,-38.663126380345481],[-73.022577337843771,-38.663087780693481],[-73.022425837389846,-38.663077010619304],[-73.022268991683291,-38.66307025340496],[-73.022107591984053,-38.663038795438062],[-73.021914912942776,-38.663002704620318],[-73.02173691420299,-38.663003796672406],[-73.021546195358383,-38.66303616467475],[-73.021439534086824,-38.663031597178545],[-73.021258159534568,-38.663028527909432],[-73.021124563256222,-38.663064570507117],[-73.021080380455771,-38.663074026442509],[-73.020935008828516,-38.663105138016391],[-73.020910067682891,-38.663104715864336],[-73.020830370203825,-38.663103366874829],[-73.020690851668959,-38.663101005200765],[-73.020578784990491,-38.663115523760752],[-73.020472940176248,-38.663157507595372],[-73.020416448668385,-38.663246371513701],[-73.020483838710007,-38.66330109717434],[-73.020551228829333,-38.663355823699007],[-73.020700901340547,-38.66341436965736],[-73.020730803810935,-38.663426066209681],[-73.020799802737628,-38.663453055198779],[-73.020958594162437,-38.663515934342037],[-73.021117535289207,-38.663573344516301],[-73.021199816489514,-38.663626720592134],[-73.021282097812843,-38.663680096612815],[-73.021398279681947,-38.663769614127041],[-73.021465179581753,-38.663874713287143],[-73.021490599381607,-38.663965431401323],[-73.021546625849226,-38.66421062218172],[-73.021565880559237,-38.664273136134732],[-73.021585134250955,-38.664335646462796],[-73.021568158504309,-38.664443939791433],[-73.021566759472734,-38.664494764319691],[-73.021551225897184,-38.664551958118324],[-73.021532280152556,-38.664986657207329],[-73.02153002172254,-38.665068699123722],[-73.021524872486566,-38.665255754003852],[-73.021495100954525,-38.665323101589969],[-73.021465329339478,-38.665390450066951],[-73.021226634906995,-38.665441130817896],[-73.021086915388665,-38.665438765271674],[-73.021038276758986,-38.665437941160079],[-73.02082072737403,-38.665238187305917],[-73.02078045720198,-38.665201210608359],[-73.020740187046371,-38.665164234798446],[-73.020712167774917,-38.665138508050312],[-73.020696641009977,-38.665114003769652],[-73.020684553125662,-38.665101845570675],[-73.020664228820308,-38.665081404085285],[-73.020553128504019,-38.665020578092324],[-73.020478584302424,-38.664979766391404],[-73.020393424124734,-38.664963784060582],[-73.020257078254019,-38.664938196449057],[-73.020217995051368,-38.664938461890365],[-73.020178910700253,-38.664938727299138],[-73.020046965783891,-38.664939624275362],[-73.019898140210174,-38.664984443444084],[-73.019666110637388,-38.665096863345191],[-73.019554167195054,-38.665134817054899],[-73.019382979770469,-38.66514278605775],[-73.019277451560043,-38.665115638764711],[-73.019145607999093,-38.665037328036327],[-73.01894538508509,-38.6649252534705],[-73.01880382398889,-38.664716104805287],[-73.018561469968176,-38.664646333598142],[-73.018394949136251,-38.664610680241054],[-73.018095580877926,-38.664583718389956],[-73.017809261674913,-38.664589808309479],[-73.017586178684951,-38.664580554035325],[-73.01734899220402,-38.664576532373985],[-73.017160639010896,-38.66457333837198],[-73.017000491854049,-38.664559678964466],[-73.016720544263137,-38.664587762117769],[-73.0166921059202,-38.664605437161256],[-73.016675956174581,-38.664615474143488],[-73.016472004176237,-38.664742233168241],[-73.016430633958961,-38.664976825406015],[-73.016420487636992,-38.665091564661346],[-73.0165480522423,-38.665274303592724],[-73.016661514866144,-38.665462274462996],[-73.016845191796747,-38.665635021407773],[-73.017006885038839,-38.665845697822604],[-73.017161904511667,-38.666045317370255],[-73.017234224848707,-38.666220446278658],[-73.017265148251568,-38.666350796520668],[-73.017260094280303,-38.666533987103882],[-73.017242068195586,-38.666681424095692],[-73.017162526549981,-38.667034657971726],[-73.017126321466279,-38.667335002381556],[-73.017089814237977,-38.667646284204451],[-73.01725773463248,-38.667884425883116],[-73.01716077318406,-38.66799497530355],[-73.017017676625372,-38.667984325332171],[-73.016864045809669,-38.667987191837007],[-73.016653055142257,-38.667975515976508],[-73.016534836416625,-38.667952155259741],[-73.016516131809325,-38.667948458947933],[-73.016411486415535,-38.667946683667367],[-73.016251030009798,-38.667943961386172],[-73.016054181536859,-38.66799534050336],[-73.015897378442716,-38.668113063231871],[-73.015901486017967,-38.668217099893191],[-73.015920300882229,-38.668294026118389],[-73.015928125556954,-38.668315259193044],[-73.015952767174284,-38.668382128358303],[-73.016027242511939,-38.668465472147176],[-73.016095497443416,-38.668521349431288],[-73.016156473765179,-38.668588047541107],[-73.016189845225924,-38.668643333783464],[-73.01620213785371,-38.668703733653238],[-73.016053216145693,-38.668788758099758],[-73.015863492948483,-38.66883478648883],[-73.015625537545745,-38.668858107252909],[-73.015534279538073,-38.668891964019743],[-73.015512705819773,-38.668899967864796],[-73.015412921185373,-38.668974882012677],[-73.015355296771389,-38.669039567360606],[-73.015346584102758,-38.669049159103707],[-73.015345542155174,-38.669050305596052],[-73.015313566360916,-38.669077131835365],[-73.015258411188967,-38.669106756173349],[-73.015050167278133,-38.669218603556111],[-73.014937131301565,-38.669330736160212],[-73.014942291510621,-38.669427572246519],[-73.014944372402638,-38.669466621979041],[-73.014953836765869,-38.669608152881608],[-73.015343568071728,-38.669641901071337],[-73.015381927909615,-38.669649567013153],[-73.01555631020959,-38.669711561199861],[-73.015574712064264,-38.669775305951177],[-73.01551480173157,-38.669801467990652],[-73.015396349870599,-38.669849129661173],[-73.014938621259319,-38.66983995446359],[-73.01492493598063,-38.669838114610101],[-73.014673442541351,-38.669804296657126],[-73.014501413715152,-38.669660847722824],[-73.014404401157066,-38.669645428331435],[-73.014264928423088,-38.669719946786437],[-73.014165840379235,-38.669777009816563],[-73.01398744742913,-38.669842122026729],[-73.013762146102565,-38.669704103412229],[-73.013515537315101,-38.669648417768251],[-73.013414750616604,-38.66959807025448],[-73.013313964061638,-38.66954772265715],[-73.013105727755999,-38.669424025972759],[-73.012978370913928,-38.669278817277295],[-73.012923964462857,-38.669134848272762],[-73.012811356606107,-38.668984167381893],[-73.012631353623476,-38.668895281268391],[-73.012414402934127,-38.66882293211787],[-73.012145595913239,-38.668778309801176],[-73.012026815022409,-38.668762939144592],[-73.011939274515299,-38.668761450676861],[-73.010606667048151,-38.666230965402868],[-73.009408482476971,-38.663033443375411],[-73.009736851894075,-38.663017680637161],[-73.013254370579105,-38.661963227699196]]],[[[-73.035653169005258,-38.661202860175159],[-73.03573675512682,-38.660979917569918],[-73.03577685756062,-38.660895632880553],[-73.035831620196532,-38.660780533627751],[-73.035957934367474,-38.660520917742168],[-73.036077352121168,-38.660304633705962],[-73.036153844629865,-38.66016609295896],[-73.036171288223258,-38.660100146400879],[-73.036208866638049,-38.659958077624644],[-73.036219369041362,-38.659918375311797],[-73.03626388942709,-38.659750063169007],[-73.03625614336103,-38.659636660347523],[-73.036018601948626,-38.659322613154949],[-73.035943155338131,-38.659243377139397],[-73.03582791959505,-38.659122352335672],[-73.035739558477786,-38.658991098483426],[-73.035750673586094,-38.658808646212236],[-73.035710583803265,-38.658481145274017],[-73.03571635949335,-38.658269765416534],[-73.035717358282056,-38.658233211322504],[-73.035722528915258,-38.658043973225361],[-73.035843372930401,-38.657885971130398],[-73.036014463237009,-38.657678788080538],[-73.036151223513713,-38.657608991222986],[-73.036210478843898,-38.657571535880393],[-73.036269732964115,-38.65753408048662],[-73.03628552976113,-38.657404576190359],[-73.036228460232792,-38.657249816610666],[-73.036179578107479,-38.657157385547734],[-73.03616434547564,-38.657128582880752],[-73.036064652147758,-38.656963494729581],[-73.035917332918714,-38.65681171461614],[-73.035852930874256,-38.656648660773477],[-73.03584595964864,-38.656631009728088],[-73.035845553669674,-38.656622693228691],[-73.035796704343369,-38.656450733096584],[-73.035832481286263,-38.656354569809707],[-73.035833111270549,-38.656352878267974],[-73.035838037868132,-38.656282543193591],[-73.035863423500345,-38.656214244886634],[-73.035903851609945,-38.65610547621722],[-73.035942947989128,-38.656057482255193],[-73.036106402942366,-38.65585682513521],[-73.036146579614226,-38.65577095468209],[-73.03616653267477,-38.655742878099652],[-73.036181950162131,-38.655713661176101],[-73.036224863246545,-38.655611533561498],[-73.036250468207967,-38.65558381769717],[-73.036257498244041,-38.655570496275558],[-73.036285972329949,-38.655516536219245],[-73.036349557051977,-38.655325041407821],[-73.036494351911585,-38.655319829950599],[-73.037108551030514,-38.655520556208565],[-73.037381317696884,-38.655611133843962],[-73.037733436263323,-38.655724770027156],[-73.038200582883675,-38.655875526408003],[-73.039655273923358,-38.656342712280534],[-73.040707329954998,-38.656697932469797],[-73.042682421574852,-38.657385482936036],[-73.042810592933961,-38.657429867874335],[-73.042685751603031,-38.657776010135727],[-73.041596008498317,-38.66079735077912],[-73.041388999449282,-38.661371254882994],[-73.040653702448736,-38.663409689175211],[-73.040644880489367,-38.663434147791399],[-73.040526852523371,-38.663761335645312],[-73.040193110586728,-38.664855666789947],[-73.040087204223909,-38.665040147446788],[-73.039986599680702,-38.665163453076509],[-73.039916243452069,-38.665295683491848],[-73.039709748567901,-38.665443805209669],[-73.039472670481942,-38.665576103661913],[-73.039280568880045,-38.665735138215986],[-73.039208989810419,-38.665787637171647],[-73.039300547367645,-38.665916328900749],[-73.039346109578474,-38.665954029606219],[-73.038779735995163,-38.666108953762887],[-73.038546147138121,-38.666172848187145],[-73.038152054519159,-38.666215875491908],[-73.037702563477666,-38.666292024986717],[-73.037538428896937,-38.666354223894764],[-73.036890844619947,-38.666604610137014],[-73.036597824187652,-38.66666662513223],[-73.03662434153992,-38.666899769054673],[-73.036792580136634,-38.667207814357745],[-73.036804581918318,-38.667368643318476],[-73.036779787550145,-38.667447144517205],[-73.03674582611562,-38.667500357338817],[-73.036532924221589,-38.667526240975391],[-73.036481806007231,-38.667614300123063],[-73.036456062943131,-38.667734405733562],[-73.036328529308904,-38.667778389686184],[-73.03618572019947,-38.667802206893583],[-73.035946289789365,-38.667761879293444],[-73.035808638682738,-38.667773801157182],[-73.035682099441289,-38.667840761263946],[-73.035452360337089,-38.667837183406959],[-73.035447504610559,-38.667833475014227],[-73.03544627591026,-38.667832636197964],[-73.035361435437309,-38.667774732505727],[-73.035361043232726,-38.667774826835341],[-73.03531292227477,-38.667741967199447],[-73.035313305017866,-38.667741882622778],[-73.034336062997383,-38.667074897878294],[-73.033752483716768,-38.66667305800275],[-73.033694483330251,-38.66663663453717],[-73.032603402375429,-38.665939540033257],[-73.031448210263392,-38.665282107876187],[-73.031157458470474,-38.665112026496523],[-73.030915858265175,-38.664970696303804],[-73.03060618548119,-38.664766363346757],[-73.030442983641947,-38.664658676716556],[-73.030239110872003,-38.664552726785693],[-73.02997221352409,-38.664408395042159],[-73.029616514922452,-38.664191775551728],[-73.029255624663861,-38.663987989726259],[-73.028682835841721,-38.66363414179142],[-73.026750631072062,-38.662333866663914],[-73.026576351719299,-38.662216581491265],[-73.026514268339398,-38.662174800821766],[-73.0263958080685,-38.662095080549463],[-73.026543971495101,-38.661933451488089],[-73.02689012070914,-38.661558518278632],[-73.026889663371364,-38.661485458144398],[-73.026977239343879,-38.661457297041444],[-73.027064816398791,-38.66142913589033],[-73.027312721719511,-38.661440769512836],[-73.027517395653533,-38.661450374894748],[-73.027554653211979,-38.661465602527784],[-73.027618942178904,-38.661491880005329],[-73.027755543804034,-38.661486983728437],[-73.027983105545133,-38.661511523921007],[-73.028143943061096,-38.661536135079743],[-73.028390282151179,-38.661770056447821],[-73.028548040616982,-38.661871927824926],[-73.028569691921646,-38.661900311639101],[-73.028755611208908,-38.66198746189572],[-73.028899347623607,-38.662054839538492],[-73.028985954002991,-38.662065220966852],[-73.029467774646676,-38.662122978249798],[-73.029890732643452,-38.662125601003211],[-73.030087282510777,-38.662080401613288],[-73.030328749578615,-38.662024873578773],[-73.030463208473691,-38.661977373305078],[-73.030621085561378,-38.661921601713736],[-73.030927579417252,-38.66179613538953],[-73.03108194721942,-38.661824272087323],[-73.031122054358178,-38.661831582916797],[-73.031227621952922,-38.661850825906662],[-73.031535161925262,-38.661749429655274],[-73.031801486788297,-38.661607202463763],[-73.031950414313613,-38.661578033887892],[-73.032239139943897,-38.661579040193971],[-73.032542610850683,-38.661575996691191],[-73.032769711251674,-38.661565398796199],[-73.033064605385775,-38.661541521963578],[-73.033403177336865,-38.661489541148391],[-73.033711113906065,-38.661437045079545],[-73.033880226753141,-38.66130531212422],[-73.033907231310224,-38.661284393706119],[-73.033929631797037,-38.661283147530192],[-73.034527505637172,-38.661248154349934],[-73.034672332534612,-38.661247802579901],[-73.034718792260563,-38.661247689603684],[-73.03473375125084,-38.661252376998007],[-73.034812748144134,-38.661277736262406],[-73.034897353253811,-38.661326724789113],[-73.034952961570696,-38.661333903753217],[-73.035479956330491,-38.661362365429376],[-73.035653169005258,-38.661202860175159]]]]},"properties":{"OBJECTID":54,"NOMBRE":"Fdo. Los Raulices","LUGAR":"Fdo. Los Raulices","Shape_Length":9843.7594442788813,"Shape_Area":1647285.9855763663}},{"type":"Feature","id":55,"geometry":{"type":"Polygon","coordinates":[[[-72.97357073638905,-38.655309506252671],[-72.973610270581446,-38.65522512733687],[-72.973868665388011,-38.654739622579477],[-72.973903691676639,-38.654673810257968],[-72.973970290833023,-38.654548673776354],[-72.974277281906666,-38.654673565521634],[-72.974461814957877,-38.654748637422628],[-72.974603415984163,-38.654795565845724],[-72.974900898428999,-38.654866465295648],[-72.97522359134922,-38.655103746833483],[-72.975550080227464,-38.655250614651365],[-72.975851932251402,-38.655482040763985],[-72.976075250829794,-38.655653173608549],[-72.976290572979309,-38.655809305484837],[-72.976312840408013,-38.655825451379314],[-72.97648489377768,-38.655919771630089],[-72.976771361261328,-38.656078793564191],[-72.977043223802752,-38.656219785033969],[-72.977168408485369,-38.656269355728355],[-72.977271977423229,-38.656310366199648],[-72.977293593370405,-38.656318925392327],[-72.977555959789456,-38.656394570223434],[-72.977600498184358,-38.656402913105708],[-72.977674075415322,-38.656416694238104],[-72.977747653799682,-38.656430476245404],[-72.977984083752176,-38.656487895360875],[-72.978223747614038,-38.656567468520876],[-72.978890515310752,-38.656636891482897],[-72.979388179423665,-38.656617884750702],[-72.979582979788177,-38.65658714735995],[-72.979691680766962,-38.656569995960751],[-72.97983291809723,-38.656623779730062],[-72.979985386805097,-38.65668184008166],[-72.980220673297438,-38.656640862112276],[-72.980355054788546,-38.656688242805927],[-72.980438454025858,-38.656706628694941],[-72.980510015658979,-38.656722404235687],[-72.980751059068098,-38.656837027659812],[-72.98083662688596,-38.656877717825644],[-72.980913261048229,-38.656914160130633],[-72.981097662500872,-38.656989339216061],[-72.981348411459706,-38.656993701716047],[-72.981416628915554,-38.656994888402487],[-72.98153530423815,-38.656938341727297],[-72.981710051397727,-38.656927881799518],[-72.981951562961186,-38.656842314978512],[-72.981992116629982,-38.656827946366931],[-72.982239949311207,-38.656779628124063],[-72.982325958235563,-38.656793369463664],[-72.982444118972793,-38.656788289908519],[-72.982523690667463,-38.656756444188801],[-72.982691310023881,-38.656714252250687],[-72.982966219193315,-38.656730859068965],[-72.983173129179974,-38.656790164349665],[-72.983279715524887,-38.656774231019419],[-72.983428321833301,-38.656762557153741],[-72.983533586041716,-38.656785727734764],[-72.983620701299614,-38.656808585255639],[-72.983699542018812,-38.656802826374175],[-72.9837783815791,-38.656797067419376],[-72.983872145207087,-38.656798684150019],[-72.984008387288895,-38.656796287276805],[-72.984116874379083,-38.656812394486153],[-72.984193329860076,-38.656830554370607],[-72.984216175636703,-38.656829468668704],[-72.984253942633941,-38.656844141212083],[-72.984327535336476,-38.656853991594268],[-72.984446326138197,-38.656874804870561],[-72.984689748339378,-38.656886328924834],[-72.984837821742389,-38.656893626820732],[-72.985033959185813,-38.656913616216457],[-72.98516960214593,-38.656932562911074],[-72.985247577732196,-38.656957634242232],[-72.985718442509025,-38.657109030302934],[-72.985802981040436,-38.657100027907624],[-72.986141731121393,-38.657125931160849],[-72.986397158805133,-38.657147172783674],[-72.986652587787475,-38.657168414772734],[-72.986705632017788,-38.657181501493859],[-72.987545968514809,-38.657847333154812],[-72.98767789559929,-38.657951862869979],[-72.988044105828052,-38.658271910256161],[-72.988059436946628,-38.658314493488383],[-72.988231138429157,-38.658537999721638],[-72.988485134624838,-38.658652699532908],[-72.98901253775756,-38.658890861721162],[-72.98929790727523,-38.659113773965196],[-72.989594767527961,-38.659415483023103],[-72.990144349163302,-38.659925043941691],[-72.990002207477289,-38.660059556215565],[-72.989958469202847,-38.660107168119332],[-72.989967410318044,-38.660201027209716],[-72.989966745614325,-38.660224798501218],[-72.989961161910827,-38.660424483109729],[-72.989824398568274,-38.66046976950674],[-72.989805080950063,-38.66049144321719],[-72.989788823290482,-38.660521390850739],[-72.989730008623468,-38.660556652972566],[-72.989624869936918,-38.660594140774656],[-72.989539758198802,-38.660604768770369],[-72.989492926049508,-38.660625122332171],[-72.989464770030452,-38.660666956723958],[-72.989439368025728,-38.660748133916748],[-72.989392197708497,-38.66078057301528],[-72.989314286201818,-38.660809461294882],[-72.98922379651421,-38.660841796946968],[-72.989046096526693,-38.660928823997935],[-72.988823090000764,-38.661042641379211],[-72.988539216361417,-38.661190339236946],[-72.988161094036371,-38.661265047727014],[-72.98804404262529,-38.661331984059878],[-72.987958817476994,-38.661442080199429],[-72.987990042236262,-38.66169108254747],[-72.987942023157714,-38.661885749473377],[-72.987391721890646,-38.662324039259893],[-72.987296656348747,-38.662413800570206],[-72.987217174743606,-38.662457049493071],[-72.986948481662992,-38.662512874434448],[-72.986782597454564,-38.662577033225148],[-72.986665092091528,-38.662568394333285],[-72.986431640830332,-38.662716940732793],[-72.986298806429176,-38.66284658967367],[-72.986128402212458,-38.662940232698652],[-72.985942380393894,-38.662948728883769],[-72.985703535568177,-38.662959637908486],[-72.985296170154072,-38.662978242933335],[-72.985095182460512,-38.663040694229863],[-72.98498986440741,-38.663073418878078],[-72.984898634541324,-38.663087590029235],[-72.984719106156689,-38.662983959601306],[-72.984439947664512,-38.662822816700775],[-72.984227379603794,-38.662742628440249],[-72.9838804903371,-38.662641987161386],[-72.983674168122008,-38.662363648938666],[-72.983500718599657,-38.662302115588609],[-72.983172564807091,-38.662219834649612],[-72.982733897991253,-38.66190592349065],[-72.982580308286032,-38.661826692115412],[-72.982424522557366,-38.661823989675703],[-72.982229440741008,-38.661838656318245],[-72.98205812519997,-38.66169600152692],[-72.981882270439655,-38.661539813451668],[-72.981747491217519,-38.661505956162763],[-72.981502703676171,-38.661468238067314],[-72.981441066163768,-38.6614408512092],[-72.981165861849504,-38.661424388724953],[-72.980900857238879,-38.661415939180181],[-72.980868438708612,-38.661408327636593],[-72.98054859194761,-38.661228400266673],[-72.980427983467294,-38.661244869151162],[-72.980401916723267,-38.661230839881171],[-72.980024657990583,-38.661278285983919],[-72.97990267413546,-38.661319724274776],[-72.979789962135271,-38.661358013026181],[-72.979683838729841,-38.661361049652662],[-72.979591182310401,-38.661378547585755],[-72.979374801885271,-38.661437881113791],[-72.979160264427691,-38.661479230219143],[-72.979130804594647,-38.661486809905895],[-72.979093254510033,-38.661506599736171],[-72.979060249278888,-38.661506045496388],[-72.978902497173053,-38.661654970534471],[-72.978784734750974,-38.661652949320917],[-72.978511895411117,-38.661679804059467],[-72.978486920547638,-38.661698673958405],[-72.978279482989521,-38.661852260831289],[-72.978212231648868,-38.66189689184197],[-72.978144980199801,-38.661941523711995],[-72.977976270384431,-38.662053487377271],[-72.977838147873356,-38.662109702963932],[-72.977623423464053,-38.662137457942272],[-72.977612405295872,-38.662137268267969],[-72.97741589445117,-38.662133881765271],[-72.977079168640373,-38.662128077256021],[-72.976900027307536,-38.66226466424142],[-72.976605782658652,-38.662336099980045],[-72.976469617415205,-38.662347309950171],[-72.976139753253506,-38.662328103721151],[-72.975585471012394,-38.662085618536821],[-72.975485633744583,-38.662041941825436],[-72.975158120234894,-38.661914589181102],[-72.974949092050579,-38.661757808219583],[-72.974854149669099,-38.661661531481947],[-72.974721060177259,-38.661569164114205],[-72.974471014502839,-38.661443135157064],[-72.973792496105574,-38.661409885943335],[-72.973270871340205,-38.661453325202388],[-72.973264792584786,-38.661453831657468],[-72.973010143211496,-38.661494463325603],[-72.972830456564154,-38.661676089521428],[-72.972750152427082,-38.661746720998458],[-72.972654877171962,-38.6618322207825],[-72.972455908516736,-38.661918697697381],[-72.972223383294377,-38.661970409591056],[-72.971980964436781,-38.662102835126475],[-72.971626211156007,-38.66242820952808],[-72.971489946386512,-38.66248656907554],[-72.971457839164074,-38.662500320019277],[-72.971361153466745,-38.662498642555619],[-72.97128374947448,-38.662466601259425],[-72.971236044596907,-38.662404256181162],[-72.971219333906888,-38.662382416414502],[-72.971197383054616,-38.662344114312454],[-72.971182439993513,-38.662302321442205],[-72.971148877567799,-38.662267428409805],[-72.971116875385277,-38.662260562965841],[-72.971103092137284,-38.66225760529008],[-72.971033215002976,-38.662285285319975],[-72.970995261722138,-38.662324354571147],[-72.970925283731106,-38.662355644244229],[-72.970850547741534,-38.662392269392328],[-72.970806147045451,-38.662414974221072],[-72.970724695993567,-38.66243563936353],[-72.970559980448911,-38.662405284598712],[-72.970302832774678,-38.662285430946284],[-72.97031210678125,-38.662264280902086],[-72.970614572200631,-38.661574492684423],[-72.971192250097346,-38.660395150627863],[-72.971689016282525,-38.659363093433406],[-72.97191809681928,-38.658803820499628],[-72.97231561944794,-38.657947960084392],[-72.972613067804929,-38.657353432126541],[-72.97357073638905,-38.655309506252671]]]},"properties":{"OBJECTID":55,"NOMBRE":"Peleco","LUGAR":"Peleco","Shape_Length":4678.6017703792686,"Shape_Area":914463.37150205963}},{"type":"Feature","id":56,"geometry":{"type":"Polygon","coordinates":[[[-72.911894413063735,-38.680191393910043],[-72.911895471017559,-38.680017313161528],[-72.911906512006553,-38.678199923245565],[-72.911910769951717,-38.677078018586592],[-72.91186712327891,-38.675862481142111],[-72.911851684151344,-38.675323699748226],[-72.911775885639727,-38.672860551765318],[-72.91177396555544,-38.672798127597183],[-72.911758752373714,-38.672303784569984],[-72.911740653132554,-38.672156940000136],[-72.9116309653039,-38.671630060010671],[-72.911596259416939,-38.671316759895063],[-72.911493466214992,-38.67066825155549],[-72.912372145600003,-38.670462113240148],[-72.912360595992709,-38.670442756901707],[-72.912405685868009,-38.670433208913799],[-72.912416047520637,-38.670451045582823],[-72.912912342284017,-38.670325918556244],[-72.914630234892599,-38.669892779314402],[-72.917067858713935,-38.66932884993215],[-72.917287683041238,-38.669277991827904],[-72.91730068309775,-38.66927498411561],[-72.9189847070067,-38.668881324316885],[-72.919043202032952,-38.668867650337653],[-72.919673970128358,-38.668694200629844],[-72.92035413532578,-38.668529386032716],[-72.921250282385415,-38.668312227837383],[-72.92157938874621,-38.668242670372173],[-72.921696545661689,-38.668217907856892],[-72.921702637555754,-38.668216620410782],[-72.922159671754855,-38.668121087165851],[-72.923598924865601,-38.667820227547878],[-72.924180003697174,-38.667656816827908],[-72.924242265800174,-38.667642690799859],[-72.924640357287075,-38.667552369024783],[-72.924860461693029,-38.667502428701901],[-72.925612533156055,-38.667331787050699],[-72.927091774959379,-38.666968230328735],[-72.928060218907476,-38.666712125779121],[-72.929346781000305,-38.666410481887439],[-72.929707484988398,-38.666323804714864],[-72.931924883283983,-38.665790930131891],[-72.932053325532465,-38.665760061970005],[-72.932848507329808,-38.667831987263362],[-72.932947222188275,-38.668074462596159],[-72.933147831949043,-38.668569434914168],[-72.933535480145451,-38.669525873394605],[-72.933546111885946,-38.669551843254332],[-72.93428673768102,-38.671349840577271],[-72.934650576000166,-38.672198197195932],[-72.935189494449673,-38.673381996097291],[-72.935384314935604,-38.673868475201949],[-72.935762989275432,-38.674814045789276],[-72.935542319352351,-38.674864529897889],[-72.93165347357187,-38.675754119910422],[-72.930741739097471,-38.676057885310186],[-72.929763888284469,-38.676261286320027],[-72.928590420167282,-38.676519861178448],[-72.92767779436889,-38.676728905505669],[-72.925236712167887,-38.677409728860553],[-72.923780913875959,-38.677754591273114],[-72.921608368106888,-38.678226240566971],[-72.919815013834807,-38.67858063707456],[-72.914721318889704,-38.679659218952089],[-72.912228374009104,-38.680128528859697],[-72.912005733448026,-38.680170438700991],[-72.911894413063735,-38.680191393910043]]]},"properties":{"OBJECTID":56,"NOMBRE":"Oregon","LUGAR":"Oregon","Shape_Length":6152.6105521718946,"Shape_Area":2108066.9627723563}},{"type":"Feature","id":57,"geometry":{"type":"Polygon","coordinates":[[[-72.925236712167887,-38.677409728860553],[-72.92767779436889,-38.676728905505669],[-72.928590420167282,-38.676519861178448],[-72.929763888284469,-38.676261286320027],[-72.930741739097471,-38.676057885310186],[-72.93165347357187,-38.675754119910422],[-72.935542319352351,-38.674864529897889],[-72.935762989275432,-38.674814045789276],[-72.935795526539735,-38.674895290978242],[-72.935793646984706,-38.675075243853499],[-72.93830639062304,-38.681246408997524],[-72.938894674247038,-38.682527280324315],[-72.939415708708481,-38.682320165956824],[-72.941483486197725,-38.681915834022917],[-72.941712560794116,-38.681902829373506],[-72.94194094679807,-38.681889862610667],[-72.942020942469867,-38.682059024156516],[-72.942437655246323,-38.682940206418152],[-72.942701222977362,-38.68365558657775],[-72.943488358739017,-38.685515966314128],[-72.944194746194341,-38.687348022296995],[-72.944791044960255,-38.688845217212275],[-72.944872595277957,-38.68908354031911],[-72.945019239079159,-38.689512087033528],[-72.945092123907756,-38.689725083047144],[-72.945557471698407,-38.690945012016172],[-72.945976051894078,-38.692046002430359],[-72.946672940627863,-38.693724992109694],[-72.946736889039769,-38.693952945283982],[-72.946783749815836,-38.694074255720146],[-72.947099049118123,-38.694890463984166],[-72.947276845869752,-38.695384698446489],[-72.94759489110028,-38.696147140723276],[-72.947900206347256,-38.696816111133927],[-72.948191709366512,-38.697570019535775],[-72.948279638772931,-38.697736026225982],[-72.948434552973183,-38.698153964051272],[-72.948473305468397,-38.698258515121971],[-72.948982258007675,-38.699631563692897],[-72.949570262094895,-38.701333627428866],[-72.949952690319478,-38.70221207336531],[-72.95050802872754,-38.703689138073102],[-72.950642023517673,-38.704045519935498],[-72.951082499555142,-38.705217024204721],[-72.950754032023042,-38.705376716605201],[-72.948589195036007,-38.705982953387903],[-72.945186926394754,-38.705981747813141],[-72.945184371396834,-38.705981139737709],[-72.944744753031372,-38.70587645433713],[-72.944302582157448,-38.70577116014244],[-72.944240246942357,-38.705607724588461],[-72.944321656918788,-38.705631749421308],[-72.94381948018696,-38.704147760070789],[-72.942701985797584,-38.701278996809499],[-72.942598972396866,-38.701199797544163],[-72.941903324173055,-38.699228582128647],[-72.941563207964862,-38.69835837768899],[-72.939736885007477,-38.693409126858988],[-72.938490705577664,-38.689966993203257],[-72.937719994784615,-38.687838014751442],[-72.937705915061329,-38.687837775373872],[-72.937517969956929,-38.687834574002792],[-72.935462970611695,-38.687708789240702],[-72.934246412268436,-38.68766734546513],[-72.9333970367787,-38.687634617254453],[-72.932660448971674,-38.68759597169943],[-72.930180188833972,-38.687550439910652],[-72.929739898561692,-38.687448327255211],[-72.928453025386446,-38.687663344240036],[-72.92740183305321,-38.686293138699028],[-72.927868761769417,-38.685923050987348],[-72.925236712167887,-38.677409728860553]]]},"properties":{"OBJECTID":57,"NOMBRE":"Catrianche","LUGAR":"Catrianche","Shape_Length":9560.9304941363334,"Shape_Area":2720734.4031635895}},{"type":"Feature","id":58,"geometry":{"type":"Polygon","coordinates":[[[-72.911894413063735,-38.680191393910043],[-72.912005733448026,-38.680170438700991],[-72.912228374009104,-38.680128528859697],[-72.914721318889704,-38.679659218952089],[-72.919815013834807,-38.67858063707456],[-72.921608368106888,-38.678226240566971],[-72.923780913875959,-38.677754591273114],[-72.925236712167887,-38.677409728860553],[-72.927868761769417,-38.685923050987348],[-72.92740183305321,-38.686293138699028],[-72.928453025386446,-38.687663344240036],[-72.929739898561692,-38.687448327255211],[-72.930180188833972,-38.687550439910652],[-72.930109252745822,-38.687906205897505],[-72.929265295902638,-38.692138569048922],[-72.929046744227122,-38.693364707285141],[-72.928904547016657,-38.694182134694564],[-72.92827712399945,-38.696805879014342],[-72.928124867582028,-38.697654282309244],[-72.927955464279037,-38.698727673259398],[-72.927735546739427,-38.699864537577973],[-72.927486094824602,-38.700987924027807],[-72.927227645473309,-38.702510317910338],[-72.926981895140543,-38.703711509246354],[-72.926789412967423,-38.704804810214441],[-72.926592974171456,-38.705680439247139],[-72.926580959793526,-38.705751838978735],[-72.92621527113495,-38.707924977848585],[-72.925784801480745,-38.708049293753028],[-72.924848944690922,-38.708046307574129],[-72.922915879415839,-38.708111066813309],[-72.922666878420088,-38.708100965831576],[-72.921137382252368,-38.708047917129448],[-72.919486184323219,-38.708006135718641],[-72.919128320020619,-38.707862134156187],[-72.919127467607808,-38.707603268000014],[-72.919124327069952,-38.70664976129401],[-72.919124106222711,-38.70658270300197],[-72.919119899447551,-38.705305219801438],[-72.919117379376985,-38.704540147909611],[-72.919143360440913,-38.70382103863534],[-72.919146978403589,-38.703720883683964],[-72.919174943622494,-38.703023692551234],[-72.919179684013528,-38.702995910143827],[-72.919260782829895,-38.702520556511899],[-72.919268596336522,-38.702067831934635],[-72.919278529760305,-38.701492312891197],[-72.919287350156708,-38.700981236077304],[-72.919286045216651,-38.700925937870217],[-72.919245569513521,-38.699211005323598],[-72.919267499220723,-38.698540074602086],[-72.919266399457754,-38.697433571037593],[-72.919277952754456,-38.696724929323942],[-72.919294745381947,-38.696143931873856],[-72.919317992407954,-38.695449949235339],[-72.919340230628649,-38.695072019539367],[-72.919356788660281,-38.694790614813904],[-72.919353926969421,-38.694355172880158],[-72.919324508790368,-38.693837957197921],[-72.919322374446764,-38.693809408118717],[-72.919333145596013,-38.69367970508172],[-72.919312093860142,-38.693463970812928],[-72.919291933208129,-38.693257362933778],[-72.919294088476917,-38.693215049145543],[-72.919293476065974,-38.693161002149601],[-72.919291508626671,-38.692987326275251],[-72.919289864075907,-38.692842101459441],[-72.919281753810978,-38.692672665613571],[-72.919268646345856,-38.692398831405136],[-72.91926171998162,-38.691810347125433],[-72.919250216815101,-38.691422004171244],[-72.919271940815889,-38.690849223328918],[-72.919272000172725,-38.69084900002342],[-72.919315801195495,-38.68960379254225],[-72.919327999896524,-38.689256999889807],[-72.91939420142657,-38.68820496651081],[-72.919417637027692,-38.687831626015189],[-72.919477660696529,-38.686875410288252],[-72.919499637107265,-38.686525293594961],[-72.919569506369314,-38.6854121704337],[-72.919406724529466,-38.685382620211108],[-72.919183281285157,-38.68534205680433],[-72.917307608503776,-38.685001535655566],[-72.914935710690372,-38.684570879727296],[-72.91270391546135,-38.684166831127506],[-72.911800600189082,-38.683989040078721],[-72.91180283154408,-38.683932302823145],[-72.911863296877385,-38.68239481679624],[-72.911892549267478,-38.680498179043198],[-72.911893320200392,-38.680371301139523],[-72.911894413063735,-38.680191393910043]]]},"properties":{"OBJECTID":58,"NOMBRE":"Fdo. Lincoqueo","LUGAR":"Fdo. Lincoqueo","Shape_Length":9084.8475987514685,"Shape_Area":2824549.8214973635}},{"type":"Feature","id":59,"geometry":{"type":"Polygon","coordinates":[[[-72.920216760112609,-38.720852739136681],[-72.920216570077102,-38.720846163506977],[-72.920180197423392,-38.719582367730929],[-72.920173736387071,-38.719357879911861],[-72.920065349811907,-38.71559186318369],[-72.920058888929759,-38.715367375234742],[-72.920023453860367,-38.71413613741926],[-72.919969135253922,-38.711837189843536],[-72.919900880071197,-38.708948431920348],[-72.920188641052221,-38.708960724289248],[-72.921523923746051,-38.709018897438298],[-72.923688885657739,-38.709264666382886],[-72.925390197784807,-38.70926325646019],[-72.927088408607048,-38.709057359729726],[-72.927039949733498,-38.709323337505147],[-72.926915635353211,-38.709560912168463],[-72.926761630007334,-38.709855226303517],[-72.926713195319735,-38.710235162915964],[-72.926669842682685,-38.710389973810329],[-72.926525234006306,-38.710494881304761],[-72.92654504827469,-38.710911793045696],[-72.925966922330318,-38.711523853234759],[-72.925535881491697,-38.712261673087227],[-72.925473095606492,-38.712316989654454],[-72.92532962673009,-38.71261370796735],[-72.925307747457325,-38.712694950234877],[-72.925192439083631,-38.712918069463257],[-72.925136351888696,-38.71371656115349],[-72.925120543706569,-38.713941616917182],[-72.925074883526307,-38.714163359357634],[-72.924852053694153,-38.715245464767939],[-72.92485200159588,-38.71524571523581],[-72.924748920604074,-38.715852058414967],[-72.924660258811855,-38.716481179212771],[-72.924064130184206,-38.720747624426807],[-72.922496441002352,-38.72079047070099],[-72.920919089848525,-38.72083356012547],[-72.920504076161066,-38.720844893840805],[-72.920503966820561,-38.720844896400514],[-72.920216760112609,-38.720852739136681]]]},"properties":{"OBJECTID":59,"NOMBRE":"Pindahue","LUGAR":"Pindahue","Shape_Length":3631.8098049098321,"Shape_Area":573713.59751904698}},{"type":"Feature","id":60,"geometry":{"type":"Polygon","coordinates":[[[-72.925120543706569,-38.713941616917182],[-72.925401002357532,-38.713944637559891],[-72.92540035377516,-38.713967981265498],[-72.928759499461364,-38.71406524872652],[-72.9291992976231,-38.714070831627232],[-72.931420583369203,-38.714130912169217],[-72.931465861810096,-38.71413213613635],[-72.931507691575632,-38.714133267513688],[-72.932708797731067,-38.714165735101865],[-72.932757859289978,-38.714167061525998],[-72.934002730350187,-38.714187106619377],[-72.936081097576306,-38.71422054377522],[-72.937984830689587,-38.714252696683801],[-72.939092783703757,-38.714271395440484],[-72.940963367441611,-38.714302940494569],[-72.940620870174797,-38.71349056369673],[-72.940378248841981,-38.712915072782934],[-72.939601589434872,-38.711072795841822],[-72.93897657358778,-38.709590156771426],[-72.938196425707133,-38.707739434383882],[-72.938124604052064,-38.70777407616459],[-72.938063291764109,-38.707633709858392],[-72.93828361055111,-38.707489625495441],[-72.938536245678463,-38.707324406121892],[-72.939736868320452,-38.706400745925535],[-72.940545902698858,-38.705934480292001],[-72.941166213230545,-38.705786224706465],[-72.941975244941005,-38.705934522214783],[-72.943134829855296,-38.706188888757843],[-72.946398063992561,-38.706655171883639],[-72.949364638610376,-38.706739867080309],[-72.950553850812625,-38.706310200565554],[-72.950559485956418,-38.706331607503358],[-72.950746552367548,-38.706558229000002],[-72.950772970835857,-38.706655174362382],[-72.950871423864967,-38.706909124424449],[-72.951021313476062,-38.707222658160944],[-72.951194840178502,-38.70761761080329],[-72.951188259651687,-38.707847288586599],[-72.951099632731427,-38.708179161075947],[-72.951095012021156,-38.708341232861969],[-72.951222433219087,-38.708510182174869],[-72.951377596957641,-38.708639018815767],[-72.95161062068199,-38.708809796971948],[-72.951950654133711,-38.708937418718548],[-72.952159515952289,-38.709044714848645],[-72.952518230675295,-38.709447444115504],[-72.952855687882149,-38.709660611059149],[-72.953192608784192,-38.709905267598458],[-72.95336107009939,-38.710027595523727],[-72.953529531990725,-38.710149923219412],[-72.953633234252067,-38.710192848602716],[-72.953790965591878,-38.710258137845713],[-72.953964942826886,-38.710399347555303],[-72.95402357268874,-38.710446934952657],[-72.954076611768286,-38.710447840860368],[-72.957076950475539,-38.709130740393313],[-72.957361826058843,-38.709000892659297],[-72.960575338277636,-38.707536073978609],[-72.960627455961358,-38.707512316049261],[-72.95983572714583,-38.702317378334406],[-72.96071739761409,-38.702055142079836],[-72.961002941073815,-38.702038694548314],[-72.961822969117435,-38.701991455044016],[-72.963036502277291,-38.702012428937266],[-72.964762370239654,-38.701821418028466],[-72.966539935692609,-38.701572364380979],[-72.967597871385991,-38.701348879807227],[-72.968548155875297,-38.701069462102744],[-72.969740124406513,-38.700977472777893],[-72.970932132438847,-38.700984657643239],[-72.972363731729047,-38.701086073531819],[-72.97343602977466,-38.701185837572837],[-72.974507832289589,-38.70165944562288],[-72.975581384305016,-38.701943800718986],[-72.975818046090325,-38.702700308744546],[-72.974387795891346,-38.702220501401676],[-72.974386979550388,-38.702783622181471],[-72.975697520905229,-38.703635308970696],[-72.97724694966179,-38.704301841107686],[-72.978199648335604,-38.704872541197474],[-72.979152412008048,-38.705623318358185],[-72.979627862879582,-38.706757898556113],[-72.980118709195722,-38.707551492453938],[-72.980459995427509,-38.7084978101499],[-72.980995008389158,-38.709205318651321],[-72.980934182665862,-38.710190903397489],[-72.980813096557497,-38.711225085274044],[-72.980751185793679,-38.712683697719861],[-72.980750720966242,-38.713390964503311],[-72.980749474967453,-38.714328119676146],[-72.980509814215253,-38.714797026521403],[-72.980091120404708,-38.716060200044176],[-72.97937294610405,-38.717467018274128],[-72.979133476478665,-38.718032768904074],[-72.979066722569314,-38.718190475352209],[-72.978956946476345,-38.718449818500027],[-72.969978321801221,-38.717224812233027],[-72.969494577981663,-38.717181760703753],[-72.966693798370571,-38.716794449972134],[-72.966290344656471,-38.71673865167196],[-72.966316598212401,-38.71679382865581],[-72.967033924219109,-38.718301368990332],[-72.967081603891145,-38.718406049402823],[-72.967656533762678,-38.719668276486352],[-72.967692403110362,-38.719754076914683],[-72.968028990530343,-38.720559204406023],[-72.969552502032656,-38.724269033719544],[-72.969556679242189,-38.724279206209559],[-72.969677550819185,-38.724573517102755],[-72.97002856982094,-38.725428204991019],[-72.97029136442589,-38.726068065673381],[-72.970439343684333,-38.726428363990884],[-72.970587324358618,-38.726788662140336],[-72.971362704520956,-38.727285240585068],[-72.971554224512403,-38.727429716876401],[-72.971610648836588,-38.727608343519947],[-72.971961442513518,-38.728718880415023],[-72.97243667647875,-38.729939064667782],[-72.973031587509524,-38.730791787143161],[-72.967158640341879,-38.730440504806346],[-72.963063296715291,-38.730353789568412],[-72.961849878005538,-38.730311913441255],[-72.959012214941936,-38.730065459041676],[-72.959821724158417,-38.73252805977824],[-72.960631266604963,-38.734911288685836],[-72.961238524073423,-38.736897304242568],[-72.961533739030401,-38.737277575626635],[-72.961518695687261,-38.737372894937813],[-72.961339856215517,-38.737850657155853],[-72.961643574634664,-38.738962849159229],[-72.958166656331457,-38.738836205273088],[-72.956890090489139,-38.738724976846434],[-72.956991040686859,-38.737612822360923],[-72.953046682576598,-38.737533616705711],[-72.953147699187127,-38.736500832504483],[-72.951428420161292,-38.736580340356447],[-72.951406338981158,-38.732194270741779],[-72.951629023097482,-38.731923410483283],[-72.953100311927585,-38.730970759716151],[-72.95163004256618,-38.729351005858561],[-72.951286594497574,-38.728982026639834],[-72.950093546558975,-38.728380681549709],[-72.948914205591095,-38.727786223748481],[-72.943986827231811,-38.719676528960903],[-72.939436566158065,-38.719747016622613],[-72.932611224417116,-38.719852236962559],[-72.931192431542883,-38.720762587950013],[-72.928864559733242,-38.72139304180449],[-72.925382791299697,-38.722767714431384],[-72.924460920390203,-38.722813235288726],[-72.923247149664817,-38.7229297755011],[-72.922439307815594,-38.722650112472891],[-72.921881836578621,-38.723006222137052],[-72.920870360280503,-38.723083542879081],[-72.919656269813146,-38.723279406077204],[-72.918995899397984,-38.724111847120575],[-72.918539812375514,-38.724388757767883],[-72.917375929355742,-38.7246641363881],[-72.917123180353542,-38.724663595656033],[-72.91733527910003,-38.722043433426464],[-72.917470804640956,-38.721144788725098],[-72.917582498694145,-38.720937782676721],[-72.917687844539515,-38.720962490486052],[-72.918587485635399,-38.720944975786217],[-72.920218499921845,-38.720913203421595],[-72.920216760112609,-38.720852739136681],[-72.920503966820561,-38.720844896400514],[-72.920504076161066,-38.720844893840805],[-72.920919089848525,-38.72083356012547],[-72.922496441002352,-38.72079047070099],[-72.924064130184206,-38.720747624426807],[-72.924660258811855,-38.716481179212771],[-72.924748920604074,-38.715852058414967],[-72.92485200159588,-38.71524571523581],[-72.924852053694153,-38.715245464767939],[-72.925074883526307,-38.714163359357634],[-72.925120543706569,-38.713941616917182]]]},"properties":{"OBJECTID":60,"NOMBRE":"San Carlos","LUGAR":"San Carlos","Shape_Length":21541.822429309283,"Shape_Area":9629412.2502199579}},{"type":"Feature","id":61,"geometry":{"type":"MultiPolygon","coordinates":[[[[-72.961339856215517,-38.737850657155853],[-72.961518695687261,-38.737372894937813],[-72.962171436721434,-38.737380135826811],[-72.962805618604165,-38.737336059913474],[-72.963156345509674,-38.73729875204819],[-72.963671973035915,-38.737287198991218],[-72.964211856778249,-38.737186429603355],[-72.964708002724862,-38.737152640609565],[-72.964950356015464,-38.736932905887997],[-72.965174138541542,-38.73674239636825],[-72.965334738414242,-38.736682311966042],[-72.965453925343496,-38.736727718727877],[-72.965496941220351,-38.7368599041015],[-72.965478265305876,-38.737123533103478],[-72.965375317541074,-38.737455151518439],[-72.965215007135058,-38.737785680884102],[-72.965074350336224,-38.737995295011821],[-72.965181777484034,-38.738408230907503],[-72.965444775655769,-38.738584245234506],[-72.96556590815365,-38.738691575413327],[-72.965668407167072,-38.738793626195864],[-72.965667899202998,-38.73884496738895],[-72.965510534660538,-38.738954655543893],[-72.961643574634664,-38.738962849159229],[-72.961339856215517,-38.737850657155853]]],[[[-72.960631266604963,-38.734911288685836],[-72.959821724158417,-38.73252805977824],[-72.959012214941936,-38.730065459041676],[-72.961849878005538,-38.730311913441255],[-72.963063296715291,-38.730353789568412],[-72.967158640341879,-38.730440504806346],[-72.973031587509524,-38.730791787143161],[-72.973148517299833,-38.731920171010145],[-72.974100807768039,-38.733053940587396],[-72.975769659025374,-38.73381274312063],[-72.976484126620704,-38.734942373771219],[-72.976483000038769,-38.735694759171679],[-72.975766167958696,-38.736254485261199],[-72.974452751058934,-38.736907557892117],[-72.973855416288856,-38.737843293588924],[-72.973138068901932,-38.738876040351641],[-72.972063367905989,-38.739528721095255],[-72.970869465639652,-38.739616099359871],[-72.969081082417532,-38.739517466676773],[-72.967439384719214,-38.739692609009495],[-72.967316467927716,-38.739701551169311],[-72.966785165820554,-38.739820321274124],[-72.966785045365484,-38.739209171812647],[-72.967013770032352,-38.738921450164469],[-72.966647586631865,-38.738777697343757],[-72.965827562748501,-38.738808018593275],[-72.965700456524218,-38.738640406144803],[-72.965512731757997,-38.738519575025315],[-72.965274174145648,-38.738311375555526],[-72.965211797793287,-38.738002373007504],[-72.965464514822344,-38.73755787192907],[-72.965610604086891,-38.737123404261077],[-72.965596620575852,-38.736857315349852],[-72.965553302910749,-38.736695666664481],[-72.965448367532758,-38.736602672183963],[-72.965323320960223,-38.73656653162908],[-72.965108122839084,-38.736661880363933],[-72.964894431176475,-38.736801036141259],[-72.964652040910067,-38.737035454551432],[-72.964185770351506,-38.737079492448721],[-72.963719447461671,-38.73718217431788],[-72.963144871284001,-38.737195132947456],[-72.962741972479805,-38.737235675173821],[-72.961970909501133,-38.737276192192517],[-72.961533739030401,-38.737277575626635],[-72.961238524073423,-38.736897304242568],[-72.960631266604963,-38.734911288685836]]]]},"properties":{"OBJECTID":61,"NOMBRE":"Sta. Elena","LUGAR":"Sta. Elena","Shape_Length":5787.871338376548,"Shape_Area":1179959.4201993006}},{"type":"Feature","id":62,"geometry":{"type":"Polygon","coordinates":[[[-73.036357404418183,-38.696309333210166],[-73.036483534113714,-38.696217919428506],[-73.036636745548293,-38.696106877405974],[-73.036947510565028,-38.69560660111155],[-73.037135215151594,-38.694954883369981],[-73.037153720397214,-38.694896566217501],[-73.037148246989474,-38.694715157246208],[-73.037113545971778,-38.694636423287633],[-73.037107021616805,-38.694560325008894],[-73.03710778374429,-38.694532448902088],[-73.037385071743913,-38.694312692260745],[-73.037491005158699,-38.694296753967876],[-73.037619696154394,-38.694275292023939],[-73.038003795304562,-38.694383298486059],[-73.03804924408719,-38.694412425049585],[-73.038141943790563,-38.694467131134935],[-73.038195784905085,-38.694496086717997],[-73.038554597632555,-38.694533111711458],[-73.038678877708051,-38.694535196950703],[-73.038742820157708,-38.694539222555697],[-73.038796230014327,-38.694547904741633],[-73.038844100772877,-38.694555685719457],[-73.038954744850528,-38.694643172955878],[-73.03904696303924,-38.694715587022806],[-73.039127720813738,-38.694793714369176],[-73.039208639975556,-38.694865938777383],[-73.039281624085817,-38.694952794912901],[-73.039319826950035,-38.69507154748073],[-73.039332553864327,-38.695157391997917],[-73.039336008105948,-38.695236742885747],[-73.039337184385971,-38.695263770281088],[-73.039256081089562,-38.695336229821685],[-73.039149179131385,-38.695387586993562],[-73.039038027221252,-38.695456589540925],[-73.038926148370692,-38.695552154936287],[-73.03882581060887,-38.695639055460902],[-73.038751674227711,-38.695732301082657],[-73.038673045839502,-38.695852046435974],[-73.038671513844207,-38.695908123825042],[-73.038715256106713,-38.695962008935567],[-73.038759401599123,-38.696001135922216],[-73.038833136084833,-38.696078221140134],[-73.038843949767895,-38.69613365864992],[-73.038838006736952,-38.696213284391199],[-73.038816757186964,-38.696301511716406],[-73.038803765547854,-38.696363302432978],[-73.038749265468283,-38.696427349534439],[-73.038694845922222,-38.696488445166018],[-73.03863986184011,-38.696570200857124],[-73.038619257009529,-38.696634816603677],[-73.038609708759921,-38.696708476245234],[-73.038603604121235,-38.696794004841031],[-73.038624749762278,-38.6968475099318],[-73.038672258743105,-38.696901457355672],[-73.038758397266292,-38.696920619352404],[-73.038871060417549,-38.696934320696251],[-73.038957360284542,-38.696947579665768],[-73.03897784283167,-38.696959074873639],[-73.039027869843025,-38.696987148831312],[-73.039095258223298,-38.697003043245459],[-73.0392277210439,-38.69698164285095],[-73.039279128180496,-38.696949506275544],[-73.039296721644959,-38.696938508309231],[-73.039425819973033,-38.696902287284232],[-73.039528313068345,-38.696874478303378],[-73.039634169301081,-38.69686148960362],[-73.039758614665118,-38.696857670914561],[-73.039883140605909,-38.696850900649451],[-73.040026739200144,-38.696835591656331],[-73.040181394583286,-38.696829326242188],[-73.040366260007318,-38.696820614269321],[-73.040559142260349,-38.696794319615201],[-73.040710836853606,-38.696758475921392],[-73.040997952812063,-38.696730807148668],[-73.04105031627725,-38.696729406771098],[-73.041201568325178,-38.696725360865777],[-73.04139028013148,-38.69671375892549],[-73.041445654890452,-38.69669769260598],[-73.041534602851826,-38.696671885048787],[-73.041671421825015,-38.696665964891508],[-73.041701820545597,-38.696659633249794],[-73.041753378880884,-38.696649346265694],[-73.041973859291872,-38.696718059604386],[-73.042125331395894,-38.696792118840783],[-73.042215579540894,-38.696829390985492],[-73.042273294264362,-38.696838952853987],[-73.042368381312102,-38.696854706452847],[-73.04246366347364,-38.696859553126998],[-73.04260076379299,-38.696852096672139],[-73.042712986782249,-38.696844222617145],[-73.042775184712809,-38.69684526402888],[-73.042866496326127,-38.69684354179725],[-73.04287511823162,-38.696843686148867],[-73.04299089220072,-38.696845624424341],[-73.043077526883195,-38.69686333002165],[-73.043188331541074,-38.696907447645067],[-73.043297834011909,-38.696987070626541],[-73.043298162095425,-38.696987309494553],[-73.043376858066054,-38.696991877791838],[-73.043522430113399,-38.696978059058146],[-73.043626624498259,-38.69696029750655],[-73.043767961284217,-38.696949658633351],[-73.043881068605472,-38.696909288665807],[-73.043965062144764,-38.696871682477294],[-73.044003797061009,-38.696820314739419],[-73.044016109851441,-38.696791888465306],[-73.044030358865726,-38.69675899015435],[-73.044081622007567,-38.696704580967136],[-73.044148232060351,-38.696695942322528],[-73.044214753571225,-38.696690553207688],[-73.044314270827641,-38.696692218178612],[-73.044409286267552,-38.696706811950449],[-73.044525034762287,-38.696721752474836],[-73.044648899526166,-38.696743329845432],[-73.044789527771727,-38.696758686274336],[-73.044904391503962,-38.696806121220057],[-73.045015374230715,-38.6968437389001],[-73.045142678097221,-38.696891381662539],[-73.045324419027907,-38.696920428267845],[-73.045557944827891,-38.696968998811194],[-73.045695631238729,-38.696976926130702],[-73.045870061479462,-38.697011403845501],[-73.046119087667293,-38.697155230084675],[-73.046306213282918,-38.697433124554919],[-73.046505344925052,-38.697659492712475],[-73.046551589412942,-38.697712061549744],[-73.047145360633138,-38.698073384304344],[-73.047258367214525,-38.698228495883534],[-73.047260184906179,-38.698229897672157],[-73.047524067238342,-38.698364920610921],[-73.047718599726394,-38.69849004350796],[-73.047818974663357,-38.698524957500737],[-73.047950419060612,-38.698543771866007],[-73.04803526085783,-38.698543342335206],[-73.048126866383583,-38.698554104301159],[-73.048239469103734,-38.698572603728998],[-73.048295193978603,-38.698603079225705],[-73.048351018096767,-38.698629863780056],[-73.048374019011007,-38.698650559649742],[-73.048418669470379,-38.698654998578988],[-73.048462517125316,-38.69868896827704],[-73.048494237686441,-38.698735662212144],[-73.048526007306705,-38.698780510671206],[-73.048557978833628,-38.698817975544202],[-73.048670632258208,-38.698834629120405],[-73.048758080227586,-38.698825009337696],[-73.048878100722774,-38.698830706165722],[-73.048979077563558,-38.698843470172505],[-73.049192809522268,-38.698869196290303],[-73.049395466727873,-38.698868885598451],[-73.049562143147909,-38.698891978637214],[-73.049642273191694,-38.698891469325041],[-73.04983791578978,-38.698889193641101],[-73.049948063175975,-38.69891134304067],[-73.050016738595033,-38.698945795720988],[-73.050119414047245,-38.698915469209233],[-73.050293224467751,-38.698942794480246],[-73.050397187506249,-38.698940457427035],[-73.050506343168209,-38.698938206880392],[-73.05058301702465,-38.698984266813866],[-73.050733272964038,-38.698998985553288],[-73.050909601474245,-38.699010067811514],[-73.051050135148671,-38.699000197901704],[-73.051175531626782,-38.698973791372168],[-73.051274081154446,-38.698979505331465],[-73.051413509020279,-38.699010326774491],[-73.051505431266875,-38.699068853358938],[-73.051726505968475,-38.699153958650733],[-73.051884939210808,-38.699250233558686],[-73.051991334726694,-38.699349711196255],[-73.05214402288145,-38.699466244229427],[-73.052256715839164,-38.69952511723897],[-73.052428516853752,-38.699511695641171],[-73.052586173769797,-38.69944511395699],[-73.052696766382951,-38.699389962009427],[-73.052796530836005,-38.69935091367504],[-73.052989873448595,-38.699309352916586],[-73.053075052937373,-38.699233422201793],[-73.053123774506233,-38.699160954345707],[-73.053127293619852,-38.699158643148522],[-73.053182304707121,-38.699122511044891],[-73.05319723226323,-38.699112706442683],[-73.053213258128025,-38.699088732820357],[-73.053242337343946,-38.699079882947466],[-73.053289850684919,-38.699044199003573],[-73.053298552851487,-38.699037663409428],[-73.053343498581341,-38.699011051883652],[-73.053398868222516,-38.698978268607128],[-73.053467475923668,-38.698938700844252],[-73.053607788572023,-38.698936966218746],[-73.053685678111719,-38.698938263113774],[-73.053829527455761,-38.698997652466396],[-73.053905254183874,-38.69907907038796],[-73.053982878710883,-38.699117676788923],[-73.054159697006853,-38.699238870972977],[-73.054194967529,-38.69934402428752],[-73.054192420188713,-38.699468287776682],[-73.054077309232952,-38.699584621413848],[-73.054047401305525,-38.69976015160524],[-73.05399606573566,-38.699947639056276],[-73.054012742140387,-38.700103853630281],[-73.054147604389385,-38.700307381843132],[-73.054124650206532,-38.700430924458928],[-73.054001728930402,-38.70064964152251],[-73.054018404473851,-38.700801268731851],[-73.054032421334199,-38.701081336685412],[-73.053989199107733,-38.701268874452367],[-73.054047589858627,-38.701347598721362],[-73.054145487964917,-38.701394693579452],[-73.054381664819857,-38.701475567903863],[-73.054558284226303,-38.701571835567194],[-73.054701900087693,-38.70165011447498],[-73.054734902963105,-38.701668102955274],[-73.054892033810788,-38.701715915281852],[-73.055310669829467,-38.701610973512558],[-73.055527105425412,-38.701533640163404],[-73.056337230522942,-38.701146679046118],[-73.0563927742635,-38.701127650254577],[-73.056631355823043,-38.701253044843682],[-73.059496629966162,-38.708030359720183],[-73.05964119045062,-38.708372259119287],[-73.059731569922292,-38.708586013876683],[-73.059736037865065,-38.708596469236383],[-73.059463475600708,-38.708667972943537],[-73.05903648076783,-38.708761580184238],[-73.059408012595526,-38.709529519206441],[-73.060095456808313,-38.710695190862573],[-73.060239776057983,-38.710939902696289],[-73.060312520074191,-38.711064477660031],[-73.059990094017962,-38.711161913069589],[-73.059613930584462,-38.711275585680532],[-73.059352971050373,-38.711354444199074],[-73.0569858979419,-38.712058796380212],[-73.054618783534934,-38.712815441396302],[-73.053551779468663,-38.713233163402677],[-73.051451443519881,-38.7138330176167],[-73.050417929918765,-38.714119830543652],[-73.049584599645527,-38.714302139036029],[-73.048718220425869,-38.714301191664852],[-73.047885559048467,-38.714117111723681],[-73.047020054710913,-38.713697437939842],[-73.046437902162324,-38.713097272996585],[-73.045159593846819,-38.711787282152102],[-73.044654634483493,-38.711017682771391],[-73.0433259829598,-38.709800251418194],[-73.042845277684862,-38.709561127926513],[-73.042410559713417,-38.709485650979708],[-73.042096068864595,-38.709462906411275],[-73.041897090905834,-38.709536959378376],[-73.03644046386303,-38.696507696044115],[-73.036386748257371,-38.696379413652963],[-73.036357404418183,-38.696309333210166]]]},"properties":{"OBJECTID":62,"NOMBRE":"Ranquilco","LUGAR":"Ranquilco","Shape_Length":7392.5669604614277,"Shape_Area":2566640.6866665403}},{"type":"Feature","id":63,"geometry":{"type":"Polygon","coordinates":[[[-73.065808761797285,-38.665928404823553],[-73.066028137329681,-38.665886750995135],[-73.06680958588727,-38.665738371599858],[-73.07312698345153,-38.664538620796975],[-73.07331525029322,-38.664502860698619],[-73.073488283160884,-38.664468555933553],[-73.073489948142964,-38.664468225639432],[-73.074827727747589,-38.666464054710531],[-73.075327678341282,-38.667301554200691],[-73.091545648726978,-38.665979747012557],[-73.094433456045365,-38.669066273034495],[-73.098255220552375,-38.673071426311033],[-73.096798883714342,-38.674947889103571],[-73.095856354816888,-38.681110036937604],[-73.096531133350325,-38.681436966261252],[-73.096893922623408,-38.682008541116261],[-73.097153110776617,-38.682376088691193],[-73.097203851425292,-38.683355551323586],[-73.097202968788594,-38.684090212114548],[-73.096526618312197,-38.684987659248343],[-73.096837319664274,-38.685722527584815],[-73.096732497107567,-38.686497928471091],[-73.096212372736346,-38.687068911734578],[-73.096055959073723,-38.687558610538623],[-73.095742506827008,-38.688986818518067],[-73.095638194579394,-38.689313313899063],[-73.097607587084141,-38.692824428949855],[-73.09789106704828,-38.693611463813546],[-73.098091203625685,-38.6952793812195],[-73.097481558954613,-38.697820324221922],[-73.081407922962427,-38.701193747084844],[-73.081128869824838,-38.70125229023575],[-73.080685489768115,-38.70033661301305],[-73.079424830776773,-38.697835376841134],[-73.079294716535571,-38.697577211473558],[-73.079184713435907,-38.697237698847786],[-73.079113795598431,-38.697018815878771],[-73.078994669679574,-38.697049992500439],[-73.078011214362661,-38.697307371415036],[-73.074984543168512,-38.697992968329146],[-73.073107203619287,-38.698333038175726],[-73.072849700656889,-38.698385163314754],[-73.070544255920197,-38.698851815018081],[-73.069771327360058,-38.699008253925768],[-73.069488178948689,-38.698973123774266],[-73.069491362877173,-38.698880041808074],[-73.069558104396791,-38.69692884947073],[-73.069438179735457,-38.696737486627192],[-73.06945939631153,-38.696438423215184],[-73.069470875564861,-38.696098718409942],[-73.069504083153888,-38.695115993099165],[-73.069550496108135,-38.693729221433067],[-73.069561931987906,-38.692879066611752],[-73.069562677524303,-38.692823668500814],[-73.069566700102229,-38.692812606707854],[-73.069680312625181,-38.692500176798269],[-73.06975627891201,-38.690798096903741],[-73.069783164744678,-38.690195672242631],[-73.069813814256932,-38.690000774789468],[-73.069879732727486,-38.688525766617062],[-73.069776540875523,-38.687285050465796],[-73.069757813782203,-38.687179882709664],[-73.069646717623371,-38.68655599022884],[-73.069516896702652,-38.685826929829808],[-73.069398147899562,-38.685752121769859],[-73.069385791629713,-38.685683781407171],[-73.069325565939735,-38.685342040380561],[-73.069207980465933,-38.684754921957961],[-73.06915627119713,-38.684354773440788],[-73.069055554909269,-38.683749966944177],[-73.068915132143758,-38.683175903209708],[-73.069009539165478,-38.683157074913019],[-73.068725347901449,-38.681722077936818],[-73.06872464038868,-38.681718506114571],[-73.068508948058764,-38.680330619817624],[-73.068304012187198,-38.679011899416587],[-73.068297119115186,-38.678967545587476],[-73.068295448208048,-38.678956797023623],[-73.068274689862747,-38.678868146268968],[-73.067532527200953,-38.675698487198915],[-73.067786845060269,-38.675638912526473],[-73.068825831219812,-38.67537654785918],[-73.069535927707307,-38.675198696206138],[-73.069438278802039,-38.675013757881565],[-73.069379153721997,-38.67490178022345],[-73.069167289343255,-38.674500523705802],[-73.068776215103668,-38.673759841674247],[-73.067937893783423,-38.672172038793263],[-73.067832069742536,-38.671971598928536],[-73.067730178328063,-38.671886610869123],[-73.067339448392019,-38.670599419826488],[-73.067239140843697,-38.670346024420226],[-73.066153670422139,-38.667364522680728],[-73.065928660734983,-38.666877633636695],[-73.065873027257084,-38.666746104574337],[-73.065839066908239,-38.666665818526099],[-73.06571680999447,-38.665945863925685],[-73.065808761797285,-38.665928404823553]]]},"properties":{"OBJECTID":63,"NOMBRE":"Los Notros","LUGAR":"Los Notros","Shape_Length":13091.175784493216,"Shape_Area":8822664.9929131549}},{"type":"Feature","id":64,"geometry":{"type":"Polygon","coordinates":[[[-72.97284722655435,-38.683859499477876],[-72.972869053105384,-38.683841316116244],[-72.972925106378739,-38.683701219909153],[-72.972994804760049,-38.68356662966147],[-72.973080391414285,-38.683401358921223],[-72.973170313312323,-38.683235863219011],[-72.973245720026128,-38.683081252898823],[-72.973308516372128,-38.683037794048339],[-72.973361171687372,-38.682945955343804],[-72.973363310586393,-38.682942223288201],[-72.973436308591999,-38.68287295464134],[-72.973495208262122,-38.682799729191473],[-72.973524972684146,-38.682751985253567],[-72.973574718414994,-38.682667463978404],[-72.973576812133757,-38.682593253804555],[-72.973603098740426,-38.682500901139008],[-72.973699816230038,-38.682460438570452],[-72.973817854354607,-38.682214885664081],[-72.974051525191101,-38.681727459137434],[-72.974089841042797,-38.681252841650938],[-72.973945138353471,-38.680945767406705],[-72.973858108332394,-38.680270187395465],[-72.973888615945299,-38.679962200160482],[-72.974137976373427,-38.679409711015317],[-72.974144492581289,-38.67935184607628],[-72.977855883055199,-38.678613258860288],[-72.977952299446642,-38.678648478419895],[-72.979881054368136,-38.678287301963088],[-72.980206182814712,-38.678199127074521],[-72.982661134520484,-38.677671730278561],[-72.983768234925819,-38.677424031145947],[-72.983915847972654,-38.677394226829364],[-72.984326148646119,-38.677304707696358],[-72.985106328785875,-38.677134486367969],[-72.985237242198409,-38.677107592232694],[-72.9852705876214,-38.677100742122967],[-72.987614197592521,-38.676573732841305],[-72.988125966865567,-38.676452192055237],[-72.989654321908517,-38.676089204457639],[-72.990002773206058,-38.676015900298182],[-72.990338796241971,-38.675945210796002],[-72.990682715286468,-38.675842058257913],[-72.990858627250816,-38.675789296598879],[-72.990868202615459,-38.675787146318918],[-72.991473956976407,-38.67564664265231],[-72.992400790670445,-38.675460289116138],[-72.99301811615085,-38.675300587885822],[-72.99470126519121,-38.674937747158026],[-72.999412199958542,-38.673874701985952],[-73.000060031155456,-38.673701044741165],[-73.002287062147261,-38.67320347898297],[-73.004732393810286,-38.672732111918748],[-73.004731402670288,-38.67310435575471],[-73.004731261120156,-38.67315746663698],[-73.004698476207324,-38.673474556990016],[-73.004614417765268,-38.673791584105452],[-73.004593665103158,-38.674405719453908],[-73.004400620441501,-38.674742687483068],[-73.004232164800015,-38.675487541909746],[-73.00411401955752,-38.676604868421194],[-72.990400510175604,-38.679794009672854],[-72.985268332273307,-38.681108253929864],[-72.985237864633561,-38.681114774264728],[-72.981733614205126,-38.68186465032332],[-72.973352885046594,-38.683836231218869],[-72.973243589834652,-38.683809365361377],[-72.97284722655435,-38.683859499477876]]]},"properties":{"OBJECTID":64,"NOMBRE":"Ex Fdo. Hernández","LUGAR":"Ex Fdo. Hernández","Shape_Length":6573.5676393300964,"Shape_Area":1172749.5150733104}},{"type":"Feature","id":65,"geometry":{"type":"Polygon","coordinates":[[[-72.981733614205126,-38.68186465032332],[-72.985237864633561,-38.681114774264728],[-72.985268332273307,-38.681108253929864],[-72.990400510175604,-38.679794009672854],[-73.00411401955752,-38.676604868421194],[-73.004333195147566,-38.677044877539664],[-73.004349864113337,-38.677078341982323],[-73.004419128979762,-38.6775466308519],[-73.004732036168647,-38.67792466536676],[-73.004772390451265,-38.677963691665163],[-73.005230249420805,-38.678504233938469],[-73.005287188991943,-38.678750965429892],[-73.005260923222608,-38.679027808216496],[-73.005260647554067,-38.679131581828663],[-73.005260602321528,-38.679148610277025],[-73.005355910051051,-38.679450770267245],[-73.005379327684167,-38.679880709076748],[-73.005546414159255,-38.680120580169081],[-73.006199993289655,-38.680831460742567],[-73.006229866164304,-38.68091185857724],[-73.006232807304059,-38.681064078702697],[-73.006638265652668,-38.681622363964564],[-73.006708751221993,-38.681700636511991],[-73.006920088441348,-38.681884402960613],[-73.00726733269417,-38.682186343653832],[-73.007299044908137,-38.682243845884123],[-73.007324966245321,-38.682291754885412],[-73.007332597933356,-38.682344099847761],[-73.007318122531672,-38.682429294748381],[-73.007244038932754,-38.682480245955027],[-73.00714311128651,-38.682516500000794],[-73.007086724805603,-38.68258436660112],[-73.007091329824135,-38.682636659079051],[-73.007107580247137,-38.682705764798989],[-73.007145543124508,-38.682756252509293],[-73.007177583421068,-38.682801893344283],[-73.007196728896659,-38.682875794306689],[-73.00720331193358,-38.682931294945824],[-73.007197417837475,-38.682993784205472],[-73.007163334181755,-38.683063218610123],[-73.007115042150716,-38.683129610289903],[-73.007042916671523,-38.683153586234042],[-73.006935309789611,-38.683168555717891],[-73.006756043360454,-38.683190704864153],[-73.006698357915013,-38.683209325777504],[-73.006611635461354,-38.683244255500199],[-73.006557210390682,-38.683274133966002],[-73.006467227377897,-38.683297805050955],[-73.006434619118195,-38.68331405294613],[-73.006401233858938,-38.683358293557717],[-73.006346732067215,-38.68339097112235],[-73.006303253534639,-38.683412634619565],[-73.006263347344827,-38.683434359023344],[-73.0062159867269,-38.683467158311366],[-73.006168394073342,-38.683508356045294],[-73.00612118877838,-38.683535556928064],[-73.006073984572083,-38.683562758710941],[-73.006008921923794,-38.683589654976039],[-73.005872122654054,-38.683626529610976],[-73.005800228298526,-38.683642107198047],[-73.00571055549031,-38.683654580954986],[-73.005592390570172,-38.683663767166877],[-73.005513664614767,-38.68366802510112],[-73.005449535655558,-38.68366132999568],[-73.005364055926947,-38.683651470067439],[-73.005292784544253,-38.683644653013332],[-73.005242707315347,-38.683646599071025],[-73.005174151963175,-38.683670634764567],[-73.005148374729671,-38.683698200883228],[-73.005101479929039,-38.683714204618987],[-73.005032302438948,-38.683760634567093],[-73.004952954306219,-38.683787286459719],[-73.004916074438597,-38.683828666489191],[-73.004907843363213,-38.68386773401496],[-73.004900156570244,-38.683887207281749],[-73.004917157406538,-38.683918304789124],[-73.00492546346716,-38.683940850590652],[-73.005436470346837,-38.684369372203022],[-73.005471560320984,-38.684373650822735],[-73.00547790686781,-38.684408106756685],[-73.005484886240211,-38.684507452791848],[-73.005497420474342,-38.684582086405506],[-73.005517626596273,-38.684643494434546],[-73.00553256381356,-38.684669311553485],[-73.005543374498728,-38.684724459985055],[-73.005541247775824,-38.684757244954312],[-73.00552796807537,-38.684797090508972],[-73.005494328787535,-38.684824559509046],[-73.005443272301605,-38.684866249281477],[-73.005349107481052,-38.684925705964886],[-73.005291709732148,-38.684976248553177],[-73.005192253414364,-38.685050879741553],[-73.005122635025643,-38.685103121268654],[-73.005074068941909,-38.685186253646371],[-73.005038358971632,-38.685244799104389],[-73.005019735743488,-38.685301727683395],[-73.00501031701765,-38.685334006148587],[-73.005000899406809,-38.685366285532858],[-73.004997142288147,-38.685413926434236],[-73.004970105570521,-38.685465410467216],[-73.00495344216003,-38.68549714179283],[-73.004928255187608,-38.685527434628391],[-73.004914314449351,-38.685547232770432],[-73.00490037485234,-38.685567030930137],[-73.004814250567776,-38.685599908745559],[-73.004790835781989,-38.685602078061017],[-73.004675121846631,-38.685612800005536],[-73.004603809507501,-38.685638298463715],[-73.004560586886811,-38.685704347544267],[-73.004546670511047,-38.685767080837309],[-73.004550370980112,-38.685809124555121],[-73.004553092205981,-38.685886453428125],[-73.004656480450933,-38.686020839366762],[-73.00472144191302,-38.686048662856287],[-73.004761857353159,-38.68608370028862],[-73.004716492601858,-38.686226805158455],[-73.004688664836905,-38.686264494747391],[-73.004619097854743,-38.686314829275744],[-73.004582013052968,-38.686335186562182],[-73.004562635040344,-38.686366294808415],[-73.004520853795455,-38.686433369546883],[-73.004556454806988,-38.686466416417367],[-73.004570843141138,-38.686474294921453],[-73.004635919364276,-38.68648794668966],[-73.00472971184972,-38.686525449516907],[-73.004823505559642,-38.686562953191491],[-73.005210678498159,-38.68664092820044],[-73.005295209859611,-38.686649752985858],[-73.00536711792563,-38.686660824035833],[-73.005380727894831,-38.686679512736546],[-73.00542978820063,-38.686741039133224],[-73.005527083135661,-38.686742697302684],[-73.005734978434774,-38.686746238575012],[-73.0057703950595,-38.6867243062404],[-73.005827635830329,-38.686698212025995],[-73.005871778615514,-38.686691581700153],[-73.005931407342914,-38.686692598823385],[-73.005987419818496,-38.68671078076963],[-73.006011843376172,-38.686735807207626],[-73.006036266950716,-38.686760833640882],[-73.006072834652571,-38.686800832031125],[-73.006076243738846,-38.686847648172822],[-73.006079653977352,-38.686894464333804],[-73.006052225290233,-38.686977669274519],[-73.006013505004447,-38.687015153568218],[-73.005974787001151,-38.687052636986358],[-73.005907002709307,-38.687082578275806],[-73.005755019640347,-38.687206412138778],[-73.005654485159326,-38.687336783090863],[-73.005568346368847,-38.68734602539152],[-73.005542874234422,-38.687391662198571],[-73.005568980608487,-38.687447664464237],[-73.005771960263402,-38.687631606654264],[-73.00582942264441,-38.687656720065995],[-73.00585263812502,-38.687692346764237],[-73.005864550204791,-38.687715512664553],[-73.005872321854113,-38.687730624513506],[-73.005901209913745,-38.687748733074059],[-73.005930098013081,-38.687766840727186],[-73.005934592279658,-38.687782357111502],[-73.005936276072106,-38.687788169759465],[-73.005942719475996,-38.687810417896934],[-73.005925458051465,-38.687836064178164],[-73.005917473052932,-38.687847928337206],[-73.005916645636006,-38.687877725909601],[-73.005950605745909,-38.687899985672765],[-73.005986888528469,-38.687913372624948],[-73.006002963892371,-38.6879193036986],[-73.00604301914322,-38.687934083147667],[-73.006082275800381,-38.687952367615154],[-73.006203351947022,-38.688012699927086],[-73.006250910416782,-38.688043322723082],[-73.006280887728749,-38.68808448545694],[-73.006279759651392,-38.688125117698739],[-73.006275472778853,-38.688131487192088],[-73.00625090748521,-38.688167986612534],[-73.006222279732498,-38.688202729951094],[-73.00619402916125,-38.688223928621284],[-73.006134297029405,-38.688258141438645],[-73.006172164041772,-38.688264207182229],[-73.00623392376086,-38.688281521100201],[-73.006306277624503,-38.688290885366555],[-73.006409511407156,-38.688308906498037],[-73.00649583961787,-38.688313089060614],[-73.006616881456281,-38.688312442692585],[-73.006724587826923,-38.688300010877711],[-73.006815728229952,-38.68827463026431],[-73.00687984871314,-38.688259084460199],[-73.0069387213818,-38.688241369496339],[-73.007029078436716,-38.688236670087029],[-73.007114186540733,-38.68822980147192],[-73.007170244768815,-38.688222650237627],[-73.007186091490766,-38.688220628068905],[-73.007254881601511,-38.688228040566052],[-73.007323267940009,-38.68825000462526],[-73.007399438912259,-38.688278341199641],[-73.007416852699947,-38.688320235618626],[-73.007466153677143,-38.688360593883388],[-73.007504555320594,-38.688411165534049],[-73.007516375300568,-38.688463363771859],[-73.007557488056563,-38.688511901057524],[-73.007593700249231,-38.68854579632206],[-73.007619314870752,-38.688580312005605],[-73.007642711969694,-38.688596547857593],[-73.007663585625821,-38.688609383335475],[-73.007755903202408,-38.688629675342149],[-73.007869324081625,-38.688654487110718],[-73.007926812774201,-38.688686665189785],[-73.007968261082254,-38.688766056865674],[-73.008002408402518,-38.688831463958188],[-73.008012152131116,-38.688862828416951],[-73.008026510560526,-38.688919229168206],[-73.008036255459146,-38.688950593644712],[-73.008071921551007,-38.689015506682111],[-73.008135954111069,-38.689135320976696],[-73.008133934880632,-38.689160245132079],[-73.008129783394466,-38.68921425082619],[-73.008152848201931,-38.689243762592966],[-73.008190674989308,-38.689410796605017],[-73.008181563922918,-38.689452238966602],[-73.008169512313799,-38.689504030399071],[-73.008152156254312,-38.689555731448841],[-73.008122055773441,-38.689588496650217],[-73.008081404079078,-38.689619001502628],[-73.008046114425653,-38.689647518954196],[-73.008023856340387,-38.689684577069478],[-73.008006614306012,-38.6897321207286],[-73.007994677869092,-38.689779753891536],[-73.007999183752375,-38.689819364832985],[-73.007940110469718,-38.68982881504769],[-73.007918542708609,-38.689920098289271],[-73.007901603631254,-38.68992335621909],[-73.007884674944762,-38.689926612521376],[-73.007808128304504,-38.689926002780965],[-73.007484971858048,-38.68996658909559],[-73.007434333391245,-38.690019262660329],[-73.007383694849409,-38.690071936200731],[-73.00733751436546,-38.69022314310088],[-73.00735480322804,-38.690389368617431],[-73.00749888783001,-38.690483503234525],[-73.007697730794845,-38.690564706259529],[-73.007822717350095,-38.690803588899719],[-73.007610386213912,-38.691153232086322],[-73.007548521935419,-38.691255101632166],[-73.007518666280177,-38.69135652734586],[-73.007818921623596,-38.691850309234205],[-73.007854239096048,-38.692004075627558],[-73.007852072123001,-38.692080603838846],[-73.00780710285548,-38.692278100208213],[-73.007254659664866,-38.692557041448374],[-73.007136193455096,-38.69263152757577],[-73.007169200187278,-38.692816891977273],[-73.007185493183471,-38.692925295487427],[-73.007086986015992,-38.692982167222731],[-73.006988771426634,-38.692998505039633],[-73.006777508407936,-38.692918315354063],[-73.006718312736979,-38.692930792206916],[-73.006579261200088,-38.693018502155994],[-73.006567849351498,-38.693081389163595],[-73.006554927757776,-38.693288927779399],[-73.006538705849024,-38.693549487211243],[-73.006477556976463,-38.693596098027655],[-73.006290630562702,-38.693556446806191],[-73.006114746714729,-38.69357528870519],[-73.00594222709843,-38.693667026032628],[-73.005929432821816,-38.693707507886856],[-73.005773149788581,-38.694201993274106],[-73.005710106826157,-38.694479880438088],[-73.00569239209284,-38.69453486111103],[-73.005692361406034,-38.694709851442447],[-73.005732739390041,-38.694803875965071],[-73.005732177312851,-38.694869766485759],[-73.005723435142883,-38.694913493681703],[-73.005714694085356,-38.694957221796649],[-73.005638435981737,-38.695030303496239],[-73.005614101711529,-38.695043898047579],[-73.005434762169997,-38.695257799592191],[-73.005422917138944,-38.695315575444688],[-73.005426339156728,-38.695323635268402],[-73.005468602833588,-38.695423160596711],[-73.005451147632755,-38.695525854201115],[-73.005483084416596,-38.69560268937299],[-73.005465205467488,-38.695720634336801],[-73.005380799711261,-38.695787520789438],[-73.005365436103972,-38.695799695097989],[-73.004565155859808,-38.695967571172126],[-72.995166465964701,-38.697938669794986],[-72.994033811670363,-38.695094112193992],[-72.976632498718658,-38.701379417759853],[-72.973749317924245,-38.700339223973458],[-72.970462508290566,-38.691820237515735],[-72.970359319736943,-38.691845638090058],[-72.970037160654115,-38.691064067740349],[-72.968944617683306,-38.688279925752958],[-72.968759111743196,-38.68779982614376],[-72.967418792201272,-38.684330817397665],[-72.967079910447708,-38.683466065756733],[-72.967022188090297,-38.683318100095349],[-72.967005421810953,-38.683275120840236],[-72.966948034144451,-38.683128012462419],[-72.96690671721386,-38.683022101550762],[-72.966906031238651,-38.682880356579105],[-72.966948888975097,-38.682788307202621],[-72.966968555953272,-38.682746064250203],[-72.967028714411086,-38.682616855960269],[-72.967078011199135,-38.68251097370684],[-72.967156809127886,-38.68234172650881],[-72.96717749411151,-38.682297299028264],[-72.967310929441595,-38.682334626262332],[-72.967540703513208,-38.682398902997264],[-72.968018550138879,-38.682488623937083],[-72.968201752721129,-38.682551733075449],[-72.968680622055118,-38.682716691360028],[-72.968890460536642,-38.682788974588568],[-72.969079801101387,-38.682854196563426],[-72.96925012602486,-38.68289111271632],[-72.969276280629515,-38.682886045347843],[-72.969384145973365,-38.682865145605682],[-72.969449319047513,-38.682856101057162],[-72.969522760709637,-38.68286076914444],[-72.969591012601668,-38.682895876756717],[-72.969694063184079,-38.68292480460746],[-72.969818262447589,-38.682971060286384],[-72.969863850058175,-38.683024128737863],[-72.969874176104199,-38.683035699253423],[-72.969906994971694,-38.683072476451372],[-72.9700214151284,-38.683200691895721],[-72.970049852808614,-38.68322812467693],[-72.970093243185318,-38.683253071557417],[-72.970096458026234,-38.683254920487855],[-72.970119288767194,-38.683285014940189],[-72.970161893025164,-38.683285754690921],[-72.970191582698163,-38.683280482685646],[-72.970199974201861,-38.683278992061368],[-72.970221601235053,-38.683274312619758],[-72.970247626976928,-38.683268682338138],[-72.970289917799732,-38.683280553699092],[-72.970296315291264,-38.683295357453218],[-72.9703033505197,-38.683311635600425],[-72.970307698970259,-38.683321697543377],[-72.970387127382295,-38.683360199305255],[-72.970462764421271,-38.683365224797242],[-72.970514626920789,-38.683373549880436],[-72.970554488837152,-38.683381635977867],[-72.970594683396016,-38.683389789108297],[-72.970621628344901,-38.683381286803737],[-72.970628135519505,-38.683379232714046],[-72.970680941581506,-38.683354163705872],[-72.970718603428992,-38.68336224219307],[-72.970779460475512,-38.683370722388162],[-72.970920324484624,-38.683414003431601],[-72.971003370776131,-38.683429076040767],[-72.971059040647816,-38.683439725920671],[-72.971113470611911,-38.683450766039968],[-72.971179849548847,-38.683448205660774],[-72.97127452736143,-38.683449848701855],[-72.971311874912189,-38.683469058644796],[-72.971396665648385,-38.683485379480416],[-72.971485561612809,-38.683524044787788],[-72.971550787866903,-38.683562300232168],[-72.971696385588999,-38.683605661581232],[-72.971827677947019,-38.683652487836554],[-72.971991373713934,-38.683725861736328],[-72.972165794942185,-38.683754873049843],[-72.972288038981617,-38.683786692371164],[-72.972391242478196,-38.683821893692844],[-72.972433218635729,-38.683844895025914],[-72.972475195944128,-38.683867897265081],[-72.972481041690273,-38.683869441247047],[-72.972524460893965,-38.683880908777518],[-72.972550414742912,-38.683887763625982],[-72.972623817116713,-38.68391968886106],[-72.972639311856071,-38.683926428083616],[-72.972771966991104,-38.683925016146304],[-72.97282540114125,-38.683877682854998],[-72.972840039287647,-38.683865488541187],[-72.97284722655435,-38.683859499477876],[-72.973243589834652,-38.683809365361377],[-72.973352885046594,-38.683836231218869],[-72.981733614205126,-38.68186465032332]]]},"properties":{"OBJECTID":65,"NOMBRE":"Sta. Aurora","LUGAR":"Sta. Aurora","Shape_Length":11653.465255339661,"Shape_Area":6182686.9209188474}},{"type":"Feature","id":66,"geometry":{"type":"Polygon","coordinates":[[[-72.957921397381952,-38.627975537272711],[-72.960288968508493,-38.627127592714231],[-72.962448339557326,-38.626391825369957],[-72.962842618648921,-38.626791027005083],[-72.963145138999295,-38.626958634809526],[-72.963193030023461,-38.627170725693993],[-72.963045152349409,-38.627546340480798],[-72.962819699264955,-38.627834929532362],[-72.962555032649803,-38.628183644352475],[-72.962353103957952,-38.628705070471291],[-72.962242239340867,-38.629422401377582],[-72.962222190343226,-38.62943049143378],[-72.962216786003125,-38.629431655157589],[-72.962170310254706,-38.62935685161797],[-72.961779339289251,-38.629525841066616],[-72.961388367650017,-38.629694830073575],[-72.960495832545504,-38.630121241653875],[-72.960417311959958,-38.630158754218755],[-72.960374949981642,-38.630178993156072],[-72.958432479137826,-38.631177098272133],[-72.95763320566293,-38.631566405757603],[-72.957111596342045,-38.631820464210485],[-72.956661834176771,-38.632054713212426],[-72.955942361638662,-38.632429429948743],[-72.955611709638646,-38.63258297393206],[-72.955477269698719,-38.632645402182348],[-72.95191205692926,-38.634378868849758],[-72.95132877706753,-38.63479153902928],[-72.950606251359133,-38.635302715023819],[-72.950043184798687,-38.635701067082749],[-72.949594329076163,-38.636019549997663],[-72.949254372310918,-38.636260759851481],[-72.947838860592185,-38.637265085875725],[-72.947729802116839,-38.637346615025116],[-72.945270061225315,-38.639177658184629],[-72.944484760790644,-38.639815184349978],[-72.94372159715067,-38.640442087808104],[-72.942882697983151,-38.640988582954094],[-72.940538378473974,-38.642581291576924],[-72.939595049664376,-38.643173063186993],[-72.938462538970597,-38.643941779031167],[-72.93370706421446,-38.647131948243221],[-72.933699690337988,-38.647136894517139],[-72.933727309439192,-38.647174058402619],[-72.933645881155343,-38.647172988961543],[-72.931902695749187,-38.648249953401994],[-72.931521307013426,-38.648504495964545],[-72.929293883822581,-38.649965288476871],[-72.928988802032634,-38.65018518817822],[-72.928898746504771,-38.650147510250584],[-72.928765069159681,-38.650094506584111],[-72.928580731632891,-38.650021414598115],[-72.92832183649935,-38.6499300317832],[-72.927506378027317,-38.649642192252358],[-72.927436614838683,-38.649585413592582],[-72.927088060395448,-38.649447520196077],[-72.926790325934803,-38.64932973017671],[-72.926044896656208,-38.649077767839593],[-72.925935516682628,-38.649040796443707],[-72.925412314895581,-38.64885581414449],[-72.925003562226223,-38.648711294240464],[-72.924351362763133,-38.648446792856809],[-72.923981418425427,-38.648296758088392],[-72.923823005605115,-38.648235709243551],[-72.921976273185322,-38.64752400330061],[-72.918711943024491,-38.646243040880464],[-72.918243380552042,-38.646195205041209],[-72.91568396132665,-38.645981559301156],[-72.915441762423114,-38.645851950793649],[-72.915877362233502,-38.645635339111109],[-72.923375602300453,-38.64190620722232],[-72.92495469879583,-38.64165262453951],[-72.926268951355951,-38.641397297664561],[-72.926712813174689,-38.641376789910851],[-72.929455377803478,-38.640700537129305],[-72.931406135670827,-38.639298344386035],[-72.933680345657024,-38.637265453595433],[-72.934560433877422,-38.636495347077293],[-72.934970597501461,-38.636182418914437],[-72.936429101684553,-38.63483982207719],[-72.937166362761943,-38.634582294928848],[-72.939509776953813,-38.633647866869417],[-72.941738675437222,-38.632807137963432],[-72.942074350879096,-38.632645932265177],[-72.942642434013337,-38.632526020987029],[-72.945294479553439,-38.631891220364061],[-72.949697459505884,-38.630860051148538],[-72.953748311550683,-38.629456437002339],[-72.957921397381952,-38.627975537272711]]]},"properties":{"OBJECTID":66,"NOMBRE":"Fdo. Cardoe","LUGAR":"Fdo. Cardoe","Shape_Length":10109.828682910907,"Shape_Area":2843351.7118574926}},{"type":"Feature","id":67,"geometry":{"type":"Polygon","coordinates":[[[-73.079584262549929,-38.828525426351781],[-73.079569702966637,-38.82842724787691],[-73.079536030372992,-38.828200202763],[-73.079524669406112,-38.828123596728176],[-73.079600256237327,-38.828153857242889],[-73.079947065897755,-38.828292701200077],[-73.079973668528481,-38.828311303811354],[-73.08008525201619,-38.828389333171458],[-73.080155696957661,-38.828438593999302],[-73.080164745807465,-38.82844492218063],[-73.080210741314005,-38.828474198449165],[-73.080296769493216,-38.828528955892196],[-73.080382797805214,-38.828583713274703],[-73.080424597433961,-38.828589904891878],[-73.080735229321689,-38.828635918264787],[-73.080792925783456,-38.828644464155907],[-73.080918822761916,-38.828637597366125],[-73.081177335344194,-38.828623497114776],[-73.081342818746165,-38.828614470818749],[-73.081364049966908,-38.828613313074889],[-73.081554028898807,-38.828616480103129],[-73.081678995924349,-38.828681533694244],[-73.081696174895853,-38.828701906668002],[-73.081817723935629,-38.828846060584233],[-73.081974709659008,-38.828898196968673],[-73.08233797496986,-38.828913127303949],[-73.082483876550384,-38.828915541989772],[-73.082591246889763,-38.828917318454032],[-73.082639427345583,-38.828918063558753],[-73.082778613057584,-38.829003811448487],[-73.082872475359238,-38.829061636663688],[-73.082961440146306,-38.829100642204025],[-73.083139324467851,-38.829178633418223],[-73.083586339410758,-38.829185978965512],[-73.083629426270051,-38.829186677919402],[-73.083816622683656,-38.829189714521583],[-73.083946082657263,-38.829191808044676],[-73.084136062264221,-38.829194970893958],[-73.084340621418505,-38.8292703811778],[-73.084560537798268,-38.82933705949462],[-73.084956431361249,-38.829316530594248],[-73.08503406571495,-38.829309941975403],[-73.08516688150597,-38.829298669785494],[-73.08528192346445,-38.829299365761742],[-73.085385180739422,-38.829301062311494],[-73.085596719326844,-38.829343307125953],[-73.085778390249175,-38.829379587182366],[-73.085999156795722,-38.829354517048877],[-73.086219924355689,-38.829329446512759],[-73.086540983102807,-38.829292986038674],[-73.086867906210117,-38.82891539262225],[-73.087206273289723,-38.828722717024235],[-73.087453628165775,-38.828663060152124],[-73.087545001816565,-38.828641021933137],[-73.087737918136895,-38.829009554761726],[-73.087774178548528,-38.82907882232648],[-73.087931229840763,-38.829378838012531],[-73.088128033906671,-38.829700161863045],[-73.088182589150989,-38.829789233022026],[-73.088291143660214,-38.829966470514641],[-73.088336347271166,-38.830040274238677],[-73.088433950098832,-38.830199628418043],[-73.088795337749843,-38.830132956308447],[-73.089004019130954,-38.830094456150057],[-73.089126859275453,-38.830071792692223],[-73.089574085441654,-38.829989281035225],[-73.089612999316415,-38.829980545765686],[-73.089647657370506,-38.83029965868851],[-73.089778529136908,-38.831504664809032],[-73.089753960534608,-38.832174869382236],[-73.090492931057,-38.832248214071697],[-73.091185474681708,-38.832466465875846],[-73.091785381554772,-38.832738962513396],[-73.092200592506032,-38.833002134187765],[-73.091772055197666,-38.83357222841201],[-73.091472813368057,-38.833818404150428],[-73.091112459357063,-38.834114851885438],[-73.09060374957447,-38.834367876688106],[-73.090441585108877,-38.834585037007933],[-73.090055528656848,-38.834901234754092],[-73.089470584698645,-38.834946168161224],[-73.088173291367525,-38.835040157637494],[-73.088403908261157,-38.835403379283797],[-73.090054520917178,-38.837202214099904],[-73.090995099705225,-38.8401380273014],[-73.091023682665934,-38.84119773411976],[-73.090535329563878,-38.841160021023953],[-73.090220175241114,-38.841196666923359],[-73.089968136255067,-38.84117164464444],[-73.089826122561746,-38.841245625433949],[-73.089329637581898,-38.841114173857569],[-73.088868065833509,-38.84087807031591],[-73.088405958721353,-38.840931855345431],[-73.087574354468558,-38.84089454632899],[-73.087182107729319,-38.840712903003244],[-73.086950681929423,-38.840893789625227],[-73.087157518319017,-38.841364997958749],[-73.087218308210353,-38.841498799815788],[-73.087202209028035,-38.841813707864596],[-73.086904900682626,-38.841826041981747],[-73.086629581692861,-38.841838734755541],[-73.086446593929338,-38.841689500886922],[-73.086259689033525,-38.841686437852118],[-73.086036576498884,-38.841803210230694],[-73.085857210473691,-38.8419293016374],[-73.085696903767086,-38.841754632279738],[-73.085466484515862,-38.841733649915021],[-73.085148339702044,-38.841702627119176],[-73.084850801131751,-38.841723553666689],[-73.084477685676362,-38.841691627453976],[-73.084259413772187,-38.841627832078849],[-73.084153465515058,-38.841545741646939],[-73.084043910216963,-38.841460857244059],[-73.083864063284352,-38.841277116477329],[-73.083857680284254,-38.841270595346543],[-73.083559780195415,-38.84105721672951],[-73.083244639234721,-38.84091441125716],[-73.083232526297152,-38.840919799846958],[-73.082522322463802,-38.841218010520606],[-73.082482217217333,-38.841230949714948],[-73.082454718585552,-38.841165274632978],[-73.082363614815932,-38.841151971153678],[-73.082511608445742,-38.840532086588581],[-73.082455138016812,-38.840236382037631],[-73.082378442760898,-38.839922521615598],[-73.082405010624413,-38.83960882605723],[-73.082353976092477,-38.839376014901553],[-73.082096214203546,-38.839203589483297],[-73.081877460040587,-38.838930007035614],[-73.081516191286696,-38.838858669357826],[-73.081206780662754,-38.838706473537442],[-73.080936186250426,-38.838523925855718],[-73.080717175809752,-38.838341414457282],[-73.080356174561089,-38.838179000211355],[-73.080292637907007,-38.837906164271139],[-73.080086320595186,-38.837682780523672],[-73.079970475142545,-38.837571240334704],[-73.079958351440666,-38.837227089714084],[-73.080023617000748,-38.836933670258531],[-73.080101786973771,-38.836630191822344],[-73.080128280781452,-38.836326585465798],[-73.080064338645755,-38.836093651172199],[-73.079897167593572,-38.835810102301345],[-73.079471820352097,-38.835607079272343],[-73.078994911647825,-38.835343298269116],[-73.078569461101395,-38.835130180305072],[-73.078066310350664,-38.835068749081955],[-73.077614601382223,-38.835047890831085],[-73.077292011613054,-38.835047444603632],[-73.076982612525057,-38.834885148834189],[-73.076892786559327,-38.834682596270198],[-73.076772281281833,-38.834492675704091],[-73.076663031002624,-38.834244380129881],[-73.076633805707573,-38.834177959804407],[-73.076496159557323,-38.833865127981916],[-73.076497016777438,-38.833866064778881],[-73.07660269626426,-38.833981529909074],[-73.076638634941688,-38.834020796789879],[-73.076912649402843,-38.833952786663268],[-73.077044005505513,-38.83392018359509],[-73.081156593405922,-38.832899342951755],[-73.080999334667212,-38.832492267339418],[-73.080857874665057,-38.831874545367441],[-73.080477092601555,-38.830664923012307],[-73.080090204655278,-38.829862781162397],[-73.079895769051518,-38.829385689186772],[-73.07987065291519,-38.829324060495622],[-73.079606623025342,-38.828676195108869],[-73.079584262549929,-38.828525426351781]]]},"properties":{"OBJECTID":67,"NOMBRE":"Fdo. San Manuel","LUGAR":"Fdo. San Manuel","Shape_Length":5809.8796109770474,"Shape_Area":1168327.6384771131}},{"type":"Feature","id":68,"geometry":{"type":"Polygon","coordinates":[[[-73.002879185046027,-38.88250764705225],[-73.003146949528883,-38.882305335436946],[-73.009135593388962,-38.877780094089552],[-73.009326107390592,-38.878231878020408],[-73.010058973823391,-38.879161260626475],[-73.010923073109225,-38.879738824637236],[-73.011455599210947,-38.880094757422569],[-73.011369739557537,-38.880295442645888],[-73.011318690643392,-38.880414761530957],[-73.011210761705996,-38.880692584229465],[-73.011142436608765,-38.880868461473483],[-73.010852490388174,-38.881176265891597],[-73.010502236291174,-38.88117477868434],[-73.010329433549316,-38.881174044569377],[-73.010164936695674,-38.881173345460198],[-73.010100708086327,-38.881203785105647],[-73.010036478270905,-38.881234224694488],[-73.009828821137901,-38.881289183480554],[-73.009639078968604,-38.881272476976271],[-73.009634859672474,-38.881270912915731],[-73.00958298322476,-38.881251686848181],[-73.00943519251706,-38.881196912867459],[-73.009410198670551,-38.881180209412854],[-73.009405572426601,-38.881177118354039],[-73.009319319607698,-38.881119476790218],[-73.009307087515595,-38.881111302116331],[-73.009263312737389,-38.881082047662424],[-73.009219559485217,-38.881052807976019],[-73.009208735183506,-38.881045574557135],[-73.009186189193585,-38.881030507638428],[-73.009160799734474,-38.881020794842264],[-73.00911274114651,-38.881002409473851],[-73.009061008752411,-38.880982618880608],[-73.009013626593088,-38.880964491892961],[-73.009003824805617,-38.880964320207447],[-73.008886938426713,-38.88096227425747],[-73.008868829713933,-38.880966565170027],[-73.008813811938296,-38.880979601795218],[-73.008731363592076,-38.88099913729603],[-73.008727344971277,-38.881000089619953],[-73.008390569612146,-38.881143052379642],[-73.008081564881181,-38.881421574273951],[-73.007707539641487,-38.881762124897634],[-73.007383377887123,-38.882017934127198],[-73.007373954242965,-38.882023656136006],[-73.007109205204983,-38.882184404753012],[-73.006927270289012,-38.882221321690707],[-73.006871700963615,-38.882232597252333],[-73.006822290159889,-38.882242622784375],[-73.006645569864688,-38.882255630095209],[-73.006425230561405,-38.882271846853975],[-73.006334859245783,-38.882285651686018],[-73.006260633613877,-38.882296990358476],[-73.006204231253164,-38.882305605927314],[-73.0061864079603,-38.882308328983086],[-73.006178122645466,-38.882311141065323],[-73.006125466247454,-38.882329012959339],[-73.00600111188983,-38.88237121982079],[-73.005946408220836,-38.882389786501342],[-73.005933929884947,-38.882408894276772],[-73.005883305877049,-38.882486414290895],[-73.005857204963974,-38.882526382618025],[-73.005731105637309,-38.882719474064196],[-73.005553312202224,-38.882842647380656],[-73.005186907742129,-38.882908454966326],[-73.005039147974713,-38.883136829498234],[-73.004757535371937,-38.883177686234504],[-73.004580990846208,-38.883203556595291],[-73.003160326181472,-38.882606212289829],[-73.003155720827976,-38.882604275570756],[-73.003095130274971,-38.882583355886013],[-73.002879185046027,-38.88250764705225]]]},"properties":{"OBJECTID":68,"NOMBRE":"Lliuco","LUGAR":"Lliuco","Shape_Length":2047.5771769985222,"Shape_Area":172144.57682449216}},{"type":"Feature","id":69,"geometry":{"type":"Polygon","coordinates":[[[-73.002879185046027,-38.88250764705225],[-73.002564742647579,-38.882397444779123],[-73.002320302851729,-38.882311775632367],[-73.00195372877559,-38.882183300357227],[-73.001744066212751,-38.882109818017966],[-73.000680117984444,-38.881665469125359],[-73.00059769468379,-38.881585283361865],[-73.000410422204098,-38.881403094555431],[-73.000237868758518,-38.881310049370711],[-72.999374481204342,-38.881038451682578],[-72.999305784502383,-38.880998754979835],[-72.998844178157185,-38.88073200982798],[-72.998796999637278,-38.880282725433631],[-72.998818585826015,-38.880170663257218],[-72.998888188183159,-38.879809318986801],[-72.998830621347736,-38.879723081444119],[-72.998723711903779,-38.879562924781048],[-72.998855471688998,-38.87930943066803],[-72.998741131977155,-38.878942109134833],[-72.998577682829179,-38.878659197086726],[-72.998457560041984,-38.878541040713287],[-72.999477989043342,-38.877894836234567],[-72.999527535143642,-38.874013016050228],[-72.99961886320429,-38.873998589445264],[-73.001196751111408,-38.87374931922578],[-73.003398283706005,-38.873280590284509],[-73.003669806831311,-38.873243475281896],[-73.004355174699924,-38.873005742163564],[-73.004186633026663,-38.872787746074351],[-73.004869230685472,-38.872873789343849],[-73.004811251939003,-38.873348471821863],[-73.004847883099501,-38.873364496626003],[-73.005067668186726,-38.873460642476424],[-73.005379902911159,-38.873597230251683],[-73.005523870025726,-38.873660208256339],[-73.006400996790745,-38.874043898283205],[-73.006778710748009,-38.874209121871381],[-73.007691588205205,-38.8747304065676],[-73.007753618684262,-38.87475245218527],[-73.008122019927228,-38.874883383006221],[-73.008859913130379,-38.875145628315074],[-73.010519381929001,-38.875533274575503],[-73.011871785732993,-38.875932500473397],[-73.012328032505067,-38.876067179379561],[-73.013097173266587,-38.876511497546169],[-73.013601771610325,-38.877089921675719],[-73.013765421241757,-38.8772775119999],[-73.013798656484354,-38.877311897073788],[-73.013985061474244,-38.877504750685311],[-73.014313195570494,-38.877844233378958],[-73.014115030567268,-38.878087518998697],[-73.014000000281143,-38.878228740686637],[-73.013925516016698,-38.878320184025327],[-73.013839650074715,-38.878425599789757],[-73.013427795355994,-38.878664344451927],[-73.013031300052504,-38.87879857992607],[-73.012832830675137,-38.878947569830487],[-73.012624954510883,-38.879103620158112],[-73.012072326271522,-38.879533012428936],[-73.01190046596875,-38.879666546005161],[-73.01178345309151,-38.879776166476127],[-73.01158088094958,-38.879965941870168],[-73.011463773523204,-38.880075651400603],[-73.011455599210947,-38.880094757422569],[-73.010923073109225,-38.879738824637236],[-73.010058973823391,-38.879161260626475],[-73.009326107390592,-38.878231878020408],[-73.009135593388962,-38.877780094089552],[-73.003146949528883,-38.882305335436946],[-73.002879185046027,-38.88250764705225]]]},"properties":{"OBJECTID":69,"NOMBRE":"Choroiko","LUGAR":"Choroiko","Shape_Length":4218.4580719765918,"Shape_Area":805459.12700158963}},{"type":"Feature","id":70,"geometry":{"type":"MultiPolygon","coordinates":[[[[-73.019291133105398,-38.880623791022721],[-73.019362589275701,-38.880402222498098],[-73.019383449822882,-38.880188442740973],[-73.019382413019372,-38.879869793446105],[-73.019368780949677,-38.879477601172411],[-73.01936772828941,-38.87883437386531],[-73.019428833279548,-38.878660283751266],[-73.019499906477378,-38.878565368535405],[-73.019611432588633,-38.878454744249986],[-73.019925879055251,-38.878067306349962],[-73.020007463753288,-38.877829963410534],[-73.020079411994047,-38.877450032367534],[-73.020110761635408,-38.877125355524477],[-73.020536696341367,-38.876658999622435],[-73.02102737379056,-38.876381410890353],[-73.021393026714705,-38.876174549194452],[-73.021434488990053,-38.876281389016611],[-73.022042693675075,-38.878041265306095],[-73.022419389241279,-38.87884060815955],[-73.022611265706615,-38.879325929983587],[-73.022938044875445,-38.880041554270434],[-73.022533928188238,-38.880148093306289],[-73.019138232458772,-38.881043245804989],[-73.019291133105398,-38.880623791022721]]],[[[-73.014723502912943,-38.878130474606131],[-73.014772653510761,-38.878107209505053],[-73.014983312592435,-38.878007494971513],[-73.015110632655805,-38.877947228744716],[-73.015255976188811,-38.877841568129064],[-73.015330190767301,-38.877787616958933],[-73.015372229941462,-38.877757056623899],[-73.015658054856019,-38.877549268653297],[-73.016306144160566,-38.877103456749197],[-73.016378204249534,-38.877053886975609],[-73.016384190665534,-38.877049768232453],[-73.016626683767115,-38.876882957801499],[-73.017074886164281,-38.876562362208887],[-73.017223752478785,-38.876434676236279],[-73.017933051458527,-38.875826286642429],[-73.018349457370007,-38.875439133256826],[-73.018709067315953,-38.875104781214127],[-73.018908977070367,-38.874872919722193],[-73.01908907517668,-38.874664034286667],[-73.019411359228116,-38.874094535674402],[-73.019520445696756,-38.873979524232041],[-73.019554632464022,-38.87394347964397],[-73.019688513864381,-38.873802326021092],[-73.019769163522739,-38.873717295194794],[-73.019860937605699,-38.873459754291574],[-73.0199144006571,-38.873309724323704],[-73.01992980335595,-38.873266497786013],[-73.020035047409507,-38.872971154091175],[-73.020263332607172,-38.872592008905912],[-73.020377736506831,-38.872401999501037],[-73.020929489860677,-38.872289523135493],[-73.020670402752415,-38.872636183041131],[-73.020625232662624,-38.873000779914335],[-73.020660296498789,-38.873421541115974],[-73.020664908559198,-38.874097539847561],[-73.020808914267064,-38.874803304318625],[-73.021139540240654,-38.875521366029162],[-73.02129046820626,-38.875910279413368],[-73.020988465540768,-38.876280253835255],[-73.020982421730338,-38.876287657936935],[-73.020497906095201,-38.876590868414716],[-73.020044825709789,-38.87708324892003],[-73.019916624180325,-38.877798063890054],[-73.019779951331827,-38.878033931672455],[-73.019724815267836,-38.878099209235408],[-73.019505717493857,-38.878383495052688],[-73.019317872643981,-38.878620475449111],[-73.019266692870488,-38.878834190416825],[-73.019278307534506,-38.879052574108975],[-73.019275496290305,-38.879222247928894],[-73.019244407603423,-38.879451798030829],[-73.019253982196517,-38.87961015050643],[-73.019243082798226,-38.879879410458344],[-73.019282412459603,-38.880188260156537],[-73.019261581582455,-38.880394112155017],[-73.019169825850426,-38.880655244066539],[-73.019026908773824,-38.88109847081509],[-73.017816898693297,-38.881454152753179],[-73.017730477517532,-38.881525110713405],[-73.017532359429921,-38.881687780592209],[-73.017459950251379,-38.881747233076169],[-73.015665347328095,-38.88228160197535],[-73.015573850856825,-38.882306902016282],[-73.014746569724991,-38.88252209724795],[-73.01441917372911,-38.882528707159437],[-73.01406368110851,-38.882425230478603],[-73.013550074331008,-38.882404312050994],[-73.013396915011739,-38.882250937607843],[-73.013243598246035,-38.882097403505689],[-73.013282108573151,-38.882071030506928],[-73.013405389383166,-38.882016539843058],[-73.013590300332538,-38.881934807929255],[-73.013613799780686,-38.881924420588511],[-73.014059692416737,-38.881858934991143],[-73.014061191943568,-38.881856998041492],[-73.014290011098097,-38.88156142976937],[-73.014403634484225,-38.881473365055285],[-73.014624434523668,-38.88130223092044],[-73.014748102860409,-38.881239863117344],[-73.015027412527203,-38.881099000690192],[-73.015162654497431,-38.88086844770266],[-73.015192167178185,-38.880762922526671],[-73.015221680917392,-38.880657397358718],[-73.014911853937548,-38.880556769428942],[-73.01485594114645,-38.880528624355044],[-73.01458098875581,-38.880390222410078],[-73.014439665119895,-38.880262658122767],[-73.014267523974226,-38.880146490173793],[-73.014039319898515,-38.879991221837699],[-73.014030048677526,-38.879985951615893],[-73.01312079376082,-38.879486374547618],[-73.013117125070593,-38.879483543213325],[-73.012624954510883,-38.879103620158112],[-73.012832830675137,-38.878947569830487],[-73.013031300052504,-38.87879857992607],[-73.013427795355994,-38.878664344451927],[-73.013839650074715,-38.878425599789757],[-73.013925516016698,-38.878320184025327],[-73.014000000281143,-38.878228740686637],[-73.014115030567268,-38.878087518998697],[-73.014313195570494,-38.877844233378958],[-73.014631820153156,-38.878173871767281],[-73.014723502912943,-38.878130474606131]]]]},"properties":{"OBJECTID":70,"NOMBRE":"Pocuno","LUGAR":"Pocuno","Shape_Length":4682.1968589242133,"Shape_Area":429888.42593521503}},{"type":"Feature","id":72,"geometry":{"type":"Polygon","coordinates":[[[-73.014181922508783,-38.793533868241717],[-73.014622022766588,-38.793427848586028],[-73.015756613086296,-38.793154518583634],[-73.017214495117642,-38.792803286007938],[-73.018520526153253,-38.792488618039798],[-73.021087587599169,-38.791870073856401],[-73.022268230840282,-38.791624554806361],[-73.02280059739708,-38.791513842616851],[-73.023637587317779,-38.791339774541811],[-73.022179194416807,-38.78734598410481],[-73.021852631450201,-38.786451635266602],[-73.021456860604474,-38.78536771682554],[-73.021226258379642,-38.784736140640973],[-73.02092451502584,-38.783890445521628],[-73.020562653707003,-38.782783047474574],[-73.020467709084457,-38.782492482867504],[-73.019876262915787,-38.780830858883824],[-73.019725194256935,-38.780869705114839],[-73.017396909283747,-38.78146837166863],[-73.015422754202959,-38.781917320670964],[-73.01084165502273,-38.782958971082415],[-73.010703329650184,-38.78305108722725],[-73.010353033279344,-38.783135882567571],[-73.010336427328255,-38.783088887442474],[-73.010313431973657,-38.783027784758481],[-73.010090237813998,-38.782434728930475],[-73.009960331687324,-38.782089548906931],[-73.009727807460294,-38.781471685160348],[-73.009628242794605,-38.781207119729395],[-73.009373970526212,-38.780547792260464],[-73.009329924754468,-38.780433581324729],[-73.008847941514375,-38.779183767892356],[-73.007075423413681,-38.774587136159134],[-73.007038868251612,-38.774492332815278],[-73.007016386241574,-38.774434025165739],[-73.00664028017799,-38.773458600947095],[-73.006110076935954,-38.772081484952771],[-73.00582194394751,-38.771565920099015],[-73.010651686163797,-38.770446018580287],[-73.009617353617784,-38.767815509400045],[-73.007682307780712,-38.76274440087068],[-73.007156221576082,-38.761356583368951],[-73.007025282841695,-38.761011156599523],[-73.007161903176822,-38.760963029740552],[-73.007603979480407,-38.760864070032952],[-73.008700047389368,-38.76061870556854],[-73.009098672896982,-38.760582166191114],[-73.009307633675306,-38.760551403719063],[-73.00976048521602,-38.760475066433344],[-73.011354417611955,-38.760206361940057],[-73.011646322308778,-38.760163882219025],[-73.011873085078577,-38.760130882515703],[-73.012153226367261,-38.760090114291891],[-73.012379432930345,-38.760057194242322],[-73.012507531969717,-38.760402858919313],[-73.012507617669328,-38.760403088343892],[-73.012906342863459,-38.76147899472339],[-73.013391970643127,-38.762670766182787],[-73.013303555105452,-38.762684073415656],[-73.013682637760184,-38.763520537469226],[-73.014009505097164,-38.764298942630376],[-73.014430854288563,-38.765411365828186],[-73.01479263968865,-38.76642240426149],[-73.015195873067398,-38.767512043565532],[-73.015828315132552,-38.769250025055342],[-73.016270237109921,-38.769149321996586],[-73.016508701498609,-38.769094980687406],[-73.017187601025398,-38.768934296225147],[-73.017848102560507,-38.768776370038438],[-73.018504420380495,-38.76861717522867],[-73.018643160972417,-38.76858032517454],[-73.018755705417391,-38.76855043287707],[-73.019085363227546,-38.76847024245685],[-73.019242438565129,-38.768866002187686],[-73.019389476660663,-38.769236469252469],[-73.019491896090685,-38.769494516638495],[-73.02036103228879,-38.771684237227468],[-73.020378820448727,-38.771729051603863],[-73.020925070587012,-38.7731052175915],[-73.021285491450655,-38.774013192672058],[-73.021649927378974,-38.774931263318692],[-73.021657572322667,-38.77495052034412],[-73.022043426091926,-38.775943078478541],[-73.022314856598271,-38.776641282152973],[-73.023029190734363,-38.778478704984614],[-73.023449670691861,-38.779560226769291],[-73.02394841635946,-38.779186349100065],[-73.0247841857081,-38.77863465682649],[-73.025269048482613,-38.778285174309445],[-73.02570527118101,-38.777970746768737],[-73.026158695621959,-38.777694846203282],[-73.026496691801583,-38.777502143539742],[-73.026654331822385,-38.777412267323918],[-73.026745544084577,-38.777318128714342],[-73.027237472421675,-38.776810411306847],[-73.027460216161273,-38.776664364141183],[-73.02803329382786,-38.77628860586136],[-73.028101429730569,-38.776244685227837],[-73.028768725205509,-38.775814540029593],[-73.029320436003886,-38.77549990177102],[-73.029766266492643,-38.775245642602485],[-73.030012857705188,-38.775121321475616],[-73.030781891407628,-38.774733599568933],[-73.030124350205426,-38.772464788264351],[-73.030027376659305,-38.772206610183858],[-73.029208707881466,-38.770026951464054],[-73.029185720104621,-38.769965747871709],[-73.029059591756038,-38.769629926093458],[-73.028822385794712,-38.768996130773182],[-73.028612412704774,-38.7684350888387],[-73.028459137161974,-38.7680255371953],[-73.028336794661683,-38.767696163365152],[-73.02778620511836,-38.766272064743774],[-73.028699608216073,-38.765983754791449],[-73.029250439561821,-38.765809883594372],[-73.030992883140343,-38.765492563628982],[-73.031517661427998,-38.765396990347661],[-73.031914502760969,-38.765320179477385],[-73.032474350380326,-38.765216676725892],[-73.032533531520713,-38.765200358640357],[-73.03263705432903,-38.765180320659788],[-73.033229927325905,-38.765062985002629],[-73.03438205145757,-38.764831318845559],[-73.035000029383482,-38.764709272186856],[-73.036533702189729,-38.764332008175543],[-73.036861554542099,-38.764251357438923],[-73.037651599294705,-38.764090117326425],[-73.038302849443525,-38.763926541529628],[-73.040562467394011,-38.763340790367621],[-73.041114074782584,-38.763212718765047],[-73.041839353238515,-38.763027738642336],[-73.042810233462689,-38.762786266868837],[-73.044268218159488,-38.762377984034025],[-73.045734659082754,-38.762006602737941],[-73.049438956765968,-38.76101022582543],[-73.050167960622289,-38.760867192752393],[-73.050243304249861,-38.760852409422903],[-73.050996469314939,-38.762825673907031],[-73.051024350793071,-38.762907233378762],[-73.051245886015593,-38.763555253096911],[-73.051675035050366,-38.764604740296434],[-73.051697002362829,-38.764658460989985],[-73.052273324151443,-38.76606781115413],[-73.053053185947206,-38.76805817015758],[-73.053289210590847,-38.768535160445815],[-73.053582537501214,-38.769387018785352],[-73.054197754842676,-38.770834447888113],[-73.054636106669562,-38.771707766228261],[-73.054740093670461,-38.772006895437691],[-73.054950562178021,-38.772479147021457],[-73.055268278728079,-38.773205926604753],[-73.055476656222282,-38.773819318324605],[-73.055780101272646,-38.77471254016546],[-73.055929218348211,-38.775130786725931],[-73.056292218958745,-38.776148914314142],[-73.056310221827133,-38.776199408142638],[-73.056575588190086,-38.777086952822536],[-73.057116761061891,-38.779033057863636],[-73.057729899988104,-38.780399748835094],[-73.058709814102258,-38.78241453595939],[-73.059027035514234,-38.783196160288888],[-73.059509997706584,-38.784307743098978],[-73.059584159929827,-38.784478430412626],[-73.059921073585485,-38.78520816400647],[-73.059958204442097,-38.785377380061981],[-73.060103391207463,-38.78564436568503],[-73.060318007332995,-38.786241476115222],[-73.060576631688093,-38.786848467001562],[-73.061035805282216,-38.787900407525569],[-73.061662924671708,-38.789191359400803],[-73.062123681236514,-38.790118102943559],[-73.063062796517116,-38.791135075484981],[-73.064028483889516,-38.791962087782899],[-73.064279087177624,-38.792176699631987],[-73.064526929701017,-38.792402894237128],[-73.064826570057889,-38.792676358046748],[-73.065099743537658,-38.792925665996236],[-73.065374060524576,-38.793176014951648],[-73.065251605570353,-38.793264871822444],[-73.065128393993803,-38.793354277385966],[-73.064976845312799,-38.793471120912493],[-73.064642256422545,-38.793718561930341],[-73.064480647992738,-38.793833866711189],[-73.064281189941497,-38.794096366773672],[-73.064089759578081,-38.794265236544703],[-73.063745350986636,-38.794306937176827],[-73.063714808542031,-38.794310635226537],[-73.063467556641811,-38.794511266224383],[-73.063254848131692,-38.794653975591103],[-73.063191998156512,-38.794945405364331],[-73.063017785736477,-38.795255482993674],[-73.063019994674832,-38.795836676128353],[-73.063014653359247,-38.796034790932858],[-73.062884094006264,-38.79640661072348],[-73.062988128598974,-38.797126328421271],[-73.062721228420017,-38.797408539543319],[-73.062699701064346,-38.797597402306465],[-73.06259787073472,-38.797709605843067],[-73.062558682144214,-38.797752785871246],[-73.062520003663039,-38.797748733825031],[-73.062405160091075,-38.797736701001746],[-73.06221772562337,-38.797720084880915],[-73.062012279571022,-38.797757225725348],[-73.061987190039233,-38.797802737135342],[-73.061886758818559,-38.797984918462852],[-73.061241179491674,-38.79785251026351],[-73.060950610685836,-38.797874782684239],[-73.060201119865127,-38.797754180281984],[-73.059791138116807,-38.797774391896596],[-73.059601569607935,-38.797838801333029],[-73.059375968953304,-38.797952189665708],[-73.058987233942119,-38.797828570955929],[-73.058496671351506,-38.797658245394672],[-73.058257854601408,-38.797654307212326],[-73.05801762972925,-38.797677341630212],[-73.057777418496343,-38.797727390298427],[-73.057657544957053,-38.797738944384434],[-73.057523172784514,-38.797655639294575],[-73.057463022211209,-38.797375246272175],[-73.057313591851496,-38.797210610019683],[-73.056943061676364,-38.797019713635564],[-73.056300493578206,-38.79680630821025],[-73.055993655469621,-38.796787710489269],[-73.055702696913542,-38.796796385392966],[-73.05549808709192,-38.796806470920131],[-73.055395301603966,-38.796804730970095],[-73.055365770224682,-38.79679020000102],[-73.055170942412701,-38.796694337827908],[-73.055092059752951,-38.796655524335264],[-73.055037157875262,-38.796597729313767],[-73.05490946797434,-38.796463311169646],[-73.054622150427164,-38.796363887749685],[-73.054365301153311,-38.796386591856717],[-73.054365042104735,-38.796386718194725],[-73.054123233574728,-38.796504235251511],[-73.053964249188283,-38.796630283356492],[-73.053878296196316,-38.79669842895143],[-73.053812094275216,-38.796765393396939],[-73.053773196431464,-38.796804738591881],[-73.053584372686714,-38.79684218659586],[-73.053239938077837,-38.796876687715049],[-73.053121874851101,-38.796888513308552],[-73.052818680068825,-38.796761810827817],[-73.052585683814854,-38.796519116558002],[-73.052299489886423,-38.796379215507841],[-73.05192472524844,-38.7963459478365],[-73.051780611129047,-38.796392012878052],[-73.05156314801755,-38.796461522410098],[-73.051285516853298,-38.796641628711335],[-73.051058481846937,-38.79681358422355],[-73.050905334597445,-38.796783962994297],[-73.050708960915358,-38.796761237719089],[-73.050494359906025,-38.796770559344864],[-73.050286416185003,-38.796838056511838],[-73.050158063514829,-38.797010105757394],[-73.050136836703842,-38.797183944052826],[-73.050156811936347,-38.797358470125353],[-73.050116797210606,-38.797476212342978],[-73.050076143950562,-38.797595831591813],[-73.049938631441748,-38.79779501786264],[-73.049890436350836,-38.798057244341102],[-73.049589580401118,-38.798086559353152],[-73.049547297947115,-38.798245062291357],[-73.049383517824836,-38.798506841540416],[-73.049173227372663,-38.798694144788222],[-73.048958114115521,-38.79878876762097],[-73.048663157668173,-38.798859465019071],[-73.048455556994739,-38.798977701076033],[-73.048245543924381,-38.79915887556978],[-73.047895468134698,-38.799459362867452],[-73.047892521463865,-38.799462361884444],[-73.047676590841888,-38.79968207988648],[-73.047612859578479,-38.799746927582966],[-73.047250711132733,-38.799957737399723],[-73.047126523653048,-38.800104325009116],[-73.046938723414272,-38.800128220193564],[-73.046581030412028,-38.800081645405108],[-73.046291097045682,-38.800076844006512],[-73.046205643389513,-38.800100363907362],[-73.045843740715029,-38.800199969955834],[-73.045501946447629,-38.800221278265738],[-73.045214877718905,-38.80011290825199],[-73.044808974891211,-38.799957418302604],[-73.044731965435005,-38.799928802987282],[-73.044656474364672,-38.799900751869401],[-73.044280583977297,-38.799935035860358],[-73.044284491458399,-38.80010893689159],[-73.043757888672459,-38.80041486433894],[-73.043699328234894,-38.800448884039987],[-73.041407895960091,-38.800894339462928],[-73.041053418165845,-38.800223014665704],[-73.039775007371389,-38.800553265874974],[-73.0360279643143,-38.801521454126394],[-73.035790129541496,-38.801714564364282],[-73.034849085005277,-38.801710987103867],[-73.03468918719247,-38.800947425491714],[-73.033877703023379,-38.801242855547514],[-73.033442436162986,-38.802217381920265],[-73.032405691532617,-38.803462575576674],[-73.030009233535537,-38.804057472076209],[-73.028146049713115,-38.804337010751858],[-73.024136919466571,-38.805451013183514],[-73.023690901327939,-38.805523734428185],[-73.023133215832473,-38.805469343335893],[-73.021638887140654,-38.805902761357423],[-73.019584754310983,-38.806374108714422],[-73.019196507352902,-38.806463192049542],[-73.019194576446893,-38.806459357777193],[-73.0187213131872,-38.805168226031469],[-73.018704304195936,-38.805121825415888],[-73.018524106388242,-38.804630213396401],[-73.017632807379243,-38.802342699113161],[-73.017509781502241,-38.802245074577051],[-73.017323239779984,-38.802294729532981],[-73.017196630307851,-38.801995563806152],[-73.016471611452928,-38.800299291608788],[-73.016344038667569,-38.800000809590742],[-73.015746626611403,-38.798603015371427],[-73.014394815042436,-38.794720019151292],[-73.014187374394083,-38.794071090402127],[-73.014155871287301,-38.793712454999685],[-73.014181922508783,-38.793533868241717]]]},"properties":{"OBJECTID":72,"NOMBRE":"Fdo. Sta María","LUGAR":"Fdo. Sta María","Shape_Length":23352.836950042274,"Shape_Area":14911748.037720401}},{"type":"Feature","id":73,"geometry":{"type":"MultiPolygon","coordinates":[[[[-73.067711378455712,-38.892777131640266],[-73.067947912789577,-38.893419215086844],[-73.067943704841156,-38.893420135681318],[-73.067711378455712,-38.892777131640266]]],[[[-73.065788330043702,-38.850870086331334],[-73.065899973138173,-38.850601719429172],[-73.065996538517055,-38.850421336921038],[-73.066042415866079,-38.850289746320051],[-73.066009111861959,-38.850217504575852],[-73.066089637932834,-38.850108546419868],[-73.06606816049549,-38.84986003293686],[-73.066035357066255,-38.849780504599657],[-73.066150177899985,-38.849695952558996],[-73.066336586598979,-38.849583232513403],[-73.066522397615074,-38.849492561736533],[-73.066695114636019,-38.849364540739487],[-73.066902519567677,-38.849257682732599],[-73.067050063792379,-38.849017481960743],[-73.06714696682927,-38.848715254279583],[-73.067533232054956,-38.84862291262553],[-73.067898188236711,-38.848489162589658],[-73.068284734018818,-38.848378022680791],[-73.068298113140671,-38.84837417578678],[-73.068476784209139,-38.848350661427965],[-73.068655454019265,-38.848327146773499],[-73.068839917163857,-38.848286081517529],[-73.068867374777113,-38.848272762203898],[-73.068982831629029,-38.848216754945824],[-73.068876601882721,-38.847926395683402],[-73.069193857279586,-38.848100258277078],[-73.069206682965628,-38.848107286798793],[-73.069457370112659,-38.848244668204281],[-73.069597284399208,-38.848373147230269],[-73.069656016712102,-38.84854525266168],[-73.069556009372405,-38.848728299916225],[-73.069597373804527,-38.848927215470617],[-73.069828298155571,-38.849205871912062],[-73.069792220573788,-38.849367508481876],[-73.069789517291184,-38.849466566563116],[-73.069945560284907,-38.849554770904135],[-73.070181383299385,-38.849594716136856],[-73.070208793143948,-38.849712220823925],[-73.070224638777887,-38.849780147884523],[-73.070141710961337,-38.849891371444535],[-73.070124509170185,-38.849967703318619],[-73.070259958152434,-38.850204216501304],[-73.070283353708845,-38.850481127853193],[-73.070283966509706,-38.850488383314818],[-73.07028795937029,-38.850491701190116],[-73.070438910372388,-38.850617147577793],[-73.07053028996242,-38.850753803268383],[-73.070630287711197,-38.850880529371324],[-73.070638305015081,-38.850890689622247],[-73.070664772984358,-38.850894914985908],[-73.070827608002219,-38.850920911153679],[-73.07093536016373,-38.851008278456099],[-73.071044717563524,-38.851125335609076],[-73.071136262067512,-38.851223325043819],[-73.071168090501985,-38.851230669976438],[-73.071423386237228,-38.851448637477944],[-73.072328371691498,-38.851249486399105],[-73.073956232810403,-38.850864120344312],[-73.077722966917037,-38.849987752555798],[-73.078427148187075,-38.849827825054938],[-73.079268546443743,-38.849636727009027],[-73.080210905397834,-38.849443012790367],[-73.081259381577468,-38.849185714018233],[-73.08174160280376,-38.84907676291796],[-73.082055018768756,-38.849005950241803],[-73.082547288744536,-38.848894725306209],[-73.083928763300506,-38.848582577383389],[-73.083975415537566,-38.848712691454992],[-73.085870666151834,-38.853998190807346],[-73.087894237885251,-38.853472270844463],[-73.091566215341956,-38.85259607670212],[-73.094088913794224,-38.852070727664895],[-73.095862210604068,-38.851779221764126],[-73.09660550985042,-38.854403041477596],[-73.096725924912747,-38.854337980607632],[-73.097165280054369,-38.854146230045231],[-73.097488330443454,-38.85401501300943],[-73.097824110041188,-38.853944540488818],[-73.098185649085934,-38.853945025394715],[-73.098981065159705,-38.856253564940978],[-73.099044746070916,-38.856698999352098],[-73.099519578747177,-38.857734076341082],[-73.103141765376492,-38.856857429424174],[-73.103511280734267,-38.857330802155957],[-73.103912599064373,-38.858385027804388],[-73.10492121739216,-38.860438981620788],[-73.109649512878562,-38.859415043395508],[-73.111269304558789,-38.859108026958914],[-73.113228460090909,-38.864324642090082],[-73.111783657067519,-38.864597578841781],[-73.108450765384617,-38.865312247454334],[-73.104553663479066,-38.866302785409886],[-73.103525020496292,-38.866387337983419],[-73.103392700962402,-38.866867511757768],[-73.103457447976908,-38.867313501314072],[-73.103544407963852,-38.867570939249504],[-73.103762785666575,-38.867811323834154],[-73.104528229069345,-38.868000864239313],[-73.105053063769759,-38.868207303397931],[-73.105444661890232,-38.869322713897596],[-73.105749761593344,-38.869923406606453],[-73.105837051030647,-38.870043556965136],[-73.106252309802443,-38.870318481340668],[-73.106404772988554,-38.870661661261373],[-73.106119058164765,-38.871296009918673],[-73.105878003910291,-38.871432994577141],[-73.107074820008691,-38.874813442068998],[-73.101168522540263,-38.876049360945288],[-73.096080700044581,-38.878385672581977],[-73.095187830646836,-38.876326239068277],[-73.091864737396847,-38.877319582780991],[-73.091774669192446,-38.877346488145406],[-73.091909676492364,-38.877714714855294],[-73.086511502930549,-38.879234575974806],[-73.084971902619188,-38.875464628464862],[-73.084872695768468,-38.875141573186312],[-73.075277221772581,-38.877360056329408],[-73.075326147680499,-38.877790753696885],[-73.071328277144602,-38.87852887971593],[-73.070336460933291,-38.875708923059584],[-73.065138811420198,-38.876875808043032],[-73.065234984765965,-38.878285175124077],[-73.065032817777748,-38.879185295185039],[-73.064480249620956,-38.880398060574095],[-73.064718519133095,-38.880851178724399],[-73.064586184269416,-38.880886820479574],[-73.051980279893158,-38.884468127363817],[-73.050446515058411,-38.884769442148738],[-73.050291776547795,-38.884563534903499],[-73.050057046637576,-38.884321156930184],[-73.049866975457377,-38.883850076949791],[-73.049808900939567,-38.883439667852841],[-73.049574441238818,-38.883138917620442],[-73.048548884327218,-38.882262451081274],[-73.048197107581657,-38.88197307045327],[-73.047243910376579,-38.881489313289542],[-73.046259489994412,-38.881122138769783],[-73.045782447166474,-38.881130999522277],[-73.042641952668646,-38.872334576446832],[-73.039154951686314,-38.872985664852273],[-73.036256994587745,-38.873569214856033],[-73.035977410440253,-38.873625509302073],[-73.035972429999092,-38.873613655202732],[-73.0359511708551,-38.87358973709695],[-73.035811180547697,-38.873432239519794],[-73.035696260220547,-38.87320950560202],[-73.035692367254228,-38.872901596463748],[-73.035616151409755,-38.872792213316387],[-73.035597709469016,-38.872780566985902],[-73.035491510369184,-38.872713501235154],[-73.03546072857408,-38.872698958518498],[-73.035360223831603,-38.872651477109166],[-73.035303790821544,-38.872624816148544],[-73.035304776745718,-38.872588974881161],[-73.035305688393294,-38.872555872431711],[-73.035315439924858,-38.872201450448117],[-73.035049785802528,-38.872061882519979],[-73.035090077884206,-38.871751708455704],[-73.03504840614427,-38.871539282930378],[-73.034864434052537,-38.871315392210896],[-73.034760240537196,-38.871065868836538],[-73.034849226960645,-38.870910069205024],[-73.034846927483557,-38.870856174315939],[-73.034836323266788,-38.87060758483436],[-73.034808312104431,-38.87047194889319],[-73.034690350717526,-38.870504113513491],[-73.034590925138787,-38.870531223467545],[-73.034427422687145,-38.870528470713026],[-73.034322816975674,-38.870508441708395],[-73.034466735278897,-38.870373853334009],[-73.034627132696869,-38.870213957113954],[-73.034646945893769,-38.870194205541004],[-73.034664548101631,-38.869937976991245],[-73.034645052979641,-38.869929364612808],[-73.034554856236113,-38.869889517593663],[-73.034509723714493,-38.869895561516444],[-73.034452608437391,-38.869903210263153],[-73.034350360603128,-38.869916902842],[-73.034339203410411,-38.869844783892781],[-73.034328539218677,-38.869815389846131],[-73.034297113351144,-38.869728770638758],[-73.034292518790025,-38.869716107520027],[-73.034285432592966,-38.86969657435003],[-73.034275832183596,-38.869670112180387],[-73.034318056965375,-38.869639707469098],[-73.034479501613404,-38.869523456614751],[-73.034516088010548,-38.869391584250984],[-73.034530578757838,-38.869339351519855],[-73.034402165787071,-38.869229293314675],[-73.034307095807435,-38.869169783511303],[-73.034098507142943,-38.869039214310362],[-73.03409403992795,-38.868982862694004],[-73.034090058505612,-38.868932640037087],[-73.034175529573645,-38.868706469733226],[-73.034218846837391,-38.868591840501097],[-73.034348591132058,-38.868557342785543],[-73.034681781839126,-38.868468751070488],[-73.034788522550869,-38.868440370230964],[-73.034966280872482,-38.868434714187458],[-73.035657462194862,-38.868264180541999],[-73.03600736678375,-38.868177847627898],[-73.036062620648835,-38.868158586591548],[-73.036115041963143,-38.868140313177129],[-73.036220713086664,-38.868103477462718],[-73.036778077558978,-38.868045906902395],[-73.036834806487732,-38.868040047180941],[-73.036892124900191,-38.868034126161845],[-73.036949443304309,-38.868028205114342],[-73.036954385704945,-38.86802769443328],[-73.037158291865666,-38.868006631674398],[-73.037440167032301,-38.867920970728846],[-73.037621796721453,-38.867865773301766],[-73.037776111408448,-38.867825672989547],[-73.037885397620755,-38.86779727350924],[-73.038304643630198,-38.867688326829501],[-73.038715585224296,-38.867585213932877],[-73.038733828034594,-38.86758063675336],[-73.038752070842662,-38.867576059570915],[-73.038858562484563,-38.867557557034047],[-73.038914604471614,-38.867547820182658],[-73.038965055227152,-38.867539054417847],[-73.039506455055985,-38.867444987863657],[-73.040555886302968,-38.867207716392869],[-73.041247570067753,-38.867090900512636],[-73.041773727503909,-38.866916769431249],[-73.041951297246698,-38.866881628210635],[-73.042535951285956,-38.866765924368579],[-73.043370890025415,-38.866638665006178],[-73.044280223080435,-38.866483071850723],[-73.045223582837011,-38.8661950499406],[-73.045757207860291,-38.866057896467616],[-73.046328636226946,-38.865893670550996],[-73.046962565010858,-38.865751620469069],[-73.050368669138322,-38.865033552515079],[-73.050441542747166,-38.864893704606864],[-73.052062629927676,-38.864567586557563],[-73.053193479835898,-38.86434007561413],[-73.053938665241262,-38.864190148160233],[-73.055289037946963,-38.86391269689274],[-73.05638334288615,-38.863687845696546],[-73.057729213560776,-38.863429413024427],[-73.058909229356246,-38.863202812889853],[-73.059835030942494,-38.862962658738958],[-73.060235919616048,-38.862891342644176],[-73.060120493793121,-38.86237591869115],[-73.05994820574044,-38.861993274886082],[-73.05989570777524,-38.861876679361117],[-73.059780637578584,-38.8616583232388],[-73.059665562523691,-38.861439958811935],[-73.059519650319331,-38.861163075994966],[-73.059465856072848,-38.861038846690626],[-73.058951780828167,-38.859851649766654],[-73.058563061894688,-38.858993685186405],[-73.058423065402749,-38.858396670161916],[-73.058372847047565,-38.85813265379165],[-73.058312175979296,-38.857813679031622],[-73.058231586332298,-38.857280691578154],[-73.057982585644453,-38.856555727303387],[-73.057718379388561,-38.855785455376989],[-73.057645752856914,-38.855447111548202],[-73.057605796449323,-38.855260964554795],[-73.057399200433977,-38.854703365601253],[-73.056990966413778,-38.853962236670277],[-73.056801534071624,-38.853042100381998],[-73.058393490504841,-38.852676207965793],[-73.058483398478558,-38.852655542673418],[-73.060599231693416,-38.852169200902196],[-73.061040765284062,-38.852067704612722],[-73.061181505083539,-38.852035352281831],[-73.061337034120257,-38.851994403359129],[-73.061518031202539,-38.851946749771777],[-73.061854557673854,-38.851858146287881],[-73.062952564968072,-38.851677841347062],[-73.063834887524195,-38.851436192465648],[-73.06406666172137,-38.851360378458146],[-73.064441768158616,-38.851244824229035],[-73.064623015487442,-38.851192682710938],[-73.064807405549573,-38.851139325221446],[-73.065007770419399,-38.851081343991702],[-73.065326405321841,-38.851000299147472],[-73.065553320730871,-38.850954427276683],[-73.065736596484513,-38.850957463574687],[-73.065788330043702,-38.850870086331334]]]]},"properties":{"OBJECTID":73,"NOMBRE":"Molco Bajo","LUGAR":"Molco Bajo","Shape_Length":22271.97185288135,"Shape_Area":14861491.807572547}},{"type":"Feature","id":74,"geometry":{"type":"Polygon","coordinates":[[[-73.035977410440253,-38.873625509302073],[-73.036256994587745,-38.873569214856033],[-73.039154951686314,-38.872985664852273],[-73.042641952668646,-38.872334576446832],[-73.045782447166474,-38.881130999522277],[-73.046259489994412,-38.881122138769783],[-73.047243910376579,-38.881489313289542],[-73.048197107581657,-38.88197307045327],[-73.048548884327218,-38.882262451081274],[-73.049574441238818,-38.883138917620442],[-73.049808900939567,-38.883439667852841],[-73.049866975457377,-38.883850076949791],[-73.050057046637576,-38.884321156930184],[-73.050291776547795,-38.884563534903499],[-73.050446515058411,-38.884769442148738],[-73.051980279893158,-38.884468127363817],[-73.052644696081501,-38.886409028261852],[-73.05313020340067,-38.888222173141273],[-73.054661577796111,-38.892014184689643],[-73.06280640697068,-38.889986593947079],[-73.064537693117956,-38.893407671136686],[-73.068159230093244,-38.903589691583974],[-73.066201667311503,-38.904028691500038],[-73.066165569207158,-38.904346276212813],[-73.059411566638857,-38.905661669242939],[-73.058502843710613,-38.902801926630254],[-73.056562799242741,-38.896861380046701],[-73.056120086495781,-38.896904456249949],[-73.050588526682944,-38.897863409963712],[-73.049527840766203,-38.89804730115582],[-73.050646714461791,-38.898982792338828],[-73.051764275403897,-38.900412550702065],[-73.051833007807929,-38.900906916376741],[-73.052392102238628,-38.901511892142182],[-73.053927528626161,-38.903930893016778],[-73.054905311452032,-38.905236854934195],[-73.056444286383424,-38.906447477093117],[-73.058056252835243,-38.906614751723922],[-73.059458623130453,-38.906507092848479],[-73.061139469966932,-38.907113736960554],[-73.063311411001507,-38.907611395419593],[-73.065956885528607,-38.914700127546872],[-73.065956246226804,-38.914919835444444],[-73.065184461201667,-38.915138381992413],[-73.064201993120946,-38.91546639673647],[-73.0631497518375,-38.91568451135857],[-73.06384677101488,-38.917223385248462],[-73.057465738325206,-38.917433365954089],[-73.05683753876886,-38.916388819540636],[-73.057469017083207,-38.91622510653967],[-73.061399554043447,-38.914693340161882],[-73.060841497869916,-38.913648988573186],[-73.059580051820475,-38.913427311822517],[-73.059160409771223,-38.913042245292658],[-73.059091219877104,-38.9127126433849],[-73.057758974482184,-38.912765520883184],[-73.057547558499166,-38.913149640011049],[-73.057057275678574,-38.912984099702669],[-73.056496075871109,-38.913093037479257],[-73.056215308119519,-38.913202409595968],[-73.055725769589287,-38.912762295396206],[-73.054672462263994,-38.91336480079886],[-73.053058337493454,-38.913911457396019],[-73.051653443387949,-38.914842826366055],[-73.050388435996823,-38.915884345706608],[-73.050945342758581,-38.917313210985036],[-73.034538331549882,-38.917340550106267],[-73.018131406228633,-38.917365581521459],[-73.017016856229162,-38.91516668552071],[-73.015836169681279,-38.911814288459418],[-73.014654593502243,-38.908736442181166],[-73.013333464540239,-38.905493604588571],[-73.018664485536206,-38.904515188283511],[-73.018946349577718,-38.904076394927039],[-73.018887256972818,-38.900726119086805],[-73.018959484557797,-38.900067201827646],[-73.018680675788559,-38.899572406450751],[-73.018402656824463,-38.898857906122259],[-73.019009483921238,-38.898309408711917],[-73.018055849599691,-38.897758835267567],[-73.017636826753701,-38.89726372784164],[-73.017581069382032,-38.897054093592693],[-73.017475275958532,-38.896656329909035],[-73.017483172320468,-38.896654613303525],[-73.017694107999858,-38.896613083752385],[-73.01775283931498,-38.896601519857931],[-73.017918101420094,-38.896568982347148],[-73.01864501533197,-38.896425861253896],[-73.01962925346119,-38.896259107587362],[-73.020621775899286,-38.896003672648376],[-73.02172005016368,-38.895721010928945],[-73.019712170633881,-38.890814066483451],[-73.019138731903141,-38.889412549592727],[-73.01877830433132,-38.888531614991066],[-73.018708193096472,-38.888360249558559],[-73.018518586991505,-38.887809343360296],[-73.018414890535368,-38.887508047419793],[-73.018556767762917,-38.887269962570691],[-73.018589574343068,-38.886985182381871],[-73.018618377407094,-38.886735144011155],[-73.018554767938468,-38.886562534563105],[-73.018270626991793,-38.885791479038453],[-73.018192882075283,-38.885657228069618],[-73.017954826477293,-38.885386538336583],[-73.01783730745089,-38.885252907455644],[-73.017776122675073,-38.885136757246492],[-73.017571361982576,-38.884748044704402],[-73.017512967107706,-38.884637188482493],[-73.017213977459562,-38.884069582154048],[-73.016630611301522,-38.882962086329314],[-73.016614746111131,-38.882931966266831],[-73.01666296911398,-38.882932827068579],[-73.017747893773233,-38.882676441681042],[-73.017528320979963,-38.881967870104276],[-73.017459950251379,-38.881747233076169],[-73.017532359429921,-38.881687780592209],[-73.017730477517532,-38.881525110713405],[-73.017816898693297,-38.881454152753179],[-73.019026908773824,-38.88109847081509],[-73.019138232458772,-38.881043245804989],[-73.022533928188238,-38.880148093306289],[-73.022938044875445,-38.880041554270434],[-73.022969937508421,-38.880111396058624],[-73.023080778650169,-38.880432474545316],[-73.023087289950894,-38.880451336346091],[-73.023281765779458,-38.881113642638951],[-73.023307451534862,-38.881201117984837],[-73.023432684050761,-38.881329059670165],[-73.023489278281076,-38.881386878019583],[-73.02355503825207,-38.881676344729286],[-73.023593199571081,-38.881844321040418],[-73.023613314955938,-38.881932862540566],[-73.023620799860666,-38.881965811421843],[-73.023687172288149,-38.882257963596217],[-73.02507635879256,-38.881888710891083],[-73.025931966489949,-38.881717911586172],[-73.026583287369974,-38.881525954349321],[-73.026786948228491,-38.881465930632757],[-73.027217341981782,-38.881339080844377],[-73.027525430984255,-38.881248276865833],[-73.028724304699267,-38.880894919554827],[-73.02977216311335,-38.88058094356159],[-73.030641619118512,-38.880340668414092],[-73.031998496547757,-38.880046308994267],[-73.032734105876798,-38.879886718517959],[-73.036940185074457,-38.878735717800559],[-73.038052529027325,-38.878460464154585],[-73.038519887748564,-38.87837891759051],[-73.039014138561498,-38.878237079885501],[-73.039040917877983,-38.878229395132678],[-73.039073240609127,-38.878220118544512],[-73.039093723632988,-38.878214240024143],[-73.039396945991982,-38.878127221434056],[-73.040036418665494,-38.877943701498815],[-73.040523030117612,-38.877804048352843],[-73.040668273204943,-38.877762364032428],[-73.04093310811929,-38.877686357477302],[-73.041095772673586,-38.877593727242989],[-73.041152393262493,-38.877475476731945],[-73.041125506988621,-38.87734390506656],[-73.041023630909976,-38.877271188909162],[-73.040749192776616,-38.877164749251001],[-73.040604389348573,-38.877162318852136],[-73.040492297719567,-38.877151866659261],[-73.040292575749689,-38.877133244059259],[-73.039952116125107,-38.877101497029656],[-73.0399316958394,-38.877097262565265],[-73.039880725380357,-38.877086692603505],[-73.039775971772841,-38.877064970164533],[-73.039623358690349,-38.876896212969413],[-73.039554516674045,-38.876694111955395],[-73.039492939374767,-38.876620006046757],[-73.039338015089129,-38.876430130695937],[-73.039261581310114,-38.876334715995277],[-73.039232521843203,-38.876284186747966],[-73.03918223907813,-38.876196754757189],[-73.039031782642269,-38.876122707281219],[-73.038877111382007,-38.876091205378543],[-73.038798669704988,-38.876083276634269],[-73.038583613876966,-38.876061538123331],[-73.038544933988135,-38.875949118499214],[-73.038530544570662,-38.87590729815291],[-73.038510959198092,-38.875850374639008],[-73.038426107645137,-38.875689369889443],[-73.038275161601192,-38.875633192592922],[-73.038101954209267,-38.875651985188846],[-73.03807713778545,-38.875654677616119],[-73.037927329892767,-38.87558709829657],[-73.037882933321512,-38.87555637533621],[-73.037782084503931,-38.875486586714622],[-73.037576610788975,-38.875409707794937],[-73.037482909220344,-38.875364842941835],[-73.037337646477425,-38.875295290313375],[-73.037198430668852,-38.875221978213737],[-73.037192004441437,-38.875209789899124],[-73.03714824914195,-38.875126794500993],[-73.037043795939539,-38.874928666942587],[-73.036997091938744,-38.874840076894309],[-73.036942325153007,-38.874749642869894],[-73.036900597433814,-38.874680739526596],[-73.036841879979093,-38.874576593643987],[-73.036833269141965,-38.874561321248493],[-73.036777114441151,-38.874522253820217],[-73.036679779764484,-38.874454537183929],[-73.036668021801972,-38.874437981024847],[-73.036572920715969,-38.874304072595343],[-73.036438610426842,-38.874004444558238],[-73.03634883492434,-38.873954140380278],[-73.036276902896873,-38.873913835101625],[-73.036043626118271,-38.873783123433476],[-73.036018798608268,-38.873724025403753],[-73.035982106373652,-38.873636686437493],[-73.035977410440253,-38.873625509302073]]]},"properties":{"OBJECTID":74,"NOMBRE":"Corte Alto","LUGAR":"Corte Alto","Shape_Length":24406.665785248311,"Shape_Area":14965528.488733226}},{"type":"Feature","id":75,"geometry":{"type":"Polygon","coordinates":[[[-73.051980279893158,-38.884468127363817],[-73.064586184269416,-38.880886820479574],[-73.064718519133095,-38.880851178724399],[-73.064480249620956,-38.880398060574095],[-73.065032817777748,-38.879185295185039],[-73.065234984765965,-38.878285175124077],[-73.065138811420198,-38.876875808043032],[-73.070336460933291,-38.875708923059584],[-73.071328277144602,-38.87852887971593],[-73.075326147680499,-38.877790753696885],[-73.075277221772581,-38.877360056329408],[-73.084872695768468,-38.875141573186312],[-73.084971902619188,-38.875464628464862],[-73.086511502930549,-38.879234575974806],[-73.091909676492364,-38.877714714855294],[-73.091774669192446,-38.877346488145406],[-73.091864737396847,-38.877319582780991],[-73.095187830646836,-38.876326239068277],[-73.096080700044581,-38.878385672581977],[-73.101168522540263,-38.876049360945288],[-73.101153591558628,-38.876396040795264],[-73.101006413529618,-38.876808134588273],[-73.10078640629736,-38.87714237941119],[-73.10061089144412,-38.877540497687896],[-73.100551377903216,-38.878233374555919],[-73.100551214673402,-38.878967665077795],[-73.100330794539076,-38.879563332278266],[-73.100651881358203,-38.880438070224713],[-73.100899968525439,-38.881266575384295],[-73.100738307811696,-38.88243975165804],[-73.100971053001842,-38.883655468226877],[-73.100757452703732,-38.884226563356073],[-73.100330479538044,-38.884806797814406],[-73.099666571088875,-38.885584426199557],[-73.099318517747065,-38.886127655034258],[-73.099033519054871,-38.886633983625927],[-73.09954822946824,-38.887488723520633],[-73.099518266681173,-38.887938756515354],[-73.099707791236838,-38.888721267462302],[-73.099823955732461,-38.88960618352997],[-73.099677225265296,-38.890410246118073],[-73.099427562770728,-38.891095429752717],[-73.099031711905113,-38.891782827396135],[-73.098899511126419,-38.892415871483863],[-73.098386671236412,-38.892758943863839],[-73.097727351810263,-38.89351411253876],[-73.09753629722654,-38.894029083978154],[-73.097419059207795,-38.894617326608703],[-73.097110717019945,-38.895234074125625],[-73.09656875680038,-38.895612697984674],[-73.095250462244906,-38.896298458511296],[-73.0948843461032,-38.896891645213444],[-73.095050378253333,-38.89771242570486],[-73.095269227195701,-38.898552896042595],[-73.095267875803245,-38.899133568675538],[-73.095408030484521,-38.899862759345446],[-73.095611759206534,-38.900419030467134],[-73.094902796146997,-38.900146302044952],[-73.094382911309793,-38.8999356623019],[-73.094178670905066,-38.899626485967005],[-73.094053427925743,-38.899243287239621],[-73.093723153695905,-38.898872235243083],[-73.093076941291329,-38.89873546925979],[-73.0920994959654,-38.898672471494955],[-73.091153655685801,-38.89854773285748],[-73.090207729966053,-38.898472441708172],[-73.088993608199843,-38.89847085739958],[-73.087968910799816,-38.898358404948013],[-73.086881095092309,-38.898295177341645],[-73.084926276192448,-38.898132045434096],[-73.084246150658259,-38.897934947679559],[-73.083635895811057,-38.897473149177905],[-73.083028709923653,-38.896904646745298],[-73.082218853167376,-38.896610905995132],[-73.081705488896333,-38.896202758940746],[-73.08096070829464,-38.896073855455619],[-73.080091457899613,-38.89576561059026],[-73.079413975735321,-38.895542312512404],[-73.078436831946604,-38.895367950188785],[-73.077759355975388,-38.895194100046275],[-73.076594484427488,-38.895483545020703],[-73.069429282446407,-38.897082468379459],[-73.067943704841156,-38.893420135681318],[-73.067947912789577,-38.893419215086844],[-73.067711378455712,-38.892777131640266],[-73.064537693117956,-38.893407671136686],[-73.06280640697068,-38.889986593947079],[-73.054661577796111,-38.892014184689643],[-73.05313020340067,-38.888222173141273],[-73.052644696081501,-38.886409028261852],[-73.051980279893158,-38.884468127363817]]]},"properties":{"OBJECTID":75,"NOMBRE":"Molco Alto","LUGAR":"Molco Alto","Shape_Length":14019.669623510978,"Shape_Area":7519240.8437874336}},{"type":"Feature","id":76,"geometry":{"type":"Polygon","coordinates":[[[-72.889882222153076,-38.85603026976343],[-72.889698529081699,-38.855750192891541],[-72.889658518925074,-38.855689188288984],[-72.88879988965779,-38.853485178859216],[-72.888745852116742,-38.853358138117471],[-72.888715700286625,-38.853287255103417],[-72.888637406843159,-38.853103189382047],[-72.888009963177524,-38.851527926579529],[-72.887598716011382,-38.850495407062404],[-72.887405444180175,-38.849982454911292],[-72.886758538433213,-38.848265482577091],[-72.886552813169487,-38.847855765818551],[-72.885898457902599,-38.846552533451309],[-72.88585769276095,-38.846384916926844],[-72.889926502663243,-38.84536161079486],[-72.89040561039802,-38.845241534012629],[-72.890477932209322,-38.845202687297906],[-72.894255416712667,-38.844254764510566],[-72.894974568558467,-38.844089367283885],[-72.896553598049863,-38.843774071339084],[-72.899518150747255,-38.843081650777528],[-72.901415365207725,-38.84263847775501],[-72.903081407800158,-38.842247625788289],[-72.904206175115348,-38.841983986680688],[-72.90480171485045,-38.841844390124152],[-72.905104437140679,-38.842645675858769],[-72.905670461295017,-38.844133898072421],[-72.906678462986264,-38.847184396598557],[-72.907693119037077,-38.84936786679603],[-72.90761877990704,-38.849421536129192],[-72.907642272875918,-38.84948743227406],[-72.907147629816308,-38.849701092201528],[-72.907053541998934,-38.84973961495897],[-72.906209571807153,-38.850085161303028],[-72.905817316699938,-38.850253603457077],[-72.904477321029034,-38.850829009870672],[-72.904275665576662,-38.851010715781875],[-72.904266511809681,-38.851018964379065],[-72.904199985361046,-38.851148346428687],[-72.904024512738488,-38.851532712784049],[-72.903882534417647,-38.851796735972819],[-72.903827347020808,-38.851899361671393],[-72.903532214557785,-38.852009192339324],[-72.90319693730045,-38.852070830575038],[-72.902955070586529,-38.852111910989855],[-72.902815210622407,-38.8521204769525],[-72.902618665737322,-38.852132515175214],[-72.902562777666716,-38.852178244819903],[-72.902288650462907,-38.852402544216211],[-72.90205824915337,-38.852352050881457],[-72.901818451927895,-38.852299496978638],[-72.9012881919286,-38.852220085231231],[-72.901202575042092,-38.852207263483791],[-72.900772291736772,-38.852118455824851],[-72.900484405594938,-38.852113316142763],[-72.900317767143548,-38.852173371576534],[-72.900250622782309,-38.85235239042624],[-72.899936605045951,-38.852522465519868],[-72.899628297648704,-38.852494336966124],[-72.899420743663228,-38.852591383772221],[-72.899419634898322,-38.852591901737277],[-72.899236279721265,-38.852606482684912],[-72.899171800575715,-38.852605322461656],[-72.899122011119644,-38.852604426537006],[-72.899005638736867,-38.852673851532039],[-72.89898993259213,-38.85283301573952],[-72.89898391634128,-38.852893978261221],[-72.899016571193911,-38.853079323528782],[-72.898958511998259,-38.853239196930062],[-72.89881078907743,-38.853337858127553],[-72.89852002603493,-38.853436467412067],[-72.898203651794006,-38.853730418188711],[-72.898106835341707,-38.853809529853038],[-72.897797356053971,-38.85380393435387],[-72.897697268620689,-38.8537955654458],[-72.897591915442277,-38.853786756534227],[-72.897262005288042,-38.853812279919346],[-72.896908641812516,-38.853900542839902],[-72.89660032632645,-38.853881487552442],[-72.894671621837887,-38.85423621880858],[-72.894280171985386,-38.854308210833345],[-72.8942436539689,-38.854314927089902],[-72.894175157589174,-38.854320875523946],[-72.893920297350888,-38.854572428656894],[-72.893852486964676,-38.854639358186432],[-72.89354479826406,-38.855084318008068],[-72.893178582633098,-38.855339044752107],[-72.892784957488047,-38.855498596573597],[-72.890537339445743,-38.855910283903896],[-72.890145688160459,-38.855982015884351],[-72.889882222153076,-38.85603026976343]]]},"properties":{"OBJECTID":76,"NOMBRE":"Fdo. Sta Clara-2","LUGAR":"Fdo. Sta Clara-2","Shape_Length":5603.0868580559218,"Shape_Area":1774512.8811681168}},{"type":"Feature","id":77,"geometry":{"type":"Polygon","coordinates":[[[-72.806894736268035,-38.873607442723291],[-72.805891302523634,-38.871134638621136],[-72.802197347655039,-38.861706577473733],[-72.802292345344753,-38.861543089191493],[-72.803054764888429,-38.861357211007629],[-72.803219457433315,-38.861317057076015],[-72.805316051259993,-38.860805871471548],[-72.805696967114486,-38.860719256149231],[-72.805862441031465,-38.860681629673046],[-72.806267662677996,-38.860589484755458],[-72.807696448754129,-38.860197394491294],[-72.807861497953482,-38.86015840294931],[-72.808146091727593,-38.860091168976012],[-72.808311140435165,-38.860052177683656],[-72.808770886573853,-38.859943562509699],[-72.808950890586914,-38.859901036114785],[-72.809257956531511,-38.861064601511998],[-72.809521259401421,-38.861592097270574],[-72.810297982167612,-38.863368179931882],[-72.810937680723868,-38.864911889336689],[-72.810961665832636,-38.864963623105673],[-72.811256955009782,-38.865600524948157],[-72.811260052006588,-38.865607203676667],[-72.812947172024323,-38.86520183169295],[-72.813045656043485,-38.86518197939693],[-72.814363391278789,-38.864883513852234],[-72.814974299190879,-38.864738197751336],[-72.815685639872896,-38.864568985947827],[-72.816837420925637,-38.864297305970396],[-72.817673041548545,-38.864097533419361],[-72.818716454288307,-38.863840340632478],[-72.819826845529349,-38.863578375033569],[-72.819923388796582,-38.863555598282865],[-72.820631457275255,-38.863385715572193],[-72.821480216464138,-38.863215281642461],[-72.822427312536476,-38.862990118105387],[-72.823090795468332,-38.862830848683366],[-72.823852198060521,-38.862638599936965],[-72.824463464965035,-38.862513149248691],[-72.825185349646503,-38.862348493160972],[-72.825236715858011,-38.862336776374207],[-72.825845483520524,-38.862188456254152],[-72.826386789579544,-38.862039278706845],[-72.82739487605474,-38.861814153154008],[-72.82857525469089,-38.861530569700868],[-72.828996935099212,-38.861431795839799],[-72.829859169326909,-38.861218134547975],[-72.83001078786593,-38.861353790999551],[-72.830162405799612,-38.861489448146862],[-72.830091390984606,-38.861537966205674],[-72.830075725288609,-38.861601359894813],[-72.83006719654243,-38.861635874352146],[-72.830123368174668,-38.861894385328632],[-72.830414446219621,-38.862247439726886],[-72.830448963371083,-38.862289306409551],[-72.83083163704481,-38.862525294286563],[-72.831006509113109,-38.862633133718624],[-72.831413806241557,-38.862875641061905],[-72.831522166844906,-38.862972889797206],[-72.831593466453469,-38.863135130667757],[-72.83161852659417,-38.8634899504342],[-72.831598946028933,-38.863707380863197],[-72.83155710378972,-38.864080883002785],[-72.831454573924859,-38.864344271516138],[-72.83109205185022,-38.864725469083965],[-72.830938810682483,-38.865060036878113],[-72.830934392397722,-38.865204088826076],[-72.830893918623062,-38.865634816249319],[-72.830891979675357,-38.865999524872201],[-72.830842034958266,-38.866202493555328],[-72.830710785428451,-38.866341099059142],[-72.830619044666548,-38.86685267428593],[-72.830508533447187,-38.867134456403839],[-72.830276127560424,-38.867187634506507],[-72.830169317842405,-38.867316228286448],[-72.83020223417401,-38.86760521259572],[-72.830052409419366,-38.86779609505016],[-72.830031965887841,-38.867820196575295],[-72.829837982127373,-38.868048896192199],[-72.829904416762844,-38.868197485429548],[-72.829970851635025,-38.868346075534014],[-72.830004175961975,-38.868420610877997],[-72.829960184834135,-38.868473015305042],[-72.829883859729662,-38.868563937191631],[-72.829763541881533,-38.868707262442115],[-72.829726118099742,-38.86877798671793],[-72.829655236596665,-38.869064941268455],[-72.829637803592576,-38.869239806440838],[-72.829169038615433,-38.869335161074531],[-72.816792132183167,-38.871852046592295],[-72.806894736268035,-38.873607442723291]]]},"properties":{"OBJECTID":77,"NOMBRE":"Recondo","LUGAR":"Recondo","Shape_Length":7408.9269458497638,"Shape_Area":2223462.7960305256}},{"type":"Feature","id":78,"geometry":{"type":"Polygon","coordinates":[[[-72.91404576230417,-38.895025481657569],[-72.913779075291302,-38.89488380712374],[-72.913434310061277,-38.894700653208979],[-72.91353736392341,-38.894630150451135],[-72.913539456300029,-38.894558669046774],[-72.913379414106089,-38.894398465666733],[-72.913191095450856,-38.89426636493134],[-72.913186683357097,-38.89409433185088],[-72.913054682848198,-38.893457748706048],[-72.913034551549785,-38.893360661969112],[-72.9130479780911,-38.893321857950262],[-72.913186382230109,-38.893025721371536],[-72.913351797075578,-38.892706240806355],[-72.913464659778001,-38.892488258014609],[-72.913863960971909,-38.891881480578121],[-72.913996706297965,-38.891766529765931],[-72.914058068030215,-38.891713393734832],[-72.914048476190558,-38.891685362625196],[-72.914001932712964,-38.891549350049957],[-72.913244835033055,-38.889336832992207],[-72.911468825627367,-38.884929193917202],[-72.911429423329253,-38.884831398894327],[-72.911321015787522,-38.884562340181056],[-72.911498643900288,-38.8844788669346],[-72.911760119909502,-38.884355987856139],[-72.912583397747468,-38.88414045570066],[-72.913355896436201,-38.883938210994309],[-72.913354754771476,-38.883934481963109],[-72.913483878487767,-38.883904704662484],[-72.916783655622567,-38.883143724715858],[-72.919796494268098,-38.88248714367365],[-72.919936343617294,-38.882456666405069],[-72.920393254626092,-38.88235215318727],[-72.920386018248635,-38.882626142752841],[-72.920381179211503,-38.882809347013904],[-72.920942629319185,-38.884310507318268],[-72.921007125109327,-38.88448294754793],[-72.921037175447523,-38.884563290306467],[-72.921103899050209,-38.884942444036263],[-72.921179783389562,-38.885373641971917],[-72.921319749681373,-38.885583159914432],[-72.921330186239132,-38.885586085795779],[-72.921422866751584,-38.885612063974307],[-72.921516810246573,-38.885851422244393],[-72.921584269408257,-38.886023299509425],[-72.921948837785919,-38.886952156963027],[-72.922049720120697,-38.88720556008338],[-72.922660129890332,-38.888738797663144],[-72.922912366692529,-38.889372349762475],[-72.923155510666021,-38.889964411239639],[-72.923585424888131,-38.891011243265716],[-72.923964298130514,-38.892054985339676],[-72.924485216132481,-38.893489988011346],[-72.924574989822645,-38.893737287813991],[-72.924813153393842,-38.894455967515896],[-72.924828026438519,-38.894500848046761],[-72.925255691116575,-38.895791348530537],[-72.925385834525642,-38.89618405378387],[-72.926084363103513,-38.898291831823464],[-72.926488898317217,-38.899512469964279],[-72.926678052557818,-38.899637621930083],[-72.926694949258319,-38.899680750524745],[-72.926707138021158,-38.89980913429045],[-72.926782061370446,-38.900085321175737],[-72.926817528829659,-38.900275126854552],[-72.926895382796687,-38.900425232098122],[-72.927000020890461,-38.900459421295118],[-72.927033688462359,-38.900545352682485],[-72.926823083984516,-38.900616961862752],[-72.926478249128223,-38.900734210592155],[-72.926399572681916,-38.900690023091002],[-72.926314987363213,-38.900512315761766],[-72.925996346615733,-38.900291083555551],[-72.925640753567336,-38.900290889146895],[-72.925395396719125,-38.900357964917276],[-72.925174662104595,-38.900425117479941],[-72.924892622894589,-38.900357674777709],[-72.92462317202417,-38.900021194748007],[-72.924402824537523,-38.899588656899539],[-72.924216201351214,-38.898771969021048],[-72.924050811596729,-38.898460310038132],[-72.923752555661281,-38.898427618865284],[-72.923354856316834,-38.898440362298253],[-72.923006792458409,-38.89847903077591],[-72.922592459821743,-38.898537237755349],[-72.922310670207565,-38.898634376335615],[-72.92202879599958,-38.89882898468538],[-72.921829907470212,-38.89889372671945],[-72.921515014587584,-38.898906586728501],[-72.921100767762255,-38.89889326385115],[-72.920880539049051,-38.898636744916409],[-72.920733126523174,-38.898445933489242],[-72.920676351108582,-38.898231333191035],[-72.921052141322264,-38.897757159638132],[-72.921284464239847,-38.897432671345605],[-72.921201817200796,-38.897198872760697],[-72.921019644953759,-38.89712085817505],[-72.920638493567239,-38.897120643907577],[-72.920406599839524,-38.89702958139322],[-72.920058808061384,-38.896912491218913],[-72.919760645040171,-38.896782410600686],[-72.919040495891153,-38.896064485817753],[-72.918775697371089,-38.895817619276698],[-72.918461171999539,-38.895505815053028],[-72.918290201960914,-38.895350523218674],[-72.9179225142273,-38.895254241469658],[-72.917456552411664,-38.895215479924353],[-72.917036322425488,-38.895297074337002],[-72.916580557147782,-38.895364879749458],[-72.916116612109022,-38.895416503593708],[-72.915718838410356,-38.895481107102256],[-72.915105815116775,-38.895415748013079],[-72.914592238378759,-38.895298472378279],[-72.91404576230417,-38.895025481657569]]]},"properties":{"OBJECTID":78,"NOMBRE":"Lumahue","LUGAR":"Lumahue","Shape_Length":5856.940243586123,"Shape_Area":1375271.0566190183}},{"type":"Feature","id":79,"geometry":{"type":"Polygon","coordinates":[[[-72.898330843940769,-38.874846098263085],[-72.899549571611232,-38.874889129886355],[-72.899896562659066,-38.874884572471124],[-72.899895220910764,-38.874876118338953],[-72.900020206374776,-38.874890288332558],[-72.900026475996455,-38.875703373715638],[-72.900029643001616,-38.875712904969838],[-72.90071828869651,-38.877785175662282],[-72.900768036397537,-38.877934871905289],[-72.901309946359419,-38.879466904263516],[-72.901369678918613,-38.879617345600401],[-72.901484643225373,-38.879671195269871],[-72.901700332078448,-38.880218617751893],[-72.901972225072399,-38.880929158815157],[-72.902016512418854,-38.881082528048331],[-72.902014589976091,-38.881147874554685],[-72.902040046805666,-38.881157101774534],[-72.901659260697826,-38.881286255135976],[-72.901567412065717,-38.881307899968554],[-72.899853074646245,-38.881743581604212],[-72.899667727289014,-38.881804031080229],[-72.899044450437472,-38.881973529179213],[-72.897670073755691,-38.882347272260986],[-72.896948024380237,-38.882499975265411],[-72.896633918774143,-38.882561613032927],[-72.89654116878468,-38.8825851802359],[-72.894836265355252,-38.882943495524913],[-72.89483532625205,-38.882941021496464],[-72.894818983257196,-38.882897952449596],[-72.894786909091337,-38.882813427403477],[-72.894178122392319,-38.881209045920272],[-72.893997688813144,-38.880752115242231],[-72.893978651171381,-38.880709647995232],[-72.892445235520952,-38.876849029366689],[-72.892308750861105,-38.876505388658266],[-72.892286028915052,-38.876448179623992],[-72.892400430882248,-38.876432415777607],[-72.892836312953889,-38.876372354932606],[-72.893629605630466,-38.876030300155307],[-72.894067307165415,-38.875794970487178],[-72.895374343997943,-38.875756756474431],[-72.895431627832309,-38.875755080792189],[-72.895488911638708,-38.875753405982302],[-72.895492495185223,-38.875750947720022],[-72.895621352825273,-38.87566256823483],[-72.896047952946731,-38.875369971703144],[-72.896048181051768,-38.875369975814493],[-72.896274650721168,-38.87536051776101],[-72.896546890241623,-38.875216791571624],[-72.896776702267658,-38.875094744829063],[-72.896833406068282,-38.875006352372623],[-72.897335346558066,-38.87485512228691],[-72.897567067823815,-38.874852756364035],[-72.897637355279656,-38.874898589678686],[-72.89780240519417,-38.874950465280776],[-72.898021692489124,-38.87496114573424],[-72.898330843940769,-38.874846098263085]]]},"properties":{"OBJECTID":79,"NOMBRE":"Patrahue","LUGAR":"Patrahue","Shape_Length":2866.8540082941122,"Shape_Area":506135.15675938898}},{"type":"Feature","id":80,"geometry":{"type":"MultiPolygon","coordinates":[[[[-72.884076854498161,-38.888434421890715],[-72.883859507664795,-38.887880514209463],[-72.883809843322894,-38.887753944691525],[-72.883753484946112,-38.887598891423778],[-72.883508130681662,-38.886923868106926],[-72.883170606241706,-38.885995239818293],[-72.883063163530181,-38.885826773380785],[-72.882979711695668,-38.885695925345601],[-72.882959544991522,-38.885645307786028],[-72.889007132095657,-38.884124879369161],[-72.890909136077923,-38.883797608051282],[-72.892130685720417,-38.886967136381891],[-72.89213864570111,-38.886984230171343],[-72.891967577172153,-38.887143631159297],[-72.891144891622261,-38.88791019099088],[-72.89080527527301,-38.888297539942208],[-72.890573948102215,-38.888816115539896],[-72.890782168914811,-38.889512351929675],[-72.890810503819893,-38.890206237491668],[-72.890193883960038,-38.889670535987676],[-72.889360068863169,-38.888825970986048],[-72.888876715260622,-38.888808311155927],[-72.888459101294373,-38.888859581966734],[-72.888085327921431,-38.88899695329696],[-72.88735493062272,-38.889109852125429],[-72.886565750311021,-38.889284740888314],[-72.88595126207089,-38.889399819686233],[-72.885014251405735,-38.889581028631866],[-72.884804822750738,-38.889675138501993],[-72.884599852475475,-38.889767242928301],[-72.884469121955306,-38.889434087795671],[-72.884455828045674,-38.889400209908004],[-72.884076854498161,-38.888434421890715]]],[[[-72.857778565362736,-38.887821633325565],[-72.860070989809685,-38.887394170864333],[-72.861969377657445,-38.886788557680013],[-72.862575706854116,-38.886632197429833],[-72.864086952823058,-38.886211156430726],[-72.867071830731575,-38.885617408333403],[-72.870131078444857,-38.884928642003693],[-72.86953587895087,-38.883438714230003],[-72.869516165018155,-38.88312387935035],[-72.869516690036718,-38.883123785315874],[-72.871348457918074,-38.882794766905555],[-72.871481176758081,-38.882764144049666],[-72.876082087534073,-38.881702432731117],[-72.877211727792584,-38.884302489369496],[-72.877711958168206,-38.885453793308379],[-72.877934313313531,-38.886128564318923],[-72.878234788721528,-38.887040383704417],[-72.878605997467361,-38.888000188695564],[-72.878714382498899,-38.888302953586809],[-72.879025879797339,-38.889085816113884],[-72.879564762521994,-38.89047907430087],[-72.879767469928368,-38.891011615381004],[-72.87953431878546,-38.891140940806757],[-72.879248325660456,-38.891381672799831],[-72.878780805480332,-38.891754770853971],[-72.878377019451875,-38.892008223919063],[-72.878229531944726,-38.892194718374036],[-72.87688986714511,-38.892169670384447],[-72.876491619926597,-38.892216878559161],[-72.87578968817482,-38.892125434829062],[-72.875383639218256,-38.891932096078285],[-72.875138817522867,-38.891856120788702],[-72.87484719978174,-38.891815051719483],[-72.874509332144825,-38.891689291671305],[-72.874372460660922,-38.891638345804537],[-72.874121373750469,-38.891602927232782],[-72.874065001505201,-38.891594975209713],[-72.873994594443189,-38.891574703758117],[-72.873582012059472,-38.891455916312985],[-72.873516419024057,-38.891468253690363],[-72.873374232324608,-38.891494996665045],[-72.873120268737807,-38.891418850597049],[-72.872809720562728,-38.891398887476427],[-72.872439415928397,-38.891234796491531],[-72.872091430353365,-38.891242756408865],[-72.871821262963635,-38.891203556659214],[-72.871233520884317,-38.891267640160358],[-72.87050775088872,-38.891464187771838],[-72.869840439545996,-38.891581471877338],[-72.869516706227898,-38.891689530258887],[-72.868635296607607,-38.892059373363359],[-72.867650563016028,-38.892346532171288],[-72.866520048728674,-38.892611946907238],[-72.865685352257856,-38.892777866581362],[-72.865228904027518,-38.892754116780267],[-72.862862570089518,-38.893308657639423],[-72.861249604332443,-38.893669496618507],[-72.860861956239475,-38.893756213605513],[-72.860526947022535,-38.893831154736155],[-72.860302966080653,-38.89388125756517],[-72.860296549463484,-38.893882693284411],[-72.860595223887117,-38.894705467369953],[-72.860608224256026,-38.894723152981534],[-72.860771077071632,-38.894944701520991],[-72.860866113407809,-38.89513239095411],[-72.860889318828896,-38.895448582443706],[-72.861015125238652,-38.895772022601008],[-72.861251840667109,-38.89633561784256],[-72.861362168061177,-38.89659829495141],[-72.861394121249049,-38.896677444696998],[-72.860953723716108,-38.896784006903161],[-72.859715188187039,-38.897083682082986],[-72.859709699200167,-38.897085010437117],[-72.858699557392555,-38.89718854422982],[-72.85683221236927,-38.897529375736276],[-72.852558263783962,-38.898508570337128],[-72.847954410740542,-38.899581066477388],[-72.843349723417717,-38.900651471681371],[-72.842988017028986,-38.899059687414663],[-72.841886530653952,-38.896225041722694],[-72.845986740119784,-38.895228438040832],[-72.846509944983481,-38.895183593327829],[-72.850933268437558,-38.894174488638136],[-72.851855288515267,-38.89388031522379],[-72.855332614884574,-38.89322828322296],[-72.859606408483117,-38.892150518325174],[-72.857778565362736,-38.887821633325565]]]]},"properties":{"OBJECTID":80,"NOMBRE":"Sta Clara","LUGAR":"Sta Clara","Shape_Length":11994.519256683387,"Shape_Area":2619032.9986228272}},{"type":"Feature","id":81,"geometry":{"type":"Polygon","coordinates":[[[-72.986947797178033,-38.729321171983067],[-72.98680686750339,-38.728946225402453],[-72.986663349983374,-38.728564392346186],[-72.986585658853414,-38.728357690669576],[-72.98633446584391,-38.72770515857993],[-72.986302855397781,-38.727623043136745],[-72.98616490995515,-38.727264692356719],[-72.98612402552763,-38.72716822722802],[-72.985959028187395,-38.726778920103044],[-72.985711201018347,-38.72619416799003],[-72.985537482241341,-38.725721277565569],[-72.986598963298107,-38.725468027356165],[-72.989181733718652,-38.724729033376583],[-72.989401982460677,-38.724673935971978],[-72.989526473618284,-38.724642004183394],[-72.990790543925982,-38.724274010643029],[-72.992009168800578,-38.723919230291642],[-72.992980514514116,-38.723661272285966],[-72.993112298038056,-38.723624785382285],[-72.995082062853669,-38.723079397426872],[-72.995490673298477,-38.722979731141344],[-72.999509136291422,-38.721999470261387],[-73.000204888142775,-38.721828513901578],[-73.000927151041751,-38.721651038042943],[-73.001604371160241,-38.721484623804258],[-73.002284995427132,-38.72131736994038],[-73.003035014311664,-38.721133056786158],[-73.003253678614357,-38.721079319699058],[-73.003639812098115,-38.720990418260719],[-73.003689342841568,-38.721122445844394],[-73.003689649903208,-38.721122364587693],[-73.003797476081459,-38.721425526664554],[-73.003901192930229,-38.721717135360549],[-73.004008921623097,-38.72202001713994],[-73.004359811304994,-38.723006541244573],[-73.005010428589003,-38.724718371794303],[-73.00527027190526,-38.725014674321017],[-73.004810645468055,-38.725010858030814],[-72.9874968327522,-38.729188738873113],[-72.987112676351728,-38.729281401074118],[-72.986947797178033,-38.729321171983067]]]},"properties":{"OBJECTID":81,"NOMBRE":"Hualacura","LUGAR":"Hualacura","Shape_Length":4213.8674914568401,"Shape_Area":735131.64764375263}},{"type":"Feature","id":82,"geometry":{"type":"MultiPolygon","coordinates":[[[[-73.00527027190526,-38.725014674321017],[-73.005612540098141,-38.725852774620144],[-73.006661916281132,-38.728458004345981],[-73.007498947975023,-38.730557381497704],[-73.007571137884426,-38.730765727654322],[-73.00804826744772,-38.732125865251398],[-73.008956542859025,-38.734714911940117],[-73.009795742104018,-38.737330246201324],[-73.01026781658031,-38.738753965810183],[-73.010673045799919,-38.740036266191659],[-73.010803980143805,-38.740402323894848],[-73.010941755916647,-38.740832627918195],[-73.010728392765714,-38.741151140005876],[-73.00975789706213,-38.741474321333158],[-73.006774798960606,-38.742211828028758],[-73.006398557317723,-38.742305244043216],[-73.006044455472832,-38.74239316173675],[-73.006054933519607,-38.742316978727132],[-73.006028078655476,-38.742242924021795],[-73.005975857023458,-38.742171267566825],[-73.005945468905708,-38.742094322332548],[-73.005932357578047,-38.742045977690445],[-73.005945871283402,-38.741949967388429],[-73.005922551151869,-38.74187880409378],[-73.005848339134843,-38.741818094092132],[-73.005759048028651,-38.741779772048254],[-73.005666537419913,-38.741727242101049],[-73.005592797904058,-38.741669659459625],[-73.005510891262361,-38.741605699363106],[-73.005352646161981,-38.741577522746695],[-73.005110288635549,-38.741584708247473],[-73.004896437245293,-38.741606532832563],[-73.004632562484474,-38.74160768863058],[-73.004521013369768,-38.74160857887847],[-73.004330631651058,-38.74161009783861],[-73.003985408938917,-38.741639904070993],[-73.003909702287757,-38.741472681428228],[-73.003828050065152,-38.741354248468575],[-73.003669690475917,-38.741154382219833],[-73.003428486562981,-38.740876723208395],[-73.003347720201148,-38.740682142390831],[-73.003342042641236,-38.740649549696322],[-73.003377857948578,-38.740564462212468],[-73.003307903811447,-38.740476541193402],[-73.003254328180446,-38.740412249064001],[-73.003204915727835,-38.740351363759125],[-73.00316290299709,-38.740330632493809],[-73.003100163196237,-38.740289532761558],[-73.002990967954844,-38.74023429716631],[-73.002953131538874,-38.740219185900663],[-73.002927995654829,-38.740209146566542],[-73.002851071343144,-38.740136634956421],[-73.00273683244346,-38.740020468216464],[-73.002718707219699,-38.739944014683424],[-73.002656309835103,-38.739857287485819],[-73.00258528451586,-38.739789448488821],[-73.002457485852617,-38.739723810694372],[-73.002427214164214,-38.739647150384585],[-73.002416569717965,-38.739593033912477],[-73.002382073596934,-38.739522646613153],[-73.002275227242635,-38.739431985846224],[-73.002190481750333,-38.739275078741493],[-73.002204838060237,-38.739196007817178],[-73.00217914719245,-38.739100390044754],[-73.002160758732828,-38.739033450678726],[-73.002151898774216,-38.738915277072458],[-73.002142757164862,-38.738807250847898],[-73.002103947625315,-38.738746307575305],[-73.002044275047382,-38.738707215917707],[-73.001937396163214,-38.738702225805625],[-73.001926396806226,-38.738700068926491],[-73.001866892688057,-38.738695715772998],[-73.001841762425755,-38.738691483612001],[-73.00178231666564,-38.738658954487796],[-73.001718949072924,-38.738607109007873],[-73.001672484303228,-38.738530170694204],[-73.001561943893179,-38.738426756539631],[-73.001506674382043,-38.738375049435483],[-73.00144374932583,-38.738307347382516],[-73.001430117885178,-38.738215108309852],[-73.001421542817027,-38.738126787003118],[-73.00143262860081,-38.738079542300888],[-73.001464936018152,-38.7379900333734],[-73.001493544082081,-38.737880447809687],[-73.001505032413846,-38.73777390516689],[-73.00153929148243,-38.737614382380137],[-73.001562156324553,-38.737558068133303],[-73.001599359156188,-38.737500930424758],[-73.001624446648066,-38.737462400476645],[-73.001651009488086,-38.737426163710687],[-73.001650341919984,-38.737420562141786],[-73.001640656327154,-38.737339260899809],[-73.001623729146701,-38.737216839560233],[-73.001619390118577,-38.73718545905934],[-73.001575447528353,-38.737081304175646],[-73.001462930889844,-38.736992654179048],[-73.001441569371906,-38.736987333939496],[-73.001420575738138,-38.736982105588183],[-73.00117532932093,-38.736921023701484],[-73.001057628029045,-38.736865639938415],[-73.000891985282081,-38.736849464452959],[-73.000795195750101,-38.736807781005773],[-73.000744207065338,-38.736803573876301],[-73.000695206289251,-38.736821726205513],[-73.000686455357084,-38.736824968063274],[-73.000649535900436,-38.7368386451815],[-73.000584568798629,-38.736877561251696],[-73.000516318667522,-38.736909368544403],[-73.000515530713685,-38.736909736209043],[-73.000416788397189,-38.73693806624383],[-73.000313184131272,-38.736936293409165],[-73.000267801282362,-38.736935516807108],[-73.000174430667926,-38.736923912743016],[-73.000089296022196,-38.736922455783272],[-73.000059441345485,-38.736921944847772],[-73.000008417137053,-38.736921071597408],[-72.999927445234007,-38.736923021473274],[-72.999876271658323,-38.736925481318437],[-72.999846411636696,-38.736925986628272],[-72.999839986278204,-38.736922486878314],[-72.999725201082825,-38.736859976583929],[-72.998887323472246,-38.736213715554477],[-72.997474000004246,-38.735187896587341],[-72.995974943167596,-38.734256111489948],[-72.995932805399832,-38.734270138254004],[-72.995332583294214,-38.734469932674564],[-72.994953614320252,-38.73458860576261],[-72.994410599243864,-38.734754585341292],[-72.994090206604071,-38.734852516607297],[-72.993867581720366,-38.734920563224783],[-72.993108131376957,-38.735157140004638],[-72.994838154078437,-38.73880147056682],[-72.994833421952947,-38.738798188819089],[-72.994692629089158,-38.738845004694873],[-72.993937587787912,-38.73903020636665],[-72.992675580148088,-38.739347110664497],[-72.990997809443712,-38.739763972342672],[-72.990935982580623,-38.739604373323523],[-72.990127359643893,-38.737516946566295],[-72.989779034249821,-38.73661858005454],[-72.989510436284263,-38.735925825395604],[-72.989269448728507,-38.735304268987363],[-72.988945520502284,-38.734468777216122],[-72.98844169569611,-38.733169246037008],[-72.987859415420118,-38.73166729668332],[-72.987708663868517,-38.731278432915715],[-72.987541645057817,-38.730848853050709],[-72.987064959329913,-38.729622762249292],[-72.987044829321903,-38.729570945421457],[-72.986947797178033,-38.729321171983067],[-72.987112676351728,-38.729281401074118],[-72.9874968327522,-38.729188738873113],[-73.004810645468055,-38.725010858030814],[-73.00527027190526,-38.725014674321017]]],[[[-73.00527027190526,-38.725014674321017],[-73.005010428589003,-38.724718371794303],[-73.004359811304994,-38.723006541244573],[-73.004008921623097,-38.72202001713994],[-73.003901192930229,-38.721717135360549],[-73.003797476081459,-38.721425526664554],[-73.003689649903208,-38.721122364587693],[-73.004070826208519,-38.721021130757627],[-73.004451043191096,-38.72092015050994],[-73.015254294763722,-38.718050317743362],[-73.019954607821262,-38.716991604539359],[-73.021940268026455,-38.716229662878199],[-73.025225390606337,-38.714944890171274],[-73.027885875674613,-38.713948125975634],[-73.028361267207089,-38.713803991917089],[-73.028684560063454,-38.713705970609226],[-73.028731965841871,-38.713840303137609],[-73.02878580884628,-38.714036542694728],[-73.028936342652841,-38.714585188436644],[-73.028995028317439,-38.714733253144288],[-73.029080780392562,-38.714949602629012],[-73.029399973496638,-38.716046886895725],[-73.029678508811713,-38.716699475488426],[-73.03009526106429,-38.717613184473826],[-73.030344495044446,-38.718159604592636],[-73.031010675448485,-38.719536924585988],[-73.031156265435328,-38.719860068874773],[-73.031251697033966,-38.720071882537901],[-73.031327139770525,-38.72023933172693],[-73.031366176332256,-38.720325974920108],[-73.031751802732273,-38.721181872186577],[-73.030582897090326,-38.721489562993014],[-73.030440247786728,-38.721527111330907],[-73.030254392480387,-38.721577968964844],[-73.029877935363317,-38.721680981949888],[-73.028179107355172,-38.722168803116887],[-73.027498566332596,-38.722351198977933],[-73.027740959694043,-38.72307195695857],[-73.028107453500013,-38.724249460406902],[-73.029183377325822,-38.726737766213951],[-73.030547212588061,-38.730444062681201],[-73.030835828161912,-38.731233626524542],[-73.03085511322864,-38.731283537739486],[-73.031330554839627,-38.732513988761063],[-73.031389547345327,-38.732666660735433],[-73.031955635404074,-38.734178793756143],[-73.03272134590074,-38.736383421703877],[-73.033652844623987,-38.739134747208787],[-73.033687086077791,-38.739235878952499],[-73.033727673722737,-38.739355757692351],[-73.033421881140626,-38.739487229751312],[-73.032681931606646,-38.73980535839906],[-73.031553225432845,-38.739914815905124],[-73.030234571179378,-38.740836261745081],[-73.02952789728856,-38.741426130826262],[-73.028369138623432,-38.741830357197102],[-73.027175793001334,-38.741829315341157],[-73.023256419347717,-38.740714644874316],[-73.023179552515543,-38.74059334701618],[-73.022975502026114,-38.740271347408935],[-73.022923659688061,-38.740179238143483],[-73.022840662162665,-38.740031775926866],[-73.022828415713434,-38.740003935062099],[-73.022930215399924,-38.739976348700687],[-73.022427327858665,-38.738803439370535],[-73.021839432502503,-38.737432212948441],[-73.021793908381866,-38.737326678929669],[-73.021316451392408,-38.736221983634707],[-73.021301867911845,-38.736188243449476],[-73.020861544719793,-38.735169433183046],[-73.020291608038647,-38.733984957249319],[-73.019799338271497,-38.732961860493475],[-73.019258850625604,-38.731785856427649],[-73.018916020786051,-38.731023776407518],[-73.018834075906028,-38.730841619459113],[-73.017867600924887,-38.728793271397635],[-73.016901570600467,-38.726704466098006],[-73.016283269103184,-38.725328379104916],[-73.015826773454165,-38.724235670111547],[-73.015263270519242,-38.722982861941148],[-73.014972045780013,-38.723057017281519],[-73.013569698979765,-38.723414088153902],[-73.013251876943883,-38.723490920979351],[-73.012310962603237,-38.723739146092711],[-73.010194815441551,-38.724144383246497],[-73.007479713417936,-38.724621996094605],[-73.005978446333586,-38.724886053630669],[-73.00527027190526,-38.725014674321017]]]]},"properties":{"OBJECTID":82,"NOMBRE":"Lisahue","LUGAR":"Lisahue","Shape_Length":17704.213467117414,"Shape_Area":5769838.05682074}},{"type":"Feature","id":83,"geometry":{"type":"Polygon","coordinates":[[[-72.995152579632375,-38.697903139779839],[-72.996946952690237,-38.69753206338288],[-73.003985449295612,-38.696076197003812],[-73.004565155859808,-38.695967571172126],[-73.005365436103972,-38.695799695097989],[-73.005330070368416,-38.695920020508169],[-73.005393652059311,-38.696014178863031],[-73.005529854069437,-38.696071726230919],[-73.00556299745088,-38.696085729262016],[-73.005673541089237,-38.696101347466552],[-73.005781794021473,-38.696105555080614],[-73.005876564477731,-38.696152111398611],[-73.005967938882407,-38.696297095827369],[-73.006086639229238,-38.696579867296585],[-73.006048387934129,-38.696765363489789],[-73.005968805812799,-38.696896750474529],[-73.005845818877177,-38.696978571085353],[-73.005725035847433,-38.696981087929181],[-73.005644271890219,-38.697014803701265],[-73.005598843113205,-38.697050151308162],[-73.005584433886753,-38.697061363370615],[-73.005623766447528,-38.697141776647726],[-73.005632461827645,-38.697159553383486],[-73.005755121060474,-38.697306104337329],[-73.005953943933093,-38.697499025563012],[-73.006069514810804,-38.697539511983635],[-73.006147549686403,-38.697596866587908],[-73.006137309768505,-38.697699895085556],[-73.00620814360397,-38.697813262095181],[-73.006329298406101,-38.697878887627517],[-73.006491381348638,-38.69799050833069],[-73.006825219056452,-38.698072648155865],[-73.007154391880221,-38.698049241770292],[-73.007321500316877,-38.697979009919464],[-73.007467471488539,-38.697991540528093],[-73.007567618071775,-38.69805568125944],[-73.007674971446832,-38.698133800373576],[-73.007803106635194,-38.698252326694721],[-73.007993663323987,-38.698297035649482],[-73.008205030592109,-38.698315483317124],[-73.008407513159057,-38.698222573712521],[-73.008594086529172,-38.698164720676431],[-73.008697922253774,-38.698185323588895],[-73.00870534564821,-38.698187888322423],[-73.008898617204366,-38.698285296538209],[-73.008959248440249,-38.698336871677824],[-73.009060733131591,-38.698451128501574],[-73.009180318549966,-38.698548558911284],[-73.009213593961107,-38.698557163100126],[-73.009256386106827,-38.698568227964444],[-73.009354272058914,-38.698525936631718],[-73.009432498597789,-38.698509960262726],[-73.009527829379394,-38.698530080615463],[-73.009583372103648,-38.698602847378282],[-73.009572192173493,-38.698623421093806],[-73.00952574334859,-38.698708897887215],[-73.009501380111033,-38.698777382764852],[-73.009477017973609,-38.698845867654981],[-73.009492860525967,-38.698935512912591],[-73.009487670752364,-38.699028667379636],[-73.009484869060216,-38.699129704456759],[-73.009534210794271,-38.699193483874126],[-73.009576345691258,-38.699221466593009],[-73.009622634414626,-38.699252206993883],[-73.009664423907807,-38.699245829894586],[-73.009656867278792,-38.699331129151936],[-73.009620756213067,-38.69938766326036],[-73.009469884283234,-38.699430211295763],[-73.009099001969361,-38.69951713698218],[-73.008878810533076,-38.699568743254481],[-73.008728117654101,-38.699604061446735],[-73.008202273750783,-38.699742484695591],[-73.007528973003886,-38.699938548891538],[-73.006575435304029,-38.700159677226452],[-73.006296624940205,-38.700224332771171],[-73.004813225188599,-38.700565974449788],[-73.003885902027434,-38.700770386292866],[-73.003387891387902,-38.700880160480189],[-73.003415915943208,-38.700955518270071],[-73.004334697193087,-38.703426039910497],[-73.00486366873659,-38.704998710222334],[-73.006370296856929,-38.704753293058673],[-73.00710184223955,-38.7071106734126],[-73.007059755971355,-38.707168847380451],[-73.007478856844671,-38.708283022480352],[-73.007584822853943,-38.708804035435591],[-73.007591298880797,-38.70885939617515],[-73.007602315822538,-38.708953580835846],[-73.007613333937329,-38.709047765514434],[-73.007587606037987,-38.709222306660529],[-73.00758444763693,-38.70924373771583],[-73.007664234500012,-38.70922522575249],[-73.011229154300196,-38.708398043897454],[-73.015308989188298,-38.707383746289523],[-73.016964884542546,-38.706979618042652],[-73.01914055792929,-38.706441611536903],[-73.016112195873973,-38.703892812546336],[-73.016016994445067,-38.703749297376334],[-73.015877998437063,-38.703601853494334],[-73.015803504275482,-38.703556624332059],[-73.015723043067297,-38.703565267475213],[-73.015701579990193,-38.703522095442132],[-73.015653258331426,-38.703424903784601],[-73.014717078999425,-38.701541826188638],[-73.014633858637112,-38.701374428877507],[-73.014454415512049,-38.701013475222126],[-73.014387061365568,-38.700877988959512],[-73.014643695559556,-38.700747234609771],[-73.014783542702915,-38.700627969895947],[-73.01482321977889,-38.700610509850613],[-73.015023530184337,-38.700522361769245],[-73.015158249731797,-38.70046307707586],[-73.015521644304741,-38.700272632366179],[-73.015632893738484,-38.700214329088233],[-73.015812429651263,-38.700064251913929],[-73.016170316726473,-38.699457436701039],[-73.016220885931148,-38.699354824932541],[-73.016269848877243,-38.699257031798119],[-73.016302391820844,-38.699192032615414],[-73.016334934703337,-38.699127033421391],[-73.016374299939685,-38.699069633319901],[-73.016398207322553,-38.699028938817413],[-73.016527679548233,-38.698837034160547],[-73.016595310665664,-38.698397732053174],[-73.01684356970938,-38.698133020870621],[-73.017154665926284,-38.697972367497115],[-73.017496156783537,-38.697984311179376],[-73.018037730597683,-38.698101650480076],[-73.018291048293747,-38.698087889744265],[-73.018663362833834,-38.698004113565837],[-73.018878740038218,-38.697962750436041],[-73.019149443414349,-38.698025833251911],[-73.019538831036357,-38.698050519891602],[-73.019552269258099,-38.698047259547899],[-73.01966038383658,-38.698021030270986],[-73.019740007513732,-38.697977315169602],[-73.020097808834478,-38.697690519426921],[-73.020373735399673,-38.69700025334037],[-73.020453787844147,-38.696799990523111],[-73.020612589315107,-38.696694564540536],[-73.020847723614281,-38.696635498370121],[-73.021197424804058,-38.696783867849234],[-73.021788558131064,-38.69699818303949],[-73.021956078334895,-38.697137082149581],[-73.022007469844723,-38.697345495672309],[-73.022443898858157,-38.697597852041056],[-73.023229089070739,-38.698029267136889],[-73.023484714211961,-38.698219730613573],[-73.023845717059359,-38.698597845674435],[-73.023830894705384,-38.698812195242986],[-73.023740855091305,-38.699072506046775],[-73.023568760406974,-38.699208466598144],[-73.023449976945329,-38.69934240168358],[-73.02342239314325,-38.699462174151897],[-73.023546458629312,-38.699633202527359],[-73.024508769491931,-38.700056943344443],[-73.02469065265106,-38.700137031886442],[-73.024945393184282,-38.700217715041788],[-73.025195000299306,-38.700267966685239],[-73.026590788222549,-38.700535073315471],[-73.026785543412203,-38.700511246239103],[-73.026943083704708,-38.700450881467418],[-73.027200194672275,-38.700302072524117],[-73.027463795016629,-38.699941509732831],[-73.027543444167847,-38.699866271394015],[-73.027683109153074,-38.699728987355329],[-73.027878056482095,-38.699718749724717],[-73.028050663431529,-38.699721651764534],[-73.028079033216258,-38.69972212854816],[-73.028182120111993,-38.699664215244027],[-73.028205954617974,-38.69964632478311],[-73.028296544652179,-38.699578326707538],[-73.028312400238647,-38.699566425274035],[-73.028339410738994,-38.699533750524871],[-73.02843290309599,-38.699420649846076],[-73.028451495209225,-38.699355162279446],[-73.028487517013787,-38.699228283592575],[-73.028488177744364,-38.699225954671419],[-73.028478937867618,-38.699158415414161],[-73.02846969798081,-38.699090877056555],[-73.02844714867058,-38.699025643507689],[-73.028418306238208,-38.698942202323146],[-73.028353915515567,-38.698862865102214],[-73.028277956772925,-38.698800721468515],[-73.028139796385062,-38.698722266302354],[-73.028135936804631,-38.698720074683173],[-73.028082039365771,-38.698662650706972],[-73.02806695613458,-38.698605881484887],[-73.028051992274854,-38.698544767538188],[-73.02811713663715,-38.698501835946331],[-73.028170352297565,-38.698446691905588],[-73.028236877658074,-38.698377756284728],[-73.028452243362892,-38.698336285157119],[-73.028672426965741,-38.698284667793942],[-73.028864388944399,-38.6982396664093],[-73.029273719118393,-38.698009127514887],[-73.029320241564761,-38.69798292583318],[-73.029338233903388,-38.697972792121959],[-73.029432564735529,-38.697955386102244],[-73.029537604022593,-38.697936003366202],[-73.029613515657658,-38.697938667899436],[-73.029697800293334,-38.69794162579349],[-73.029755152040536,-38.697941255282572],[-73.029921645645842,-38.697932893589915],[-73.030172356785144,-38.697893645879134],[-73.030257938993529,-38.697870433075146],[-73.030306456895318,-38.697777062285589],[-73.030375409689256,-38.697712003952809],[-73.030433487238312,-38.697648459947551],[-73.030494196705916,-38.697567980584346],[-73.030608164133113,-38.697520659298384],[-73.030672412302664,-38.697469105079001],[-73.030719103348687,-38.697425743982663],[-73.030785512227922,-38.697401673446031],[-73.030817584330023,-38.697390048445925],[-73.031124344834851,-38.697344276615276],[-73.031186404869402,-38.697372488996578],[-73.031265279531553,-38.697419662717529],[-73.031309502268542,-38.697466252801028],[-73.031347740137136,-38.697494063894545],[-73.031399112605314,-38.697517002450809],[-73.031485887560947,-38.697562932243301],[-73.031544141587759,-38.697674439691887],[-73.031582071337851,-38.697747041979646],[-73.031883773676867,-38.697943223537877],[-73.032276366661961,-38.698074638473571],[-73.033517481538794,-38.698347355486945],[-73.035293192235173,-38.703382053231742],[-73.0370489241255,-38.708299542342708],[-73.036099363016731,-38.708509675140263],[-73.035768170713553,-38.708582963945098],[-73.035458983972191,-38.708651381973425],[-73.035127790431943,-38.708724668927154],[-73.03448740773382,-38.70886637123057],[-73.034161239279868,-38.708952992771707],[-73.034160134029094,-38.70895022593772],[-73.034123899025715,-38.708958484783338],[-73.0328403730568,-38.709251007429508],[-73.031141837194468,-38.709586360185945],[-73.0306136600381,-38.709685553694413],[-73.029505164411319,-38.709918617650438],[-73.027709548768058,-38.710321962684915],[-73.027490414338189,-38.710367791740318],[-73.027611612475468,-38.710711115520773],[-73.028083423180135,-38.712047610751867],[-73.028136779963802,-38.712198749639356],[-73.028161797710155,-38.71226593054611],[-73.028394537033435,-38.712906430571344],[-73.02843485778871,-38.713031374479996],[-73.028533691522384,-38.713289379519509],[-73.028590851887373,-38.713446682539775],[-73.028590861490784,-38.713446709733631],[-73.028684560063454,-38.713705970609226],[-73.028361267207089,-38.713803991917089],[-73.027885875674613,-38.713948125975634],[-73.025225390606337,-38.714944890171274],[-73.021940268026455,-38.716229662878199],[-73.019954607821262,-38.716991604539359],[-73.015254294763722,-38.718050317743362],[-73.004451043191096,-38.72092015050994],[-73.004070826208519,-38.721021130757627],[-73.003689649903208,-38.721122364587693],[-73.003689342841568,-38.721122445844394],[-73.003639812098115,-38.720990418260719],[-73.003637754119893,-38.72098493260313],[-73.00381308003405,-38.720941845351526],[-73.003229789530693,-38.719442570784786],[-73.003049738807164,-38.718979758948521],[-73.003025071095578,-38.718923253756707],[-73.002733716671742,-38.718255868897749],[-73.002473521683044,-38.717572600352995],[-73.002400289297313,-38.717376043261986],[-73.002277139820222,-38.717035049151846],[-73.001920342656021,-38.716055040247369],[-73.001727759713987,-38.715556990584048],[-73.001675353305927,-38.715419449839786],[-73.00159553951228,-38.715218685282885],[-73.00085108470887,-38.713090013562898],[-73.000656799471614,-38.712565419265317],[-73.000628572353037,-38.712489202358732],[-72.999971162266576,-38.710714058572279],[-72.999612209573215,-38.709744773064941],[-72.999053676638425,-38.708159070787815],[-72.998565026142771,-38.707057544018404],[-72.998450839181587,-38.706745480812543],[-72.998085699026106,-38.705807766642621],[-72.997819017816809,-38.705122889463574],[-72.997198016486792,-38.703503059704509],[-72.996937563167492,-38.702756129299253],[-72.996817520792604,-38.702403054141271],[-72.996408230392774,-38.701348247388026],[-72.996030612165299,-38.70029716288154],[-72.9958710124628,-38.699867907756882],[-72.995477266896614,-38.698834515627802],[-72.995448898609808,-38.698767469596206],[-72.995180352310072,-38.697974199808655],[-72.995152579632375,-38.697903139779839]]]},"properties":{"OBJECTID":83,"NOMBRE":"Ranquilco Alto","LUGAR":"Ranquilco Alto","Shape_Length":15084.57980237708,"Shape_Area":5436451.5679739341}},{"type":"Feature","id":84,"geometry":{"type":"Polygon","coordinates":[[[-73.028820726257948,-38.61932163159512],[-73.032408920983514,-38.618417831540143],[-73.034353388533802,-38.617927999565708],[-73.036311135940949,-38.623567667440923],[-73.039396546712368,-38.630396466858492],[-73.043035458628466,-38.640488819066263],[-73.042629739045523,-38.640584895810264],[-73.030713902703766,-38.643405877156411],[-73.030381901801945,-38.643484455120465],[-73.026017025772134,-38.644506066459464],[-73.025517781641312,-38.64461938291317],[-73.024306748735555,-38.644881822571008],[-73.024211054625596,-38.64490256050459],[-73.022945809822289,-38.645176731859884],[-73.02005078819974,-38.64578851546819],[-73.017754980110197,-38.64628262902329],[-73.016925112517512,-38.646453689467393],[-73.015727513752552,-38.646711660155901],[-73.009608110437085,-38.648029597119368],[-73.008517502502457,-38.648229787008667],[-73.005430429277311,-38.643244104846623],[-73.004354917528232,-38.643397085400167],[-73.002885396066901,-38.639449804572216],[-73.001502856181915,-38.635373918725655],[-72.99952825314115,-38.630173493679557],[-72.998853066854679,-38.62853863808099],[-72.998428298253003,-38.627290309374089],[-72.998156956652593,-38.62662531653983],[-73.00650430680885,-38.625053502686903],[-73.014682549626301,-38.62295525234115],[-73.015579676012933,-38.622742101486359],[-73.022172992549343,-38.621009208569326],[-73.028820726257948,-38.61932163159512]]]},"properties":{"OBJECTID":84,"NOMBRE":"Forestal","LUGAR":"Forestal","Shape_Length":11690.60347525036,"Shape_Area":8432236.8925212473}},{"type":"Feature","id":85,"geometry":{"type":"Polygon","coordinates":[[[-72.988294975979258,-38.468480813596464],[-72.989806922109764,-38.467978125165963],[-72.992499101961812,-38.467450520664357],[-73.00588704535663,-38.464297520952201],[-73.025454883591877,-38.459705738203304],[-73.045020367423731,-38.455110615292405],[-73.048572836888624,-38.463434939690231],[-73.052418813810533,-38.47670013812504],[-73.052443198426531,-38.476780994608035],[-73.053114378544393,-38.479198673358511],[-73.076460948428036,-38.474888668357018],[-73.077787718929855,-38.479439717661236],[-73.089278505196944,-38.477142871054973],[-73.0914980361879,-38.482222848730522],[-73.084027934719273,-38.483972420312242],[-73.087767623367441,-38.493126129758515],[-73.081893020909035,-38.494425283887892],[-73.078281239901528,-38.485372054725609],[-73.071257823002725,-38.486920383899474],[-73.064297511858769,-38.488568881041495],[-73.060033962216892,-38.489658423171498],[-73.059321288052956,-38.489966526729553],[-73.058843113617684,-38.490565184278253],[-73.058707625814506,-38.490903752573701],[-73.058384201668275,-38.491157401846607],[-73.057913209974743,-38.491315448127303],[-73.05774495020728,-38.49139202747557],[-73.058557947932755,-38.493401479376089],[-73.064543798989973,-38.50830905900974],[-73.07053200300831,-38.523216361191146],[-73.070541527985242,-38.523240068278078],[-73.072141109744919,-38.528017040315639],[-73.074518072111985,-38.533904347863015],[-73.074536480543102,-38.533949899062918],[-73.05904020561853,-38.537635933368172],[-73.043542427572945,-38.541319871440848],[-73.039617015540486,-38.542252581796433],[-73.03574586479624,-38.533126186844207],[-73.035503127917707,-38.533177993965786],[-73.035503072534638,-38.53317800565145],[-73.030851693475654,-38.534188035217156],[-73.019913072580209,-38.536562468635417],[-73.019661888263983,-38.536616978673798],[-73.012702013592801,-38.518673566790092],[-73.007534928530603,-38.505894000842659],[-73.004393423406782,-38.49837398562245],[-72.995637849548899,-38.500427935242932],[-72.988467735357304,-38.502105231637195],[-72.983017919424228,-38.503447411800671],[-72.980765797649923,-38.504056515999153],[-72.976778901343039,-38.505013176360478],[-72.974412958546793,-38.505459109348649],[-72.971513029863743,-38.4968766608227],[-72.971202566879398,-38.496215156118552],[-72.970352441177653,-38.495749160648714],[-72.970212071727431,-38.495013844824946],[-72.970180472406199,-38.494024379327058],[-72.970087662795891,-38.493443941825383],[-72.969289839366482,-38.492524071447782],[-72.968970491986752,-38.491675289077229],[-72.968629896729254,-38.491078389745567],[-72.968221085916028,-38.490712377546039],[-72.967865628219883,-38.490119902839766],[-72.96875260092196,-38.489944303700611],[-72.968470483494144,-38.488800580727073],[-72.967842028571141,-38.487305800699247],[-72.966394414187718,-38.488039134671489],[-72.96592472009614,-38.486796832536356],[-72.965610177678627,-38.485937404177669],[-72.965179116765185,-38.484754238043188],[-72.965090686743892,-38.484544052954377],[-72.964823354124775,-38.483868685910132],[-72.964644355554313,-38.483403593081746],[-72.964355212758861,-38.482636855033327],[-72.963983011800266,-38.48159380647941],[-72.963693638901958,-38.480865981549968],[-72.963414257127553,-38.480122564255765],[-72.963159417513211,-38.479437590539391],[-72.962943435597197,-38.478923743578314],[-72.962820238917814,-38.478609347668808],[-72.962245507215982,-38.477073310195564],[-72.961960492868897,-38.476386548033332],[-72.959038862270177,-38.468142771433207],[-72.95953098803318,-38.46800810443586],[-72.960764117049862,-38.46781778235556],[-72.961271758408515,-38.467564909449784],[-72.961612034166038,-38.467395516517719],[-72.962150517377111,-38.466792184791345],[-72.962381241926906,-38.465998720499243],[-72.962920696717475,-38.465692699683771],[-72.963691151989991,-38.465449342496974],[-72.964461910362274,-38.465268958011201],[-72.965154821731986,-38.464902620532293],[-72.965714988245082,-38.46450793691799],[-72.965847652140468,-38.464414475479408],[-72.966849676674869,-38.463805658475188],[-72.967380587589147,-38.463338205784567],[-72.969897940594578,-38.461812316649329],[-72.970871663002541,-38.461367838813175],[-72.971926479842466,-38.460902235277374],[-72.972548776062567,-38.460584539614608],[-72.973826204087615,-38.460132681663794],[-72.974306164277522,-38.459950263468073],[-72.974793261397721,-38.459674812853429],[-72.975361729173699,-38.459314459575069],[-72.976146104187933,-38.458954591813935],[-72.976419206889346,-38.45821056853017],[-72.976474666138998,-38.457849092681556],[-72.976611202624596,-38.457487665963917],[-72.977016752373032,-38.45733971590419],[-72.977637401133919,-38.457383588142129],[-72.978249802068589,-38.457448757079206],[-72.979472511510565,-38.457515353816838],[-72.980608551041513,-38.457674137971729],[-72.981554896618178,-38.457848110686555],[-72.982359130133332,-38.45794728429015],[-72.983130301122614,-38.458141109483485],[-72.984058060248984,-38.458355192886152],[-72.984758499296646,-38.458697069240607],[-72.985674305317687,-38.459188413813543],[-72.986590387331233,-38.459615881240623],[-72.987019832319902,-38.46021254625515],[-72.987394781128216,-38.460957913919493],[-72.987907354458031,-38.461372580709742],[-72.987867115683315,-38.461667746676071],[-72.987808856528176,-38.462019631287866],[-72.987822034981761,-38.462283282918413],[-72.987862379071899,-38.462637221226238],[-72.987861894136984,-38.462858655301197],[-72.987844330099691,-38.463133581181637],[-72.987862337422015,-38.463475153839937],[-72.987971462393517,-38.463812706142818],[-72.988082298888202,-38.464102359578376],[-72.98828340097343,-38.46441194222696],[-72.988621910041289,-38.464694515380721],[-72.98876674296028,-38.464883130566932],[-72.988930142304568,-38.465185938068402],[-72.988961616002513,-38.46536611928088],[-72.988855326372729,-38.465579340343766],[-72.98865184649101,-38.465963956576289],[-72.988233239231263,-38.466427759287754],[-72.988004651382312,-38.466668247727604],[-72.987915474581044,-38.467037438890372],[-72.987758270362363,-38.467399154299876],[-72.987698525730053,-38.467542452735785],[-72.987673457432365,-38.46764868862325],[-72.987692562577095,-38.467756946014177],[-72.98784769978532,-38.468071415431289],[-72.988213029103818,-38.468501478035869],[-72.988294975979258,-38.468480813596464]]]},"properties":{"OBJECTID":85,"NOMBRE":"Huamaqui","LUGAR":"Huamaqui","Shape_Length":44012.063549324121,"Shape_Area":57861404.297879554}},{"type":"Feature","id":86,"geometry":{"type":"Polygon","coordinates":[[[-73.047020054710913,-38.713697437939842],[-73.047885559048467,-38.714117111723681],[-73.048718220425869,-38.714301191664852],[-73.049584599645527,-38.714302139036029],[-73.050417929918765,-38.714119830543652],[-73.051451443519881,-38.7138330176167],[-73.053551779468663,-38.713233163402677],[-73.054618783534934,-38.712815441396302],[-73.0569858979419,-38.712058796380212],[-73.059352971050373,-38.711354444199074],[-73.059613930584462,-38.711275585680532],[-73.059990094017962,-38.711161913069589],[-73.060312520074191,-38.711064477660031],[-73.060370194870742,-38.711163247358613],[-73.060539362981672,-38.711461214234802],[-73.061034957671907,-38.712334124609711],[-73.061116563142562,-38.712551952395472],[-73.061650787638172,-38.71321793933955],[-73.062081085509661,-38.713754357458434],[-73.062927315531809,-38.715782133694432],[-73.063526647797744,-38.717040852064116],[-73.064160355734529,-38.718406915732835],[-73.06452153717207,-38.719310140398385],[-73.064943124477864,-38.720200065010395],[-73.065693570022006,-38.721862378023999],[-73.065872548959973,-38.722263190380176],[-73.066373584512576,-38.723385206379525],[-73.066685453050113,-38.724083581763843],[-73.06645475949361,-38.724199342232261],[-73.065344753061424,-38.724756322303925],[-73.064833358359749,-38.724979693609924],[-73.064125267619332,-38.725294175090553],[-73.064099341581425,-38.725306114570166],[-73.063610743468701,-38.725514180404254],[-73.062579639288799,-38.725953257082693],[-73.06234144219934,-38.7260840984654],[-73.061984648128444,-38.726239456874644],[-73.061888517590106,-38.726281314801028],[-73.061516102836904,-38.72644540353587],[-73.061202804424511,-38.726583443435402],[-73.060528860755241,-38.726771422688884],[-73.059703557526021,-38.726997692629197],[-73.05879624614353,-38.727244982402866],[-73.057485052721148,-38.727672664136563],[-73.057432159182639,-38.727689917083211],[-73.057240220376116,-38.727752520480614],[-73.057043210705999,-38.727816779210393],[-73.057067220038505,-38.727870522261924],[-73.05658628815786,-38.728029166840052],[-73.056533487492047,-38.728046583110071],[-73.055643584798176,-38.728340126113999],[-73.05422328979094,-38.728782604546417],[-73.054116708927481,-38.728815807488644],[-73.054078855667598,-38.728730803418223],[-73.054043405241615,-38.728651192563767],[-73.053645104696827,-38.727756726480024],[-73.053606341478485,-38.727662440558959],[-73.05356757720763,-38.727568154607091],[-73.053413023357123,-38.727226665132463],[-73.053084215191134,-38.726312566985385],[-73.052987412809159,-38.726004991787867],[-73.052618117747514,-38.724826940378811],[-73.052461258073748,-38.724880285368435],[-73.052145826748884,-38.724987557096107],[-73.052117011189665,-38.724997356172068],[-73.050054938870076,-38.725698594449661],[-73.048227957091299,-38.719968095218093],[-73.049217418156772,-38.719278415296237],[-73.049035171388311,-38.718624939034854],[-73.048457792541612,-38.718457375594042],[-73.048140276169377,-38.718119018449961],[-73.048173745543309,-38.717934626701528],[-73.048490091751489,-38.715910407983053],[-73.048183537437367,-38.715085849090677],[-73.047642904679321,-38.714457735869971],[-73.047020054710913,-38.713697437939842]]]},"properties":{"OBJECTID":86,"NOMBRE":"El Toqui","LUGAR":"El Toqui","Shape_Length":6191.0058375184435,"Shape_Area":2083794.4689776595}},{"type":"Feature","id":87,"geometry":{"type":"Polygon","coordinates":[[[-73.0563927742635,-38.701127650254577],[-73.056764995597462,-38.701092924781101],[-73.056779505739001,-38.701091995510026],[-73.056785329749715,-38.701096586853616],[-73.05684370422783,-38.701091791314624],[-73.05684736669059,-38.701091489967688],[-73.056915103338838,-38.701099356843571],[-73.056982841152916,-38.701107223699658],[-73.057135446608115,-38.701231412492945],[-73.057374791644179,-38.70137709409363],[-73.057388821987075,-38.701794638774452],[-73.057362202345786,-38.701842257536363],[-73.057400524292916,-38.702045064262968],[-73.05744095886898,-38.702113732597013],[-73.057743361635303,-38.702507549436987],[-73.057801950474143,-38.702681131447839],[-73.057841924733026,-38.70282293345857],[-73.057903426247265,-38.702888802426841],[-73.058031380189817,-38.70283752467035],[-73.058059869201358,-38.70283552183222],[-73.058523504990816,-38.702460431762994],[-73.058722836243192,-38.702307122310337],[-73.058783950348712,-38.702191409309506],[-73.058901098528807,-38.701818232946906],[-73.059160093869608,-38.701601291572302],[-73.059374035826963,-38.701526555186142],[-73.059504091219296,-38.701481122549275],[-73.059776363140656,-38.701493271457146],[-73.060013543190848,-38.701542982257592],[-73.060240890002149,-38.701596343624715],[-73.060419683890728,-38.70164508561286],[-73.060616292060558,-38.701755154035602],[-73.060756802650687,-38.701959655131922],[-73.060924630035444,-38.702053987780921],[-73.061049387526722,-38.702120904427204],[-73.061166149945592,-38.702307573642692],[-73.061278926917154,-38.702444579149613],[-73.061367371837051,-38.70250501552465],[-73.061417823141085,-38.702526407404022],[-73.061535456967135,-38.70254274738403],[-73.06162793762627,-38.702547602324707],[-73.06176596799429,-38.702554847016167],[-73.062221170121745,-38.702587201321414],[-73.062505686454301,-38.702676663009456],[-73.062561287872057,-38.702672863897277],[-73.062576831026917,-38.702671801452794],[-73.062584138343439,-38.702671301731399],[-73.062637010067505,-38.702635800109761],[-73.062712184626264,-38.702585323805842],[-73.062767508205127,-38.702484281208108],[-73.062825911044612,-38.70237761468352],[-73.062809328094175,-38.702229398866827],[-73.062804042822833,-38.702182161976388],[-73.062788082565106,-38.702039507954673],[-73.062878541034038,-38.701866778273725],[-73.063021383524315,-38.701802868155781],[-73.063522970669496,-38.701552453960524],[-73.063606510376403,-38.70151398360796],[-73.064075348879186,-38.701421596341092],[-73.064316607746505,-38.701439768206448],[-73.06432116008024,-38.701440111207695],[-73.064321421484834,-38.701439500106552],[-73.06432159642992,-38.701438555980424],[-73.064364174111589,-38.701209408339565],[-73.064369637839761,-38.701180004133505],[-73.064376653802952,-38.701142245691891],[-73.064464278465266,-38.701030414271223],[-73.064520848138798,-38.700963404958536],[-73.06469010689213,-38.700948326547383],[-73.064822391514923,-38.7009505165965],[-73.064913144653346,-38.700977500303672],[-73.064916735708678,-38.700978993351171],[-73.065375759317291,-38.701169857799044],[-73.065383057812767,-38.701169977690093],[-73.065560019130885,-38.701172891892185],[-73.065628577793817,-38.701174021024507],[-73.065635873992079,-38.701174140861745],[-73.065849215635509,-38.701209214777613],[-73.066098787153337,-38.701334967553187],[-73.066307091458384,-38.701550226030086],[-73.066302112745063,-38.701734822226193],[-73.066300009764674,-38.70181134764789],[-73.066349280486918,-38.701879290519088],[-73.066356252038261,-38.701888903107601],[-73.066547818885738,-38.702000115404296],[-73.066547950224361,-38.702000191464329],[-73.066656139172636,-38.70203489063573],[-73.066997485678371,-38.702386049754189],[-73.067033339993927,-38.7025218570367],[-73.066968760038478,-38.702755085901437],[-73.066949047537705,-38.702924196877312],[-73.067014046736148,-38.703005210965955],[-73.067088155952717,-38.703039671468666],[-73.067163023363605,-38.703046022107429],[-73.0672868744808,-38.703050626282277],[-73.06742459462275,-38.703024781837108],[-73.067495924856175,-38.703041300011584],[-73.067546725726316,-38.703093270105725],[-73.067616817710615,-38.70315578441636],[-73.067688504311249,-38.703218784590781],[-73.067753528484388,-38.703241119288336],[-73.067829521645379,-38.70330087553365],[-73.067825691728956,-38.703440496804106],[-73.067703082343556,-38.703668273208464],[-73.067658292136272,-38.703892798150747],[-73.067786501106923,-38.704201254725334],[-73.067852521136899,-38.704256342558779],[-73.068091683083153,-38.704306286985123],[-73.068306460589341,-38.704189749288325],[-73.068422246612144,-38.70407310635153],[-73.068595773377979,-38.703995434355932],[-73.068609695113309,-38.703995449029883],[-73.068676448772294,-38.7039873511671],[-73.068744021082622,-38.703980922956021],[-73.068852545957668,-38.703973285349079],[-73.068905833803299,-38.703960962339046],[-73.068981080917794,-38.703937684645084],[-73.069053312428949,-38.703936991935343],[-73.069143525140689,-38.703983750936182],[-73.069185464470365,-38.704035370306755],[-73.069179941798069,-38.704061685805286],[-73.069195107973854,-38.704070883032969],[-73.069243891184342,-38.704100466257294],[-73.069335473560599,-38.704096320226917],[-73.069340449472307,-38.70409464622972],[-73.069446054883386,-38.704015697021134],[-73.069578209276003,-38.703924998307386],[-73.069669114435271,-38.703873167076416],[-73.069669976980947,-38.70387307769748],[-73.069715306475686,-38.70384607153072],[-73.069763168286258,-38.703793145564916],[-73.069767405273197,-38.703788459688823],[-73.06987919857059,-38.703748809656524],[-73.070009631399031,-38.703732101224716],[-73.070142216403696,-38.703724859667524],[-73.070281208650854,-38.703747902336772],[-73.07034330909093,-38.703765903653562],[-73.070412678567351,-38.703782138093061],[-73.07050897171132,-38.703781841676609],[-73.070572846159777,-38.703733854433118],[-73.070600863574839,-38.70368835425954],[-73.070634294102604,-38.703684501630086],[-73.070708233278964,-38.703676354503962],[-73.070788609646257,-38.703651139196204],[-73.070833766236802,-38.703601923789606],[-73.070874772306368,-38.703558884275083],[-73.070972359306779,-38.703560494764503],[-73.070989494215738,-38.703564602573714],[-73.071034999902679,-38.703575513078718],[-73.071070763890305,-38.703540883168685],[-73.071291760180031,-38.703734452649087],[-73.071268097330318,-38.70438876816776],[-73.07126571351553,-38.704477474218606],[-73.07117175089293,-38.704614460420288],[-73.071034131652652,-38.704836206917157],[-73.071011768149376,-38.704968479713024],[-73.071008046277015,-38.70510695583144],[-73.070998071821037,-38.705198166818391],[-73.07095441403365,-38.705282927137098],[-73.070844539296658,-38.705452074503427],[-73.07077626195219,-38.705613065225485],[-73.07073854040992,-38.705756874951291],[-73.070810495546155,-38.705878913888306],[-73.071160064007358,-38.706029115088889],[-73.069858678189249,-38.70653311381939],[-73.069067369833718,-38.706681646694605],[-73.068541724016413,-38.706793226850976],[-73.068413310609088,-38.706821633083287],[-73.067542553670421,-38.707014245668866],[-73.0666021344515,-38.707158589837505],[-73.066403423954839,-38.707189088430482],[-73.066148834556955,-38.707242087276079],[-73.064916559926289,-38.707498606927814],[-73.062990708290869,-38.707923055075106],[-73.062528163591551,-38.708014617315456],[-73.059763026929275,-38.708602303818303],[-73.05974062908156,-38.708607214082605],[-73.059736037865065,-38.708596469236383],[-73.059731569922292,-38.708586013876683],[-73.05964119045062,-38.708372259119287],[-73.059496629966162,-38.708030359720183],[-73.056631355823043,-38.701253044843682],[-73.0563927742635,-38.701127650254577]]]},"properties":{"OBJECTID":87,"NOMBRE":"Imperialito","LUGAR":"Imperialito","Shape_Length":4241.1652454782652,"Shape_Area":629399.66984513775}},{"type":"Feature","id":88,"geometry":{"type":"Polygon","coordinates":[[[-73.075081340124285,-38.742583120904087],[-73.080145597620145,-38.741453486749322],[-73.079668158405624,-38.742202560755388],[-73.078952754646323,-38.742952135211809],[-73.078554621829568,-38.743120270770163],[-73.078315506150986,-38.743252551822486],[-73.078162628391752,-38.743381876020173],[-73.07815510753629,-38.743345606130106],[-73.078166453173495,-38.743037009638257],[-73.077570222958514,-38.742986704127645],[-73.077270910381941,-38.742909723381324],[-73.077027086022326,-38.742835613903225],[-73.076874094078775,-38.742796379625375],[-73.076655302379521,-38.742792778740558],[-73.07643607274494,-38.742805496621799],[-73.076304743754449,-38.74284415026942],[-73.076183505482092,-38.742895214454784],[-73.076081680985354,-38.742999658211353],[-73.075989618484144,-38.743128751727667],[-73.075803785411679,-38.743256301145543],[-73.075644767068269,-38.743355720896872],[-73.075486185313494,-38.743438822136206],[-73.075480216066836,-38.743443840971288],[-73.075233253801329,-38.743549430253942],[-73.075172684325992,-38.743575326642379],[-73.075145307379856,-38.743581985988712],[-73.074872244217346,-38.743649602626824],[-73.074833857871624,-38.743666013856043],[-73.07444609887412,-38.743831793096945],[-73.074200119125749,-38.743931412385905],[-73.073836803909501,-38.744078548420212],[-73.073201159322281,-38.744212306963021],[-73.072482664848224,-38.744409317030247],[-73.071820687438986,-38.743870322146158],[-73.071711610354257,-38.743590691900614],[-73.071931041978857,-38.743375938935188],[-73.075081340124285,-38.742583120904087]]]},"properties":{"OBJECTID":88,"NOMBRE":"Isla Maio","LUGAR":"Isla Maio","Shape_Length":1760.0894292657231,"Shape_Area":75981.365042330464}},{"type":"Feature","id":89,"geometry":{"type":"Polygon","coordinates":[[[-72.854284525643479,-38.755748212119009],[-72.854896440289693,-38.755731229061816],[-72.855381730013107,-38.755717759043371],[-72.855650193280027,-38.755475853336044],[-72.856089595117481,-38.755371761632418],[-72.856469485850383,-38.755198471651696],[-72.856926034922665,-38.755098383802469],[-72.857402443705851,-38.755120994711802],[-72.857783364092413,-38.755132033411975],[-72.858143904010404,-38.755256654885088],[-72.858373282581113,-38.755474361093306],[-72.858599384402751,-38.755509674945024],[-72.858808996756309,-38.755496670852636],[-72.858946832612006,-38.755342268782876],[-72.859296636561822,-38.755394441295479],[-72.859604756564323,-38.755584130254206],[-72.859838541150225,-38.755756151617746],[-72.860082285359496,-38.755648820163302],[-72.860082743498666,-38.755296776565054],[-72.860061636702468,-38.755053610250371],[-72.860132178828493,-38.754877525154633],[-72.863268365064229,-38.754755562588755],[-72.866231952467487,-38.754881881805197],[-72.867345893016974,-38.760982337835436],[-72.867593291251708,-38.761055318002846],[-72.867854797548603,-38.761307825343259],[-72.867958049111564,-38.761476547351329],[-72.868166880283113,-38.761566839626028],[-72.868281890037082,-38.761480834838366],[-72.868438963002461,-38.761189933084438],[-72.868595726973467,-38.761103878835037],[-72.868804732097232,-38.761067153109188],[-72.868909113873471,-38.761153286978349],[-72.869034387798848,-38.761337814790124],[-72.869208786986903,-38.761418108192984],[-72.869259477592323,-38.761399287378616],[-72.869358186944865,-38.761362637653342],[-72.869527055153767,-38.761328129547216],[-72.86959859189092,-38.761313510921845],[-72.869786614361232,-38.76137927848918],[-72.870037201615702,-38.761526992284516],[-72.870246130489079,-38.761531161553719],[-72.870434341315459,-38.761482072757907],[-72.870664184786591,-38.761465813058969],[-72.870998400653761,-38.76158081679656],[-72.871353603064094,-38.761679356177581],[-72.871625046137297,-38.761859877612835],[-72.872126290552785,-38.762204484843515],[-72.872732243229564,-38.762254076050937],[-72.873035098559171,-38.762377196190762],[-72.873298464386821,-38.762484261964183],[-72.873337954956966,-38.76250031557224],[-72.873349675115676,-38.762505080053359],[-72.872978114776245,-38.765987412238388],[-72.872809938571436,-38.766944072014418],[-72.871742611333744,-38.766780278829366],[-72.870402071944909,-38.7665745579245],[-72.869169794326012,-38.766358798173485],[-72.868197313331279,-38.766188517603112],[-72.867991433298599,-38.76615246746092],[-72.867575115965465,-38.766079568387291],[-72.867527345339099,-38.766071203406085],[-72.86730629354372,-38.766032496389315],[-72.867121058603374,-38.766015858683801],[-72.867075796042769,-38.766008028570475],[-72.867066950448461,-38.76601099907397],[-72.866971823893181,-38.766002454951035],[-72.866746797228927,-38.766118515490348],[-72.866612507344485,-38.766163613620968],[-72.866457616370411,-38.766232929135441],[-72.866301222557922,-38.766292725483581],[-72.866242677106825,-38.766315110154551],[-72.865832679565898,-38.766361439905786],[-72.865647188360896,-38.766364195370699],[-72.865208770539638,-38.766370705931749],[-72.864864134565977,-38.766310477203668],[-72.863555707508525,-38.765773045874859],[-72.863218602677307,-38.765706143628456],[-72.86288149851849,-38.765639240426161],[-72.862763223548015,-38.765621269881599],[-72.86207381923667,-38.765516522214817],[-72.861812371287883,-38.765294134711837],[-72.861246692956598,-38.764775228698113],[-72.861165896568508,-38.764694994547483],[-72.860742812433216,-38.764274850588983],[-72.860647740235152,-38.764200720489356],[-72.860618700054019,-38.764197002638689],[-72.860438296682588,-38.764173908553957],[-72.860329249914216,-38.764159948388937],[-72.859597196226446,-38.764115470972079],[-72.85873679590982,-38.764078405667654],[-72.858539521414471,-38.764070992803198],[-72.858342246975425,-38.764063579606642],[-72.858166363822818,-38.764007981660008],[-72.857985727528771,-38.763989448673151],[-72.857553150490446,-38.763848600473466],[-72.857367491029393,-38.76376549456382],[-72.857266812985785,-38.763657890010855],[-72.857166136391555,-38.763550285398985],[-72.856672546737357,-38.762143573687027],[-72.855667162178477,-38.759527575984919],[-72.855057513505514,-38.757970720234709],[-72.854512038128632,-38.756500015430753],[-72.854308003045588,-38.755970476421275],[-72.854283866176687,-38.755907833759828],[-72.85423969475201,-38.755793193811122],[-72.854252877804171,-38.755779966348662],[-72.854283736718656,-38.755749003155785],[-72.854284525643479,-38.755748212119009]]]},"properties":{"OBJECTID":89,"NOMBRE":"Estación Boroa","LUGAR":"Estación Boroa","Shape_Length":5396.3811936455295,"Shape_Area":1360282.0116356758}},{"type":"Feature","id":90,"geometry":{"type":"Polygon","coordinates":[[[-73.027615048796804,-38.649181070483252],[-73.026787456416841,-38.646880747143662],[-73.026379013009304,-38.645745410982791],[-73.026370992836888,-38.645717953330269],[-73.026351105240849,-38.645649866103597],[-73.026017025772134,-38.644506066459464],[-73.030381901801945,-38.643484455120465],[-73.030713902703766,-38.643405877156411],[-73.042629739045523,-38.640584895810264],[-73.043035458628466,-38.640488819066263],[-73.048181147908267,-38.639307272717836],[-73.050796066022613,-38.638706735179724],[-73.053134764345273,-38.638189136135082],[-73.055832808295492,-38.637591938515271],[-73.057009771769046,-38.637262132864038],[-73.057668648604619,-38.637152898116398],[-73.065949103231304,-38.635229440889482],[-73.075538535725016,-38.633001052058475],[-73.075534454189807,-38.632908698159213],[-73.075757109163305,-38.633022604206175],[-73.075688260891411,-38.63337043151278],[-73.073550072426727,-38.636199134792271],[-73.072632729033714,-38.636932424894212],[-73.071745229547687,-38.6375936429774],[-73.07138040324682,-38.637843996620106],[-73.071105328320058,-38.638153323600307],[-73.071042877178215,-38.638287685044496],[-73.070751712059078,-38.638952352554028],[-73.070633087226184,-38.639038900388378],[-73.069933261905774,-38.639432517226396],[-73.069585354400459,-38.639531395573862],[-73.068875831204949,-38.639655074058929],[-73.067954705121934,-38.639769097378746],[-73.067648323050491,-38.639782498502534],[-73.067522335151097,-38.639798878910035],[-73.065781637299267,-38.641502501599234],[-73.065671864160151,-38.641645308837631],[-73.065583711493787,-38.641759988747204],[-73.06556209057743,-38.641788115958349],[-73.065487940422742,-38.641944972535363],[-73.065425583651404,-38.642228795748913],[-73.065352967516972,-38.642559307887964],[-73.065239278714287,-38.643067323872536],[-73.065139172235703,-38.64344220597286],[-73.065100382520825,-38.643582765601721],[-73.064945434655783,-38.643910237351946],[-73.064873399156738,-38.644026150188779],[-73.064683939358204,-38.644376019805271],[-73.064681461214875,-38.644468120168533],[-73.064678983060233,-38.644560220530202],[-73.064722382274056,-38.644671791862102],[-73.064750396687401,-38.644709962805081],[-73.065048049213843,-38.644970386532094],[-73.065216720211325,-38.645097761857564],[-73.065439518754843,-38.645359842213892],[-73.065457010247698,-38.645385069758511],[-73.065543864486202,-38.64543632702587],[-73.065703172959687,-38.645530343921905],[-73.065921661258386,-38.645588869198704],[-73.066156140335224,-38.645796705556911],[-73.066635523995288,-38.646196859697383],[-73.06677181330609,-38.646336391816781],[-73.066908104265437,-38.646475924707531],[-73.066950926118253,-38.646652492935189],[-73.066920728259291,-38.646753112558052],[-73.066766834695784,-38.647265889627036],[-73.066604372333558,-38.6475416858895],[-73.066441909862519,-38.647817480999883],[-73.066383715530037,-38.64797627688057],[-73.066327581052093,-38.648182767406141],[-73.066309516835517,-38.648381833596915],[-73.066342046051503,-38.648472085320584],[-73.066374575344753,-38.648562337036005],[-73.066479045900977,-38.649170605734348],[-73.065228868517991,-38.649633732167949],[-73.063771480867899,-38.650170315727799],[-73.062789502457548,-38.65059186518927],[-73.062801851159747,-38.65098728050507],[-73.064736809173866,-38.656043096061325],[-73.066937521671733,-38.655224932790127],[-73.068031479673678,-38.654818207190104],[-73.06949320477122,-38.654274724597798],[-73.069713412299336,-38.654424701713062],[-73.069830216289546,-38.654504253828577],[-73.069957377839401,-38.654576778989792],[-73.069972780576009,-38.654585563696649],[-73.070123339870847,-38.654685319703795],[-73.070273899585928,-38.654785075526213],[-73.070511489227997,-38.655040757549621],[-73.070753380642159,-38.655408085762168],[-73.071041192387398,-38.655967852300812],[-73.071466518732706,-38.656569938972247],[-73.071739215407888,-38.657149481805398],[-73.07178169739116,-38.657266050736425],[-73.071824178428727,-38.657382616932402],[-73.071898669144332,-38.657870201619801],[-73.071883380423515,-38.658440252766574],[-73.071927954790894,-38.658954973741999],[-73.072041151217292,-38.659632016768747],[-73.072115526910835,-38.659987997260394],[-73.072127125458877,-38.660279237570983],[-73.072140208138805,-38.660325349531014],[-73.072153291813962,-38.660371467813356],[-73.072159868781938,-38.660394652782557],[-73.072153351757493,-38.660398457804156],[-73.07201837518268,-38.660477256127493],[-73.070609112594155,-38.661666748174532],[-73.070467952101126,-38.661803912454616],[-73.070209083112516,-38.662094904545278],[-73.069843218991394,-38.662309820978152],[-73.069391377865855,-38.662600766760065],[-73.06893341366046,-38.662777007375169],[-73.068760045951038,-38.662828085103179],[-73.068586678004436,-38.662879162567265],[-73.068441684598014,-38.662921879772632],[-73.067918691477217,-38.663187226133154],[-73.06750550636221,-38.66352366407034],[-73.067470131719276,-38.66358478767976],[-73.067416459750248,-38.663677527608577],[-73.067363446892685,-38.663769129534778],[-73.067294378390045,-38.663888472333461],[-73.067217244153042,-38.664073114156011],[-73.067182136586609,-38.664157151890443],[-73.066975410982693,-38.664267838409991],[-73.06645829421511,-38.664611179328205],[-73.066362062078085,-38.664675071699271],[-73.066265830919662,-38.664738964005011],[-73.065871896536493,-38.665022158977834],[-73.065765073572592,-38.665563505994605],[-73.065752017053612,-38.665530722501316],[-73.065217742195586,-38.665324847948369],[-73.065213199206028,-38.665327999519754],[-73.064610063536705,-38.665070612728002],[-73.056812289350745,-38.66174249455738],[-73.05674408204726,-38.661722329463913],[-73.053662390634273,-38.660816990946017],[-73.052141647516976,-38.660361554998289],[-73.046972825002157,-38.658721444604645],[-73.045723092937365,-38.658324849706574],[-73.045719867254718,-38.658282107495282],[-73.045716642723505,-38.658239365302904],[-73.044758385797039,-38.65797342455771],[-73.043621879739931,-38.657658002150086],[-73.042820091919396,-38.657403530842096],[-73.042810592933961,-38.657429867874335],[-73.042682421574852,-38.657385482936036],[-73.040707329954998,-38.656697932469797],[-73.039655273923358,-38.656342712280534],[-73.038200582883675,-38.655875526408003],[-73.037733436263323,-38.655724770027156],[-73.037381317696884,-38.655611133843962],[-73.037108551030514,-38.655520556208565],[-73.036494351911585,-38.655319829950599],[-73.036349557051977,-38.655325041407821],[-73.036385517026361,-38.655216740858613],[-73.036453548168382,-38.654995966432367],[-73.036478547667187,-38.654914837432692],[-73.036485094462378,-38.654452433570917],[-73.036565447907606,-38.654181995236172],[-73.036570911238385,-38.654093400782394],[-73.03653414628549,-38.654014585750055],[-73.036450617040913,-38.65395596421083],[-73.036212552954368,-38.653900268344948],[-73.035989936124423,-38.653902693768529],[-73.035847088219953,-38.653923181662918],[-73.035799470695636,-38.653930011196259],[-73.035609525986146,-38.65393826407503],[-73.035491283178757,-38.653903853487726],[-73.035373040464393,-38.65386944368425],[-73.035179194866515,-38.653707170995077],[-73.03506851288202,-38.653606988050647],[-73.034977906843821,-38.653504761736897],[-73.034920216933727,-38.653396072765098],[-73.034862527192274,-38.653287383767513],[-73.034940278952845,-38.652932520161151],[-73.034966356032712,-38.652770870881795],[-73.034992434300833,-38.652609215304018],[-73.03502668981217,-38.652522475272796],[-73.035052539468481,-38.652457017865075],[-73.035115013167953,-38.652196772112539],[-73.035130500944547,-38.652095078773229],[-73.035145989819796,-38.651993385448343],[-73.035086418759207,-38.651903696474221],[-73.035026846695189,-38.651814007453048],[-73.034890722425303,-38.651588568617406],[-73.034809064124488,-38.651372628577818],[-73.034928063140981,-38.651330176678357],[-73.035047063169557,-38.651287724673075],[-73.035046791109693,-38.651281659491332],[-73.035170177497619,-38.651172156606499],[-73.035351571551502,-38.651209536071754],[-73.035473498867944,-38.651220167205594],[-73.035595427374375,-38.651230798232483],[-73.035777369783403,-38.651248159023453],[-73.035864889084976,-38.651249629073455],[-73.035998721238627,-38.651291929562447],[-73.036055699918307,-38.651302339673009],[-73.036091469634201,-38.651295223633554],[-73.036149650055549,-38.651272444868248],[-73.036297076199574,-38.651217454782625],[-73.036384074378049,-38.651144465506107],[-73.036475172242149,-38.651109181885246],[-73.036600776683755,-38.651021670232176],[-73.036863201506094,-38.650897335396024],[-73.037147418897646,-38.650844174724277],[-73.037268265751891,-38.650695842094841],[-73.037262905667703,-38.650469550531135],[-73.037113244925905,-38.650226911692116],[-73.036999907579485,-38.650059169525754],[-73.036631023178245,-38.649934290974308],[-73.036379161434482,-38.649882896273503],[-73.036174272859199,-38.649845823098687],[-73.035957845881796,-38.64978173445553],[-73.035592237374075,-38.649609655439377],[-73.032892686893135,-38.650116561468131],[-73.032833504151327,-38.650127673596863],[-73.032499786424168,-38.650185116231349],[-73.032377211469395,-38.650206214974673],[-73.030886555028019,-38.650478839243149],[-73.029767294088387,-38.650683526259158],[-73.028783666017134,-38.650890821427431],[-73.02828440778012,-38.650996046542197],[-73.028253536959753,-38.650914076385384],[-73.028225278692048,-38.650832207941058],[-73.027935704566303,-38.64999326174604],[-73.027615048796804,-38.649181070483252]]]},"properties":{"OBJECTID":90,"NOMBRE":"Vista Hermosa","LUGAR":"Vista Hermosa","Shape_Length":15087.204998110394,"Shape_Area":7483427.3461120306}},{"type":"Feature","id":91,"geometry":{"type":"Polygon","coordinates":[[[-73.033517481538794,-38.698347355486945],[-73.033756074378744,-38.69834962095161],[-73.034072166788775,-38.698250742701077],[-73.034273828990948,-38.698099120166788],[-73.034529255540036,-38.697907072103675],[-73.034753426781421,-38.697653602185156],[-73.034890480771523,-38.69749863426059],[-73.03499477706039,-38.697306955749553],[-73.035259715340374,-38.696820034447668],[-73.035517292159909,-38.696653093317451],[-73.035881452403274,-38.696587750858271],[-73.036045051073046,-38.696558396389463],[-73.036145679887767,-38.696451989715591],[-73.036163455707566,-38.696440180723826],[-73.036324278641757,-38.696333341615897],[-73.036357404418183,-38.696309333210166],[-73.036386748257371,-38.696379413652963],[-73.03644046386303,-38.696507696044115],[-73.041897090905834,-38.709536959378376],[-73.042096068864595,-38.709462906411275],[-73.042410559713417,-38.709485650979708],[-73.042845277684862,-38.709561127926513],[-73.0433259829598,-38.709800251418194],[-73.044654634483493,-38.711017682771391],[-73.045159593846819,-38.711787282152102],[-73.046437902162324,-38.713097272996585],[-73.047020054710913,-38.713697437939842],[-73.047642904679321,-38.714457735869971],[-73.048183537437367,-38.715085849090677],[-73.048490091751489,-38.715910407983053],[-73.048173745543309,-38.717934626701528],[-73.048140276169377,-38.718119018449961],[-73.048457792541612,-38.718457375594042],[-73.049035171388311,-38.718624939034854],[-73.049217418156772,-38.719278415296237],[-73.048227957091299,-38.719968095218093],[-73.050054938870076,-38.725698594449661],[-73.045936990790651,-38.727098810436516],[-73.045670813570652,-38.72642455088971],[-73.04517760861404,-38.725090760248861],[-73.044733829262753,-38.723995866042117],[-73.04257092564167,-38.718235644949445],[-73.039857528312012,-38.718825664929348],[-73.039525936494229,-38.718897763257154],[-73.038082552026196,-38.719269797361811],[-73.037748995714395,-38.718733900462773],[-73.037423313749869,-38.71799221127165],[-73.036107812510508,-38.714052273959062],[-73.035434474792353,-38.712238602165264],[-73.035144271601567,-38.7114360177234],[-73.035059961532113,-38.711202844990133],[-73.034264171870433,-38.709210680147152],[-73.034161239279868,-38.708952992771707],[-73.03448740773382,-38.70886637123057],[-73.035127790431943,-38.708724668927154],[-73.035458983972191,-38.708651381973425],[-73.035768170713553,-38.708582963945098],[-73.036099363016731,-38.708509675140263],[-73.0370489241255,-38.708299542342708],[-73.035293192235173,-38.703382053231742],[-73.033517481538794,-38.698347355486945]]]},"properties":{"OBJECTID":91,"NOMBRE":"Manzanal","LUGAR":"Manzanal","Shape_Length":8478.6828694607357,"Shape_Area":1817374.4927579467}},{"type":"Feature","id":92,"geometry":{"type":"Polygon","coordinates":[[[-73.002663556500352,-38.540733395445223],[-73.013756968442863,-38.538008030218975],[-73.019155041723977,-38.53672696929619],[-73.03574586479624,-38.533126186844207],[-73.039617015540486,-38.542252581796433],[-73.043542427572945,-38.541319871440848],[-73.05904020561853,-38.537635933368172],[-73.074536480543102,-38.533949899062918],[-73.079103587120599,-38.544714565526462],[-73.079571824034986,-38.545901210208378],[-73.079730164007799,-38.546087966203764],[-73.081593013514777,-38.550684044607316],[-73.083826665279616,-38.55621565762052],[-73.083553420613811,-38.556284149953619],[-73.06629019336097,-38.560609832558846],[-73.07188436615742,-38.574547388523769],[-73.073254122540263,-38.57813201997903],[-73.074186445616064,-38.580571694346844],[-73.074422777127793,-38.580698119122516],[-73.074442237346773,-38.580693301392316],[-73.078150456917967,-38.579775238997797],[-73.078169591451257,-38.579827620793267],[-73.078414082282535,-38.579768608945912],[-73.078687738899774,-38.57970255684377],[-73.079047348651244,-38.57961575665437],[-73.081312393586174,-38.579069006284392],[-73.084269744125521,-38.578355064020826],[-73.090474160724696,-38.576834496435836],[-73.091414746421194,-38.57665167613726],[-73.09214696098546,-38.576509351003587],[-73.093205870189664,-38.580488244636491],[-73.093631146178126,-38.581740495958229],[-73.09430663685356,-38.583729429533101],[-73.095388871118757,-38.586908770914789],[-73.093682783918226,-38.587284096714981],[-73.090379070118303,-38.58801080474241],[-73.090707626394291,-38.588580401621151],[-73.090707872735621,-38.589485902661664],[-73.091151052464454,-38.590172561939191],[-73.091570247560057,-38.59082204593728],[-73.089473347677185,-38.589761965666035],[-73.084326766825228,-38.590115197506279],[-73.083497606530429,-38.591148824982987],[-73.083233748812575,-38.59126683561275],[-73.083110143254501,-38.59132211772306],[-73.082876137931152,-38.591462868958985],[-73.082257605291318,-38.591834902007868],[-73.081862132127171,-38.592657427475885],[-73.081385443598649,-38.593270558029339],[-73.081718374479792,-38.593568612518169],[-73.081201561086814,-38.593772137490639],[-73.081067501330196,-38.59384199216403],[-73.081001828201849,-38.593879904915461],[-73.080718799424417,-38.594140758744231],[-73.080537117199384,-38.594319353019891],[-73.08049917028309,-38.594430117163974],[-73.08046543431395,-38.594528743383769],[-73.080369219736312,-38.594710265194912],[-73.080320938052054,-38.594916987448705],[-73.080223082091621,-38.595305996660919],[-73.080111457703921,-38.595700882857457],[-73.080028356462279,-38.595900930477669],[-73.079851702202532,-38.596328318129075],[-73.079687845821056,-38.596713191504975],[-73.079598382146088,-38.596932969907911],[-73.079518481292951,-38.597085768097571],[-73.079360272648458,-38.597258642659327],[-73.079033256015478,-38.597491304859673],[-73.078644606997727,-38.597774831147589],[-73.077843245374225,-38.59836895210227],[-73.077473980871773,-38.598654319303058],[-73.077336619793371,-38.598549183289421],[-73.077150057588781,-38.598406386795737],[-73.076779401539213,-38.598678263099139],[-73.076444042097464,-38.598924246512063],[-73.076439331331656,-38.598927840972706],[-73.076160214670935,-38.599140826094761],[-73.076147820488188,-38.599168087312414],[-73.076385617714735,-38.599338829764683],[-73.076279659597503,-38.599446197897599],[-73.076068444634586,-38.599660221823612],[-73.07593601908944,-38.59971699641514],[-73.075215990443922,-38.599840912806648],[-73.074591165119031,-38.599938965393775],[-73.074456187918514,-38.599959513278414],[-73.073605234250635,-38.600089050001323],[-73.072470284054177,-38.600285498908995],[-73.071246603958272,-38.600527774420833],[-73.070064260719661,-38.600750882545448],[-73.068840728003309,-38.600987032094352],[-73.06771465250587,-38.60121409710306],[-73.067106603024385,-38.601338326003606],[-73.06632616729118,-38.601510054896352],[-73.065144450081448,-38.601708710240032],[-73.064423624745061,-38.601832585306148],[-73.06396569283504,-38.601917950620845],[-73.063686879165445,-38.601969924880741],[-73.063728538327226,-38.60219261402063],[-73.064590136124991,-38.604584317275361],[-73.065311182556925,-38.606585745794476],[-73.067098727034121,-38.611213380053094],[-73.066995388726767,-38.611233083032822],[-73.066470407054311,-38.611333175179425],[-73.048282341364754,-38.614890552461226],[-73.040970876352759,-38.616485183873579],[-73.034353388533802,-38.617927999565708],[-73.032408920983514,-38.618417831540143],[-73.028820726257948,-38.61932163159512],[-73.021521556685613,-38.602456153643764],[-73.026016265176096,-38.601193268826734],[-73.024962222967588,-38.598520637898389],[-73.024039533666667,-38.596267149200841],[-73.021997636032637,-38.591079085144017],[-73.020022655845651,-38.585891214719126],[-73.01791539963989,-38.58054584617696],[-73.015857079927372,-38.575751173025026],[-73.009258801215239,-38.558242451901599],[-73.002663556500352,-38.540733395445223]]]},"properties":{"OBJECTID":92,"NOMBRE":"Chacamo","LUGAR":"Chacamo","Shape_Length":34537.213221456113,"Shape_Area":45984225.929575413}},{"type":"Feature","id":93,"geometry":{"type":"Polygon","coordinates":[[[-72.988588293640433,-38.870039489598085],[-72.988664902820503,-38.870042547631961],[-72.988745932948774,-38.870045782697751],[-72.988787930875134,-38.87004745954529],[-72.989033834446047,-38.87008028021954],[-72.989203871054997,-38.870102974282709],[-72.98945343425406,-38.870089096004143],[-72.989702998531115,-38.870075217209099],[-72.990011981433184,-38.869806892653791],[-72.98999242500156,-38.869765019939265],[-72.989916910421812,-38.869603336058368],[-72.990184213510403,-38.869468673091987],[-72.990522993648327,-38.869298000003859],[-72.990512254069714,-38.869168396488796],[-72.990507323307753,-38.869108898132446],[-72.990745653174486,-38.868902013463412],[-72.990894111149601,-38.86872006943117],[-72.990987019193341,-38.868606204918251],[-72.991019054875551,-38.868566943888723],[-72.99102480043986,-38.868559902042819],[-72.991025921256593,-38.868556649664569],[-72.991116198747108,-38.868294558795114],[-72.991141753673659,-38.868220369227487],[-72.991245694073484,-38.868205655254066],[-72.991261507955315,-38.868203416167809],[-72.991307336457751,-38.868196928836667],[-72.991473712515813,-38.867993367379846],[-72.991562842654517,-38.867845322304007],[-72.99163641036634,-38.86772312599696],[-72.991651972412825,-38.867697277146739],[-72.991794579841311,-38.867530726382384],[-72.991786455118614,-38.867500152279831],[-72.991760136424134,-38.867401108026243],[-72.992103726911083,-38.866821460798405],[-72.99217355995296,-38.866754214532968],[-72.992193766229988,-38.866734757245361],[-72.992186352919944,-38.866729563213418],[-72.992414607266298,-38.866601685743056],[-72.992424430709704,-38.866596181738942],[-72.992460083559067,-38.866392615201029],[-72.992468273152042,-38.866194930506332],[-72.992674806999176,-38.865803257900453],[-72.992924370573036,-38.865516412550789],[-72.992894125288629,-38.865431632917407],[-72.992897468033149,-38.865296566246002],[-72.992981662761252,-38.865158586208537],[-72.993173586674459,-38.864844056993256],[-72.993202467310084,-38.864706973955478],[-72.993283294940866,-38.864323319140887],[-72.993483889538297,-38.864122009650053],[-72.99371901240211,-38.864060984716616],[-72.993993929111255,-38.863989630587298],[-72.994160305132382,-38.863823070643583],[-72.99423892649213,-38.863711260036915],[-72.994334409399983,-38.863575467782873],[-72.994445520971283,-38.86320309429334],[-72.994600012896925,-38.862953251081223],[-72.994963442094289,-38.862698797609951],[-72.995219080739247,-38.86238162689498],[-72.995265516187899,-38.8623240135488],[-72.995374023468216,-38.862169727653971],[-72.995538846968842,-38.861935364647458],[-72.99575809990003,-38.861942448254467],[-72.995958929160508,-38.861948935876683],[-72.995977351740706,-38.861949531430959],[-72.996104242559554,-38.862040906916199],[-72.996188836235888,-38.86210182382716],[-72.997207290569833,-38.862835211052058],[-72.998845655464848,-38.86404190675001],[-72.999767145223203,-38.86472057915681],[-72.999946739940043,-38.86485284699863],[-73.002107932649537,-38.866411743604843],[-73.002258728746853,-38.866529754421464],[-73.002597263291392,-38.866794685741134],[-73.002916179614786,-38.866485707101106],[-73.003172134249652,-38.866373295345213],[-73.003444834322664,-38.866351953579262],[-73.003534112603461,-38.866216270161893],[-73.003651382781101,-38.866038042527741],[-73.004006197203097,-38.866048892977702],[-73.004051048499264,-38.866050264392953],[-73.004065990859658,-38.866050721689888],[-73.004591640134876,-38.865745273479149],[-73.004759219277219,-38.865505573366832],[-73.004912801583913,-38.865355472821875],[-73.004931535607327,-38.865273032513315],[-73.004772401623867,-38.865142775351686],[-73.00469312106317,-38.865077879999376],[-73.004454707796299,-38.864882727927288],[-73.00408027429863,-38.864576233272736],[-73.002791116384344,-38.863520958412238],[-73.002020400433793,-38.862873005177029],[-73.001495857471213,-38.862432003140263],[-73.001018594207494,-38.862093796949914],[-73.000746365300046,-38.861900883151286],[-73.000014139979328,-38.861309962994298],[-72.999934273569025,-38.861245508537095],[-72.99981373888275,-38.861148233436765],[-72.999307034085703,-38.860720013895779],[-72.999049983018864,-38.860502775935792],[-72.998237804295456,-38.859917231327458],[-72.998131292293962,-38.859797601381366],[-72.998065380491255,-38.859723572617995],[-72.997999793962038,-38.859649908009153],[-72.997897105838177,-38.859534572900785],[-72.998093904983278,-38.859547898647335],[-72.998160800482196,-38.859474971243522],[-72.998272163880344,-38.859353566232016],[-72.998486075757597,-38.859131471924677],[-72.998747523497101,-38.859122218323506],[-72.998949551976096,-38.859029679030499],[-72.999218148496752,-38.859131268426033],[-72.999365490636038,-38.859186996147692],[-72.999603170528971,-38.859112963981502],[-72.999959690943598,-38.859075948286907],[-72.999980688405913,-38.858984384836987],[-73.000001012258124,-38.858895760746826],[-73.000009003429355,-38.858860913877137],[-73.000019110910145,-38.858816836968785],[-73.000218573546206,-38.858758244116309],[-73.000289534982798,-38.858810119617885],[-73.000431807909379,-38.858799496717026],[-73.000484322283199,-38.858795575546552],[-73.000602294299838,-38.858732175032344],[-73.000697191033908,-38.858681174909989],[-73.000720266134778,-38.858668773492077],[-73.001076784693254,-38.858520708383246],[-73.001274989193377,-38.858210646198778],[-73.00144001702364,-38.858085203750406],[-73.00172919015121,-38.858002043490821],[-73.001950271799601,-38.857789557816183],[-73.002024683014568,-38.857608779719776],[-73.002094947999296,-38.85756174676937],[-73.002233685047173,-38.857546098206896],[-73.002436023312967,-38.857573852320719],[-73.002528076078733,-38.857493261416252],[-73.002628076445731,-38.857420377842175],[-73.002644737010399,-38.857408951147697],[-73.002654020252237,-38.857401469141955],[-73.002746924387424,-38.857326594404903],[-73.002916883048215,-38.857293457416745],[-73.002930302972715,-38.857287469791046],[-73.003033588487696,-38.857241385826136],[-73.003247440955832,-38.857287095872906],[-73.003316215661329,-38.857311546838929],[-73.003460453928469,-38.857362828249371],[-73.003584670406369,-38.857316892684686],[-73.003719254139568,-38.857175013981582],[-73.003790889780802,-38.857086126681146],[-73.003952664481574,-38.857070869951237],[-73.004032650589266,-38.856958095415983],[-73.004173065103529,-38.856882398145991],[-73.004404961795714,-38.856832295143953],[-73.004591453230262,-38.856757384922751],[-73.004794614991809,-38.856590439579506],[-73.005219603899377,-38.856549446269348],[-73.005607438309468,-38.85641789919309],[-73.00562850200869,-38.856214004818789],[-73.005617576365793,-38.856090069271481],[-73.005610999859826,-38.85601545799264],[-73.005673360212185,-38.855962571609062],[-73.005729043367438,-38.855915347709249],[-73.005912511673117,-38.855948518483444],[-73.006005403811628,-38.855834857385744],[-73.006023881979488,-38.855812247788094],[-73.006023165967974,-38.855810611884358],[-73.005944440496464,-38.855630666663046],[-73.00613642589758,-38.855633945451267],[-73.006232064680233,-38.855785765954224],[-73.006258589408276,-38.855936406174109],[-73.006337065078185,-38.855996235492157],[-73.006358724616348,-38.85601274838988],[-73.006371434195628,-38.856022438054339],[-73.006469107382486,-38.856037329508716],[-73.006566780613511,-38.856052220882411],[-73.006593299951305,-38.856056264314226],[-73.006746423476159,-38.856070589415545],[-73.006907487982176,-38.85608565807923],[-73.00708029201769,-38.855950435076871],[-73.007364111404115,-38.855829121940872],[-73.007647930998189,-38.855707808106537],[-73.00765481607958,-38.855704060131693],[-73.007749021457215,-38.855652773855802],[-73.007893638421621,-38.855574042357091],[-73.008129634039861,-38.855445562591022],[-73.008715578572463,-38.855428482178233],[-73.008979831878563,-38.855481105310268],[-73.009062258273403,-38.855497519548585],[-73.009375502120392,-38.85562902897037],[-73.00961274307808,-38.85566904859234],[-73.009834176222654,-38.85568637857201],[-73.010088312588593,-38.855663681722334],[-73.010277352975294,-38.855702926229405],[-73.010446308910687,-38.855868030718391],[-73.010599130456811,-38.856068809789946],[-73.010961976347247,-38.856151602896183],[-73.011247109768675,-38.856156473653272],[-73.011357713914265,-38.856167347293635],[-73.011444281085886,-38.856293580819134],[-73.011489352483878,-38.856281295085374],[-73.011595549853368,-38.856264092688257],[-73.011634918990765,-38.856331411390599],[-73.011697323664052,-38.85646059231221],[-73.011588781503818,-38.856504291431143],[-73.011321216486124,-38.856566068012242],[-73.011186389173645,-38.856765908273132],[-73.011123826167648,-38.857155640294835],[-73.010774789521349,-38.857311403792949],[-73.010344851144652,-38.857587069473297],[-73.010047385883283,-38.857953556617645],[-73.009835747291405,-38.858130581758139],[-73.009780726637985,-38.858176602500386],[-73.009579324452261,-38.858257018160565],[-73.009315138955415,-38.85836260039693],[-73.009218782389681,-38.858550333650797],[-73.009150850984369,-38.858788744896778],[-73.008783494763094,-38.858673451519678],[-73.008613230981808,-38.858839468297063],[-73.008487386506815,-38.858957106073042],[-73.008234027991932,-38.859252245779352],[-73.00787748557525,-38.859401883138958],[-73.007719341893917,-38.859578861982918],[-73.007658405696347,-38.859536989678681],[-73.007562134454631,-38.859722316252586],[-73.007753516789492,-38.860001086986919],[-73.00760105459004,-38.859974528382999],[-73.007614274568937,-38.860216999572465],[-73.007624728699341,-38.860224084449825],[-73.007617013137533,-38.860267225240257],[-73.00758842037834,-38.860427099029025],[-73.007524493733797,-38.860521835491888],[-73.007458993124501,-38.860709720720408],[-73.007469385755101,-38.860908105304119],[-73.007529762326158,-38.861017241618441],[-73.007666967469973,-38.861208835787927],[-73.007693965274314,-38.861432812125813],[-73.007705602217953,-38.861529348115774],[-73.007729623103501,-38.861804526598043],[-73.007756724436632,-38.861967216828418],[-73.007657549932816,-38.862114165401849],[-73.00734529512232,-38.862514364619379],[-73.007164472726132,-38.862750026741963],[-73.00715788023119,-38.862984204398536],[-73.007012553985447,-38.863080779448687],[-73.006812618051839,-38.86337567071886],[-73.006429614843896,-38.863433725830532],[-73.006317472956013,-38.863584487512405],[-73.006358398294239,-38.86376486270467],[-73.006446267770272,-38.863910105140839],[-73.006273465225775,-38.864062874622483],[-73.006342677108009,-38.864327582708626],[-73.006138241698736,-38.864515746131794],[-73.006415669975354,-38.865057361982444],[-73.006452432843233,-38.865467988833821],[-73.006367359515906,-38.865651282503634],[-73.006131127633594,-38.86562473030542],[-73.00599524534762,-38.8657949990981],[-73.0058047805569,-38.866031315030959],[-73.005886963329715,-38.866380094685709],[-73.006139614813648,-38.86665991441852],[-73.006396617014545,-38.866784087603214],[-73.006482817502942,-38.866989193557686],[-73.006445832646932,-38.867216152789126],[-73.006390856666869,-38.867538632084319],[-73.006259640980176,-38.867847830922628],[-73.005883051525302,-38.868164816963272],[-73.005414684448212,-38.868230933379074],[-73.005292646804364,-38.868408083826218],[-73.005319461030354,-38.8685842914172],[-73.005535630822749,-38.868786143001152],[-73.005787376507982,-38.868853586639283],[-73.005925097538352,-38.869000049492364],[-73.005918469301918,-38.869238730497479],[-73.005734992848872,-38.869591457144885],[-73.005680058638532,-38.86982936696203],[-73.005550743931636,-38.870299444420311],[-73.005503674157225,-38.870470550317201],[-73.005306046373192,-38.871332186947441],[-73.005112043093774,-38.871951615627573],[-73.004957991124158,-38.872443476474096],[-73.004869230685472,-38.872873789343849],[-73.004186633026663,-38.872787746074351],[-73.001616408094264,-38.869463172143114],[-73.001567424478878,-38.869399809680793],[-73.0015257064248,-38.869223016417962],[-73.001174613451028,-38.867735115511415],[-73.001090933769504,-38.867380482863375],[-73.00104186368965,-38.867407322566443],[-73.000975633441385,-38.867406184003315],[-73.000788348573067,-38.867402964313897],[-73.000505427202768,-38.867321540626186],[-73.00037688958389,-38.867382411749723],[-73.000214363049551,-38.867528286546964],[-73.000050819474851,-38.867710215855453],[-72.999934601081264,-38.867870439670419],[-72.999915377717144,-38.868018782554287],[-72.999914087341196,-38.868064403443704],[-72.999910794259279,-38.868180850376241],[-72.99998590606728,-38.868303803502549],[-73.000437400430911,-38.869001222000563],[-72.99992456702654,-38.869298534111039],[-72.999730546706616,-38.869550963254937],[-72.999513573844013,-38.869510709205954],[-72.99947011335513,-38.869566125257784],[-72.999444617193092,-38.869598636600088],[-72.999400480025869,-38.869654915936152],[-72.999251463786848,-38.869969008519796],[-72.99889227958684,-38.869985287084461],[-72.998861499808172,-38.869986682285749],[-72.998566943456751,-38.870213028253737],[-72.998272385236788,-38.870439373420517],[-72.997895377404717,-38.870511497743657],[-72.997641950729076,-38.870507219667424],[-72.997278370238774,-38.870478441628698],[-72.996913577284715,-38.870485633603053],[-72.996690158375444,-38.870540388932774],[-72.996351235000915,-38.87075984258167],[-72.996090410677766,-38.871016690874626],[-72.995819054106093,-38.871084073208884],[-72.995693379709181,-38.87129634895517],[-72.995633789009986,-38.871385198895901],[-72.995580468204679,-38.871464700972155],[-72.99537751846232,-38.871741431534886],[-72.995174565936296,-38.872018162571401],[-72.994893332222446,-38.8721602312391],[-72.994612096253135,-38.872302299176319],[-72.994575578728785,-38.872364912947845],[-72.994527934503566,-38.872446604237808],[-72.99444559248272,-38.872587790469481],[-72.994468154060286,-38.872630962014902],[-72.994490716791006,-38.872674134476796],[-72.994585176270618,-38.872698273221467],[-72.994963885797745,-38.872754366923495],[-72.995523782448458,-38.872952159168634],[-72.995856836508381,-38.873069814209593],[-72.995995297023697,-38.873561559781571],[-72.996040557945022,-38.873646123293575],[-72.996605627051025,-38.874722713983829],[-72.996616227077951,-38.874947740670081],[-72.996695587383442,-38.875134269295295],[-72.996666423323248,-38.875570232902795],[-72.996484986151032,-38.875852290936699],[-72.996373972979171,-38.875889700524311],[-72.993206728517123,-38.876956939974981],[-72.993112864278672,-38.876988566440339],[-72.992505101291371,-38.877193344084588],[-72.991618347141539,-38.877495983832929],[-72.991518253546474,-38.877530143661801],[-72.991328842570439,-38.87759478574678],[-72.990536408568062,-38.87786522333473],[-72.990387180850803,-38.877916150721504],[-72.988756932832786,-38.878472484811425],[-72.988866465808883,-38.87823852317608],[-72.988892989683308,-38.878181868895879],[-72.989110863206406,-38.877716488120051],[-72.989251198632928,-38.877121642213766],[-72.989339732405455,-38.876513201030065],[-72.989480450473579,-38.875823681327077],[-72.989516597585691,-38.875390994737735],[-72.989432722680874,-38.874768683124287],[-72.989331956830299,-38.874131937813857],[-72.989327791254283,-38.873824496469247],[-72.989368575454762,-38.873483596240256],[-72.989646407477053,-38.873024351921735],[-72.98983832924344,-38.872470210823046],[-72.989926271125057,-38.872017244955359],[-72.988064246851138,-38.873326176515249],[-72.988147263136653,-38.873209828297462],[-72.988707453972168,-38.872424697832109],[-72.988665158639648,-38.872170324664133],[-72.988597851345858,-38.871765526784671],[-72.988582308095317,-38.871672042246225],[-72.988585816062468,-38.870715286574111],[-72.988586640719433,-38.87049041916061],[-72.988588293640433,-38.870039489598085]]]},"properties":{"OBJECTID":93,"NOMBRE":"Lliuko","LUGAR":"Lliuko","Shape_Length":11272.851567313335,"Shape_Area":1853084.5152037088}},{"type":"Feature","id":94,"geometry":{"type":"Polygon","coordinates":[[[-73.068849814503309,-38.823946861939582],[-73.069039162827863,-38.823972493028975],[-73.069096155960821,-38.823995280474762],[-73.069133208251714,-38.824010094573936],[-73.069322807130703,-38.824026802621844],[-73.069426205374924,-38.824068813321801],[-73.069439966438253,-38.824074404771054],[-73.069493512488918,-38.824096161002998],[-73.069552782820267,-38.824248544588379],[-73.069717104681274,-38.824348033742012],[-73.069943275968001,-38.824332506421143],[-73.070057939658966,-38.824324634867992],[-73.070348043888018,-38.824339001463692],[-73.070471816263336,-38.824345130085284],[-73.070572476281242,-38.824298836446168],[-73.070592393914083,-38.824289675624591],[-73.070691615690691,-38.824244042919418],[-73.070712971381042,-38.824234221034089],[-73.070859119415388,-38.824305684775496],[-73.070879657281154,-38.824439917734551],[-73.070923758939841,-38.824562286511629],[-73.071078124375319,-38.824713583813057],[-73.071434633126785,-38.825003253705844],[-73.071436660271644,-38.825007313985608],[-73.071545104475348,-38.825224571657017],[-73.071554797536621,-38.82524399171524],[-73.071605721468856,-38.825300823109494],[-73.071677792923737,-38.825381255329177],[-73.0717597999258,-38.825412579301876],[-73.071850166406151,-38.825447096705645],[-73.071872243901112,-38.825505049278974],[-73.071953793294455,-38.825719118823017],[-73.071997664535047,-38.825771395026138],[-73.072060627428854,-38.825846418093803],[-73.072091825442229,-38.825883592447624],[-73.072219233620743,-38.826104796502996],[-73.072228085942527,-38.826120165912144],[-73.072229862621441,-38.826434793180447],[-73.072019983264042,-38.826711689072098],[-73.071748439774026,-38.82686910146186],[-73.071490478352828,-38.827040555132442],[-73.071406740559112,-38.827210338853639],[-73.071446764580685,-38.827485843259566],[-73.071396172409905,-38.827678332998694],[-73.071371785107786,-38.827771119760108],[-73.071427990592255,-38.828133334715112],[-73.071452380407692,-38.828452014304524],[-73.071654967738993,-38.828687616679574],[-73.071954988601533,-38.828607039841927],[-73.072157489850568,-38.82873648429176],[-73.072361897058158,-38.828789500180918],[-73.072458159753054,-38.828799522949794],[-73.0726696411962,-38.828821541738868],[-73.07294484577254,-38.828907187959658],[-73.073162668453762,-38.829050502911926],[-73.073170092538533,-38.829059094395653],[-73.073427948778942,-38.829357473681888],[-73.073344626540973,-38.829647970542545],[-73.073328335070784,-38.829769788007553],[-73.073322693263862,-38.829811978596105],[-73.073302446135926,-38.829945663423523],[-73.073277376493465,-38.830102770817511],[-73.073290799144743,-38.830223959405139],[-73.073303703520565,-38.830400679380347],[-73.073316609093496,-38.830577399369695],[-73.073102842870071,-38.830720584314697],[-73.073101235650952,-38.830721660682435],[-73.073100722026581,-38.830723961603418],[-73.07306653917118,-38.830877238658822],[-73.073057435496096,-38.830918060170312],[-73.07310996414337,-38.831009249263104],[-73.073162491793752,-38.831100437414698],[-73.073196620899196,-38.831125864162409],[-73.073316822834769,-38.831215415213151],[-73.073410452927661,-38.831285171370922],[-73.073583668939918,-38.831386952711888],[-73.073756886577712,-38.83148873472642],[-73.074075442255051,-38.831502590273949],[-73.074226231009717,-38.831466019111829],[-73.074407541395487,-38.831422046109047],[-73.074715415609603,-38.831574756996631],[-73.074804335244494,-38.831706442080723],[-73.074868761131228,-38.831801854234939],[-73.074926211537473,-38.832172096543658],[-73.074945430906823,-38.832211016237906],[-73.075000336243647,-38.832322203772613],[-73.07514042811907,-38.832433944861791],[-73.075289867279196,-38.832553141970543],[-73.075562840787654,-38.832732696232476],[-73.075654129041482,-38.83291183035351],[-73.075763224591469,-38.833144799233281],[-73.075874328077987,-38.833311153893113],[-73.076010556530775,-38.83334134186611],[-73.076098928994554,-38.833547111348878],[-73.076249126850414,-38.833687218740103],[-73.076454521501248,-38.833819633717411],[-73.076496159557323,-38.833865127981916],[-73.076497016777438,-38.833866064778881],[-73.07660269626426,-38.833981529909074],[-73.076633805707573,-38.834177959804407],[-73.076644477144839,-38.834245342320216],[-73.076686086046635,-38.834508064306561],[-73.076745925411657,-38.834689636849355],[-73.076936109129832,-38.834954110011118],[-73.077271666771324,-38.835139808927778],[-73.077626230476838,-38.83512762892731],[-73.078078902996282,-38.835162106175645],[-73.078513568433095,-38.835223311523912],[-73.078965401205735,-38.835451547244375],[-73.079458440695944,-38.835698387178702],[-73.079822690256179,-38.835916170422145],[-73.079950282255496,-38.836152494154241],[-73.079986855330631,-38.836346871216719],[-73.079987630449395,-38.836639666353165],[-73.079895233306615,-38.836967053554162],[-73.079870203790492,-38.837255009198294],[-73.079893086476531,-38.837665369407745],[-73.080189024556063,-38.837915631193539],[-73.080280590159134,-38.838248384776271],[-73.080695608177095,-38.838426371542873],[-73.080890662034932,-38.838591823413914],[-73.08102234770891,-38.838729117367805],[-73.081477320250102,-38.838919379734705],[-73.081825615600636,-38.839021043772306],[-73.082014131186469,-38.839281517625629],[-73.082262489935189,-38.839443248293563],[-73.082306140758547,-38.839696297488196],[-73.08230618962412,-38.83993511843628],[-73.082334597522234,-38.840246383811888],[-73.08237331668461,-38.840555047768163],[-73.082258265511911,-38.841136587392221],[-73.082061812609368,-38.841107899824735],[-73.081536948482963,-38.841262174380063],[-73.081375039212887,-38.84130865573195],[-73.080865195882296,-38.841432322040276],[-73.080666006104565,-38.841498522803633],[-73.080273288116359,-38.841629042172812],[-73.079859752885952,-38.841736936697728],[-73.079676360119507,-38.841739655158705],[-73.079492967326857,-38.841742374231863],[-73.079395851412599,-38.841760779359149],[-73.078991783779102,-38.841837355498001],[-73.078491483965479,-38.842012151619066],[-73.078458813048044,-38.84202356643523],[-73.078160694506266,-38.842202170975916],[-73.077729408058303,-38.842424460479798],[-73.077571495941129,-38.842370541444176],[-73.077482362082705,-38.842340106969942],[-73.077212479977263,-38.842014519725943],[-73.076753885447829,-38.841617006979931],[-73.076205634227378,-38.841825894862424],[-73.075970074988959,-38.841906257476772],[-73.07582079168354,-38.841957186662185],[-73.075721141339727,-38.842158212443927],[-73.075677914740226,-38.842245411090936],[-73.075634689158719,-38.842332610637676],[-73.075418648107899,-38.842730479776861],[-73.075313820826651,-38.843004278780533],[-73.075213554986291,-38.843266161682784],[-73.075148429525441,-38.843505946121482],[-73.075156225036167,-38.843560408864022],[-73.075173112354634,-38.843678394151041],[-73.075259506436254,-38.84428198658339],[-73.075258425606762,-38.844322088030751],[-73.075273895364219,-38.844382515163964],[-73.075360143570151,-38.844985076068511],[-73.074963326144228,-38.845312541388601],[-73.074905233949153,-38.845499807606252],[-73.074873389638299,-38.845602457328297],[-73.074564606971023,-38.845631773494254],[-73.07420107987474,-38.845651585440287],[-73.0739598891317,-38.845621800299917],[-73.073909320668676,-38.845457527420258],[-73.073669754306664,-38.845367554917473],[-73.073572423848631,-38.845305734717456],[-73.073341804796755,-38.845300292486577],[-73.073141770797278,-38.845367445714267],[-73.072680916334988,-38.845325431448529],[-73.072415184131799,-38.845389860893043],[-73.072384520791644,-38.845303334173842],[-73.072343326585511,-38.845199429851483],[-73.07226001029521,-38.84497000767815],[-73.072021375935876,-38.844901644466816],[-73.071956175508632,-38.844487104056768],[-73.071704534621418,-38.844414696885082],[-73.071500280432602,-38.844239282585797],[-73.071204790689819,-38.843951593951594],[-73.070761704523676,-38.843891602309242],[-73.070413130174558,-38.843765413701391],[-73.070194168632341,-38.843727386753763],[-73.069969410635323,-38.843511545037877],[-73.069276206323437,-38.843505762629732],[-73.06910349691664,-38.843364982212712],[-73.069102106970902,-38.843355069306725],[-73.068901999328432,-38.843140081005359],[-73.068892151224304,-38.84291917447176],[-73.068690662472662,-38.842726565769297],[-73.06841017225706,-38.842550760099563],[-73.068223230474985,-38.842434995781005],[-73.068082715683346,-38.842360654667225],[-73.067879900679557,-38.842244632589505],[-73.067458746030226,-38.842003402853095],[-73.066968825952486,-38.842041006515039],[-73.067089542864508,-38.84185213279229],[-73.067123487242824,-38.841607052313108],[-73.067122528061276,-38.841570889024318],[-73.067117657666685,-38.84138729070488],[-73.067114368275483,-38.841263324794717],[-73.067169202879327,-38.841200445345372],[-73.067174152805805,-38.841194769571104],[-73.067187949125156,-38.84117894933641],[-73.067261529823071,-38.841094572925456],[-73.067176498752218,-38.840975213557726],[-73.067108859917568,-38.84088026763262],[-73.066960701530874,-38.840557708110296],[-73.06714289399946,-38.840377263067218],[-73.067170721555115,-38.840349701933881],[-73.067137370256248,-38.840278980623559],[-73.067110769026485,-38.84022257248467],[-73.066939339814624,-38.84012058227173],[-73.066862776482068,-38.840020236242069],[-73.066832272815418,-38.839841937882682],[-73.066800224586018,-38.839654605243481],[-73.066800103301233,-38.839653893208194],[-73.06675474081699,-38.839388734495884],[-73.066805786165361,-38.839203857863708],[-73.066827625689342,-38.838978964126319],[-73.066754342602778,-38.838785013578985],[-73.066775624457492,-38.838313959032803],[-73.066813641656466,-38.838065211081066],[-73.06656338180251,-38.837763280543079],[-73.066736341289172,-38.837576946142406],[-73.066931893242625,-38.836935265766655],[-73.06701908759247,-38.836801994017264],[-73.067229306897545,-38.83648068192111],[-73.067202454860052,-38.836304492095174],[-73.06704450966744,-38.836287842070703],[-73.066814266432104,-38.836263569572132],[-73.066721613902075,-38.83528301640856],[-73.066615026248726,-38.834680496091096],[-73.066679695750864,-38.834561415277143],[-73.066745578023287,-38.83449333594681],[-73.066845634334584,-38.834389943379399],[-73.06683694135134,-38.834143489156382],[-73.066752158206327,-38.833870544036969],[-73.066622626545808,-38.833423685042753],[-73.066620206993946,-38.833313702371285],[-73.066705486870276,-38.833040728063231],[-73.066483325386571,-38.832916842466318],[-73.066413231275305,-38.832877755738629],[-73.06641677839275,-38.832798157072638],[-73.066425451966879,-38.832603546656088],[-73.066402836122947,-38.832606182594915],[-73.066345904729872,-38.832612818646844],[-73.066266356298584,-38.83262209146443],[-73.066109548746397,-38.832640368491305],[-73.066036366860743,-38.832631402091309],[-73.066016650634452,-38.832583394659068],[-73.065965927561734,-38.832459890951739],[-73.065913357603492,-38.832331891926174],[-73.065920141666552,-38.832298019350176],[-73.065543798103747,-38.83205974707608],[-73.065135077753283,-38.831799292118397],[-73.064854614051228,-38.831608345366142],[-73.064863053349185,-38.831493175036734],[-73.064892889168576,-38.831233318908119],[-73.065098274091753,-38.830966102292209],[-73.06537734213822,-38.8307735263312],[-73.065667347363828,-38.830524286239964],[-73.065957162854076,-38.830320535428243],[-73.066231066731618,-38.830065892128182],[-73.066494860926241,-38.82984081005791],[-73.066553809136508,-38.829642153628413],[-73.066593285953914,-38.829443446009321],[-73.066438422392409,-38.82903053779868],[-73.066107961732214,-38.828693726688044],[-73.065875122807952,-38.828280697788415],[-73.065661589920595,-38.827944020727152],[-73.065370214363625,-38.827546146432873],[-73.065215175450788,-38.827217283757392],[-73.065020896778407,-38.826980109563372],[-73.064923770649713,-38.826834722140212],[-73.064893972133916,-38.826796695976149],[-73.064784408575377,-38.826638326336479],[-73.06475634217864,-38.826555233015135],[-73.064588260460141,-38.826304630447062],[-73.064500513303685,-38.826238483400829],[-73.0643560275265,-38.82612956365476],[-73.064202141384683,-38.82596482275023],[-73.064115157360561,-38.825666099633786],[-73.064351087221752,-38.825706054220717],[-73.06466674609652,-38.825747281879366],[-73.0647919738459,-38.82579892845056],[-73.065013686898766,-38.825802637389799],[-73.065165899122647,-38.825941450581425],[-73.06525049555654,-38.82599672780924],[-73.065327982868283,-38.826047360320338],[-73.065490437670604,-38.826174174074083],[-73.065513749960871,-38.826192372230373],[-73.065713495366325,-38.826208042344305],[-73.065826494241605,-38.826216906970366],[-73.065991728159815,-38.826088248526226],[-73.06604554618518,-38.826046342527789],[-73.066009007130376,-38.825918235000685],[-73.066238289519077,-38.825638202318565],[-73.066337658460512,-38.825477602492626],[-73.066579208383473,-38.825332936309714],[-73.067007181021594,-38.825317472960087],[-73.067337827692413,-38.82522961978637],[-73.067453860372808,-38.825198789430502],[-73.067617230450651,-38.825016776216501],[-73.067700624620073,-38.82492536213956],[-73.067639980415294,-38.824828473250676],[-73.067574131283948,-38.824723270697802],[-73.067470904773813,-38.824568301710507],[-73.067731671518729,-38.824297793856466],[-73.06786256142999,-38.824142306843989],[-73.068010018902925,-38.824005273387328],[-73.068231884013741,-38.823959142378861],[-73.068485139680973,-38.823963365522296],[-73.068849814503309,-38.823946861939582]]]},"properties":{"OBJECTID":94,"NOMBRE":"Fdo. Sta Teresa","LUGAR":"Fdo. Sta Teresa","Shape_Length":7418.7378963457277,"Shape_Area":1864546.2729890158}},{"type":"Feature","id":95,"geometry":{"type":"Polygon","coordinates":[[[-72.883541780698735,-38.707231486272534],[-72.883614291501871,-38.707210089324548],[-72.883706526483337,-38.70718287100096],[-72.883744345016382,-38.707171710614624],[-72.883830207770558,-38.707146373531756],[-72.883845340764026,-38.707095066257388],[-72.883858710468999,-38.707049738832886],[-72.883978970172933,-38.706950306080358],[-72.8840470010975,-38.706923269201859],[-72.884235153721846,-38.706848494264989],[-72.884258724361146,-38.706833585139904],[-72.884293732888551,-38.706811440415521],[-72.88439875831547,-38.706745007075867],[-72.884399620223178,-38.706743504414682],[-72.884522439472832,-38.706529508879861],[-72.884534028719216,-38.706345852108115],[-72.884514473600731,-38.706171308867177],[-72.884531806900569,-38.706002271901141],[-72.884689036047916,-38.705770714933621],[-72.884791755375971,-38.705638651430895],[-72.885127243139749,-38.705648276044784],[-72.885235258286116,-38.705651374778725],[-72.88576417680747,-38.705666545291294],[-72.885774925155189,-38.705749799054239],[-72.885827517136207,-38.7057687613772],[-72.886113529204081,-38.705918097385045],[-72.88626624036317,-38.706128064684989],[-72.886337935108088,-38.706399713832802],[-72.886415758741862,-38.706441700685481],[-72.886648625313455,-38.706612526614137],[-72.88675413816037,-38.706614507368705],[-72.886913061791205,-38.706617321205933],[-72.887011749927396,-38.706684321281337],[-72.887042668926227,-38.706705312363468],[-72.887100353248925,-38.706771357542458],[-72.887170616059279,-38.706851803531521],[-72.887182463431117,-38.706852014992009],[-72.887302784288622,-38.706854157512993],[-72.887565234550692,-38.706921964545124],[-72.887772881464215,-38.70706985404901],[-72.887901951810363,-38.707175872610001],[-72.888033448245039,-38.707200761412636],[-72.888322477222928,-38.707246519062998],[-72.888481312253873,-38.707249424689991],[-72.888598646877767,-38.707303331108584],[-72.888715982804442,-38.70735723833517],[-72.888843933417775,-38.707503726863393],[-72.888922960098526,-38.707527660607525],[-72.889055807283768,-38.707507566299974],[-72.889289362370761,-38.707655940887214],[-72.889337125289885,-38.707778639309822],[-72.889338815682592,-38.707782980441593],[-72.889469774319338,-38.707825896877033],[-72.889627849119762,-38.707828734968821],[-72.889720227137616,-38.707795549536613],[-72.889735331561624,-38.707790123131019],[-72.889783523036684,-38.707797584377822],[-72.889823917675514,-38.707803837999322],[-72.889866962388325,-38.707810502573032],[-72.889997787758006,-38.70785792485006],[-72.890076919596481,-38.707859340765239],[-72.89015765543148,-38.707797755579271],[-72.890289825682018,-38.707800105332659],[-72.890422000196608,-38.707802545118113],[-72.890529038552074,-38.707781958074229],[-72.890557269301894,-38.707701319338099],[-72.890706706554568,-38.707605024616591],[-72.890790712453239,-38.707563299395702],[-72.890907684246841,-38.707526494011979],[-72.891062885930339,-38.707503349791565],[-72.891238244104144,-38.707545429974196],[-72.891469521477489,-38.707562574867126],[-72.891629476902182,-38.707565460389247],[-72.891799954723339,-38.707585831981959],[-72.89183338488472,-38.707595544552476],[-72.891958640607854,-38.707631935386594],[-72.892061660579031,-38.707694331139315],[-72.892186363916991,-38.707770090214368],[-72.892339152804666,-38.707829058228732],[-72.892520917966323,-38.707840984071353],[-72.892540084430237,-38.707846109718332],[-72.892624954131733,-38.70786880466877],[-72.892717706226406,-38.707905069974629],[-72.892865995375615,-38.707929364089729],[-72.892970413674774,-38.707944218899961],[-72.893134490015839,-38.707994742019054],[-72.893227495173548,-38.708022363237731],[-72.893362678978576,-38.70806532986699],[-72.893488440331922,-38.708101866047009],[-72.893565916319005,-38.708144385249192],[-72.893634248258991,-38.708200446333798],[-72.893644098633672,-38.708222979728113],[-72.893662937305905,-38.708266074805536],[-72.893679417098923,-38.708300640409348],[-72.893747347101979,-38.708370402712113],[-72.89379352038074,-38.708436346231046],[-72.893848940762624,-38.708485321157063],[-72.893920940532908,-38.708565437641909],[-72.893954403114748,-38.708617444433074],[-72.894052932082303,-38.708687757021231],[-72.894134278606757,-38.708747480800454],[-72.894237984210989,-38.708790472154568],[-72.89436781684428,-38.708837360795258],[-72.894484736385024,-38.70887716240609],[-72.894644181702091,-38.708908592418517],[-72.894813607471974,-38.70889793657323],[-72.89493600485622,-38.708900141102745],[-72.895105029837438,-38.708903185242576],[-72.895157059455514,-38.708904122246743],[-72.895233255702294,-38.708905494427192],[-72.895314586084723,-38.708916097429288],[-72.89539564860101,-38.708935833970024],[-72.895457617342331,-38.709010057159787],[-72.895456143969625,-38.709060291931095],[-72.895437275345287,-38.709137955811244],[-72.895436248731258,-38.709142179454638],[-72.895411193578866,-38.709201127114092],[-72.89537367770447,-38.709287266542368],[-72.895394982402451,-38.709356188309307],[-72.895509675800298,-38.709422222446456],[-72.895583972890307,-38.709473821506577],[-72.89575628319264,-38.709563738842476],[-72.89587218368591,-38.70958867147867],[-72.895999071726379,-38.709636647841535],[-72.896192080950868,-38.709617276133905],[-72.896327475594859,-38.70957402107404],[-72.896474527089808,-38.709530975651539],[-72.896557598778983,-38.709482209410375],[-72.896582700178783,-38.709460924296245],[-72.896647302067933,-38.709406147193747],[-72.896793688298999,-38.709399001523664],[-72.896891747467393,-38.709400766045803],[-72.896983890078232,-38.709437016127502],[-72.896999997793984,-38.709446083957715],[-72.897075582403687,-38.709488633503526],[-72.897156906596379,-38.709559281800622],[-72.897263870741924,-38.709591955363038],[-72.8973323992075,-38.709597032097669],[-72.89740092883396,-38.709602108813044],[-72.89747683708454,-38.709522757650241],[-72.897516194807821,-38.709502956917007],[-72.897675994875101,-38.709422562029033],[-72.897789550577784,-38.709397699267846],[-72.897891612698629,-38.709430284086643],[-72.897997114028485,-38.709512897343224],[-72.898054486686746,-38.709563896727559],[-72.898101602760164,-38.709630086202026],[-72.898170759600347,-38.709781231699615],[-72.898210541825861,-38.70982584882605],[-72.89822300426809,-38.709839825618801],[-72.898313685334443,-38.709926015952085],[-72.898479036552914,-38.709975112877551],[-72.898621223932281,-38.709977669395464],[-72.898682098093204,-38.709958767814435],[-72.898749938959867,-38.709937703691324],[-72.898908747383942,-38.709875216526001],[-72.898977311041236,-38.709885546037164],[-72.89929138928909,-38.709932863201765],[-72.899553456686917,-38.710194493331691],[-72.899796321378091,-38.710389475157108],[-72.899921789374758,-38.710459233427258],[-72.899988873285309,-38.710496531140798],[-72.900290430587731,-38.710623177751309],[-72.900869699168595,-38.710916145103148],[-72.90109683110623,-38.710924932187247],[-72.902010509236334,-38.710930976422979],[-72.903062924702823,-38.710901216317431],[-72.904063071836475,-38.710962937991155],[-72.905183126910288,-38.710977703114665],[-72.906653579010268,-38.711372502135518],[-72.907492342349911,-38.711860024419956],[-72.907820216584454,-38.712720092196435],[-72.908148064795554,-38.713522773512786],[-72.908059831244387,-38.715072209393917],[-72.908622836404703,-38.717096253115621],[-72.909890950752228,-38.718272403103583],[-72.910703880371372,-38.718937270680094],[-72.910942305531776,-38.719953201022527],[-72.911516208576714,-38.721186739176972],[-72.912881917844871,-38.722490721696929],[-72.913476552239715,-38.72312104226242],[-72.914928933028975,-38.724349794671262],[-72.916888971079402,-38.726268000829577],[-72.91898283940624,-38.727467597343022],[-72.921307839867424,-38.728755409015456],[-72.923241475896219,-38.73010504712326],[-72.923548210201432,-38.730364540944265],[-72.921956107917609,-38.730233002210362],[-72.920238144314396,-38.729911641736287],[-72.914831574299384,-38.72898659468521],[-72.911850430620234,-38.728463745633093],[-72.904900571020121,-38.734284851116357],[-72.903989921224024,-38.734401848217658],[-72.901007526432835,-38.734156703360789],[-72.900198654102169,-38.734115055405319],[-72.899469129362132,-38.734156086144012],[-72.89837755816373,-38.734309334833107],[-72.897366002649903,-38.734386358388065],[-72.896606670479173,-38.734583133494446],[-72.895197191304518,-38.733031250457323],[-72.893987329717831,-38.73215480798919],[-72.893380577560762,-38.732153420750784],[-72.892926985344317,-38.731794899080093],[-72.891765323102618,-38.73147450258304],[-72.891058970622765,-38.731115467228292],[-72.890504882523274,-38.730597922940831],[-72.890153325760124,-38.730041242308751],[-72.889699541850675,-38.729722432727833],[-72.888992400012199,-38.729561919319814],[-72.888132815144772,-38.729559811042797],[-72.887880524212733,-38.729440122405144],[-72.887526563065407,-38.729439219841623],[-72.886667203174497,-38.729397376960293],[-72.885602898891676,-38.729048951289371],[-72.885778152298528,-38.72880880081631],[-72.885984710405083,-38.727925011926828],[-72.886305397045732,-38.727606503799649],[-72.886743084215169,-38.727389114525394],[-72.887122465615874,-38.727103195671305],[-72.886891287570506,-38.726508773639075],[-72.8867576713413,-38.726327198512998],[-72.886688837392143,-38.726233656260753],[-72.886456011499661,-38.725917259300871],[-72.886479659688476,-38.725913777364504],[-72.886488524434213,-38.725612646728841],[-72.886485182347741,-38.725568683836457],[-72.886469317069682,-38.725359963887207],[-72.88649198430781,-38.725326417102387],[-72.886607636470842,-38.725155257773181],[-72.886616681128501,-38.725098260928853],[-72.886640420570501,-38.724948662852462],[-72.886593831459265,-38.724904640508846],[-72.886460534942572,-38.72477868594131],[-72.886331303054916,-38.724677264472277],[-72.886261048604737,-38.72440115562533],[-72.886291937343728,-38.724257481532192],[-72.8862689175577,-38.724135503555352],[-72.886190992235811,-38.724071007509053],[-72.886162078125849,-38.723995573536747],[-72.886142291005314,-38.723943944432541],[-72.886171199014484,-38.723863373377753],[-72.88630529020098,-38.723802715743197],[-72.886440599295142,-38.723701583462784],[-72.886416496361335,-38.723615573607482],[-72.886378409381507,-38.72355402916839],[-72.886340322491748,-38.723492483817559],[-72.88623668189075,-38.723427582172619],[-72.886291426023931,-38.723342700143846],[-72.886428590707254,-38.723203747666822],[-72.886545972182631,-38.723063909240139],[-72.886606612714274,-38.723004671975509],[-72.886654363799224,-38.722928306115065],[-72.886663665604445,-38.722913429593035],[-72.886676693914524,-38.722778802328307],[-72.886670564118006,-38.722679318939093],[-72.88664590573859,-38.722593696434899],[-72.886633300854854,-38.722580461020563],[-72.88656680570196,-38.722510637710919],[-72.886528551162414,-38.722500303826507],[-72.886320980765817,-38.722370333368232],[-72.88618990123561,-38.722327418264442],[-72.886138070407185,-38.722286007668515],[-72.886139187704273,-38.7222454457564],[-72.886141752775387,-38.722159899277543],[-72.886224483202895,-38.722057815245535],[-72.886226956997405,-38.722051579712293],[-72.886281280373026,-38.721914629525109],[-72.88636702004321,-38.72170897252856],[-72.886325820019763,-38.72154866418056],[-72.886319311075894,-38.721523337946273],[-72.886323767319155,-38.721374780497193],[-72.886324675528783,-38.721343181986583],[-72.886437112164487,-38.721223545684055],[-72.886484377009381,-38.721156969023859],[-72.88655945007585,-38.721158326681127],[-72.886583989701947,-38.721158770457009],[-72.886723831686552,-38.721179044433676],[-72.886808607127719,-38.721223165232651],[-72.886863463608847,-38.721206411970897],[-72.886927271783776,-38.721193369752442],[-72.886917137237546,-38.721076068774693],[-72.886901116063427,-38.721004798429028],[-72.886864853076588,-38.720966946735587],[-72.886739435956486,-38.720836035042659],[-72.886738496423902,-38.720835053936099],[-72.8866810978964,-38.72078432972355],[-72.88666497248937,-38.720716606674067],[-72.886706768077119,-38.720681872131223],[-72.886761625309433,-38.720665118925616],[-72.886798354979888,-38.720657611507939],[-72.886844324351955,-38.720648214964847],[-72.886857336296728,-38.720645555186074],[-72.886861549125854,-38.720641775791734],[-72.8869038688198,-38.720603808695614],[-72.886955660904462,-38.720537312786362],[-72.886985961985459,-38.720431390540931],[-72.887039321273065,-38.720311688322631],[-72.887088256820846,-38.720188356883156],[-72.887135102391298,-38.720135968310984],[-72.887191002832935,-38.72008374341867],[-72.887243212165046,-38.720003059858975],[-72.887222453839058,-38.71993880233461],[-72.887198614609417,-38.719916625551981],[-72.887156313061908,-38.719877272664938],[-72.887117548379308,-38.719809140371936],[-72.887026644143702,-38.719665536403852],[-72.887001254759255,-38.71960474342373],[-72.886931004422848,-38.719528944272014],[-72.886881951400838,-38.719416719783986],[-72.886871586762751,-38.719393007008136],[-72.886806491811726,-38.71929600571243],[-72.886785211535596,-38.719249483842361],[-72.886748976450363,-38.719154383853144],[-72.886787413859935,-38.719103485072509],[-72.886873159475982,-38.718875314177708],[-72.886800855587353,-38.718648713236433],[-72.886674238654606,-38.71845724129286],[-72.88658273819243,-38.718415035160689],[-72.886491238989649,-38.718372828980407],[-72.886284114109969,-38.718306665016627],[-72.88628188658312,-38.718305953451086],[-72.886151583273488,-38.718240499247422],[-72.885969169165463,-38.718133643587564],[-72.885918676768995,-38.718069674231465],[-72.885899340550282,-38.717821497550567],[-72.885900777513669,-38.717773599685771],[-72.885900779849337,-38.717773520436104],[-72.885904336488366,-38.717654910892158],[-72.885802942499453,-38.717508886139733],[-72.885763623328089,-38.717445446821309],[-72.885752138181445,-38.71742691630687],[-72.885752959411548,-38.717399482641099],[-72.885754699881844,-38.717341367915282],[-72.88582887659922,-38.717313765530143],[-72.885851386131293,-38.717305389339522],[-72.885890849466506,-38.717255333851107],[-72.885933645224569,-38.7172438528819],[-72.885992331914167,-38.717223906592594],[-72.886003860227646,-38.717211860012888],[-72.886014186348959,-38.717164778892034],[-72.886008568822263,-38.717127912855148],[-72.885980359938969,-38.717099392725309],[-72.885972159353869,-38.717075715408242],[-72.885963884519768,-38.717051825903049],[-72.885994465349171,-38.7169998589725],[-72.886036885991885,-38.716989627234369],[-72.88607548643499,-38.716980316630199],[-72.886109657512691,-38.716958176114517],[-72.88610907404302,-38.716902144005971],[-72.886098937975305,-38.716866947873847],[-72.886082762734773,-38.716809232622751],[-72.886081226009864,-38.716804516691212],[-72.88610384940813,-38.716758861782388],[-72.886316991412599,-38.716509496164043],[-72.886354522464998,-38.71648443838604],[-72.886421546078168,-38.716434297258409],[-72.88642181533011,-38.716433356030677],[-72.886475972420314,-38.716407271648855],[-72.88654036239285,-38.716345411589401],[-72.886593459920547,-38.716262339428475],[-72.886632354258438,-38.716155668839825],[-72.886626239627333,-38.716059854686101],[-72.886619574003163,-38.715982704723338],[-72.886640876794402,-38.715866378489096],[-72.886666555324439,-38.715803818334194],[-72.886757710968226,-38.715687635167384],[-72.886917855013323,-38.715578287557875],[-72.88705480055026,-38.715418560971685],[-72.887086264713972,-38.715252441880523],[-72.886982996284559,-38.715147005137908],[-72.886880036726097,-38.715059477655664],[-72.886800895936261,-38.71505806023422],[-72.88671997114136,-38.715097136804374],[-72.886585895805865,-38.715157793646569],[-72.886479702647762,-38.715178439068204],[-72.886428344376014,-38.715136922720944],[-72.886432801687306,-38.714988365140073],[-72.886384424216899,-38.714825266104896],[-72.886361638346543,-38.714698777999445],[-72.886232460614764,-38.714592761203455],[-72.886050812916068,-38.714485879921575],[-72.885974884738289,-38.714358369242916],[-72.885955995920497,-38.714092167920377],[-72.885881446109721,-38.713920126332596],[-72.88588064065091,-38.713918267323358],[-72.885853709221848,-38.713856118938885],[-72.885825123685365,-38.713796441927499],[-72.88581749327426,-38.713780513081879],[-72.885816536625001,-38.713778516180462],[-72.885753545638508,-38.71364701438204],[-72.885624914301587,-38.713523057990969],[-72.885519396743248,-38.71352116703526],[-72.885385323463353,-38.713581822569452],[-72.885302978203754,-38.713570254465097],[-72.885201341428555,-38.713555976491563],[-72.885175892750127,-38.713514947348713],[-72.885041596948327,-38.713382037762088],[-72.885022236677926,-38.713360438970732],[-72.884998842460718,-38.713334340341788],[-72.884893647084354,-38.713216987530892],[-72.884893611983017,-38.71321696887474],[-72.884641591014315,-38.713029529792138],[-72.884608040597044,-38.713004577206526],[-72.884426937914554,-38.712879663479498],[-72.884378258471386,-38.712730081942048],[-72.884516257455559,-38.712654634966626],[-72.884548446196192,-38.712533866640321],[-72.884572059852175,-38.712445287910697],[-72.884609657533687,-38.712072023866249],[-72.884588269730997,-38.71202742967467],[-72.884554872253844,-38.711957795209955],[-72.884509414253856,-38.711863014119075],[-72.884511847453084,-38.711781974003678],[-72.88470160999735,-38.711659219942504],[-72.884820682666444,-38.71159560404962],[-72.88488927357028,-38.711558959117305],[-72.884943048355495,-38.71154195011313],[-72.885130159109309,-38.711482231334614],[-72.885184525533418,-38.711420176151087],[-72.885213525594466,-38.711339602304051],[-72.885189429915982,-38.711253592226115],[-72.88513817068268,-38.711212071708957],[-72.885059680849636,-38.71117010707475],[-72.884956544677692,-38.711082673845162],[-72.884960190331626,-38.710961068958767],[-72.884928834926654,-38.710895818188568],[-72.884909972725424,-38.710856566099501],[-72.884866232542763,-38.710820667100215],[-72.884780903672677,-38.710750634393847],[-72.884627061202295,-38.710581137742935],[-72.884647280490626,-38.710452923615222],[-72.884659655103036,-38.710374459287095],[-72.884636194359445,-38.710270416248534],[-72.884584953255782,-38.710206471503227],[-72.88453359954714,-38.710164954421614],[-72.884507707138241,-38.710141951521408],[-72.884485465347396,-38.709997433027652],[-72.88424228719478,-38.710157207039323],[-72.883879328933986,-38.709733215947715],[-72.883602298600096,-38.709409598297654],[-72.883590513700568,-38.709354504023558],[-72.883571533281312,-38.709265766868427],[-72.883535464335893,-38.709097140832547],[-72.883550309811127,-38.708555272215101],[-72.883560935168774,-38.708195030182509],[-72.883602108355205,-38.707887482989634],[-72.883589507253703,-38.707567061937901],[-72.883551939374286,-38.707302913206021],[-72.883541780698735,-38.707231486272534]]]},"properties":{"OBJECTID":95,"NOMBRE":"Fdo. San Luis","LUGAR":"Fdo. San Luis","Shape_Length":12059.606605505596,"Shape_Area":5786207.5031906096}},{"type":"Feature","id":96,"geometry":{"type":"MultiPolygon","coordinates":[[[[-73.035452360337089,-38.667837183406959],[-73.035361043232726,-38.667774826835341],[-73.035361435437309,-38.667774732505727],[-73.03544627591026,-38.667832636197964],[-73.035447504610559,-38.667833475014227],[-73.035452360337089,-38.667837183406959]]],[[[-73.035452360337089,-38.667837183406959],[-73.035682099441289,-38.667840761263946],[-73.035808638682738,-38.667773801157182],[-73.035946289789365,-38.667761879293444],[-73.03618572019947,-38.667802206893583],[-73.036328529308904,-38.667778389686184],[-73.036456062943131,-38.667734405733562],[-73.036481806007231,-38.667614300123063],[-73.036532924221589,-38.667526240975391],[-73.03674582611562,-38.667500357338817],[-73.036779787550145,-38.667447144517205],[-73.036804581918318,-38.667368643318476],[-73.036792580136634,-38.667207814357745],[-73.03662434153992,-38.666899769054673],[-73.036597824187652,-38.66666662513223],[-73.036890844619947,-38.666604610137014],[-73.037538428896937,-38.666354223894764],[-73.037702563477666,-38.666292024986717],[-73.038152054519159,-38.666215875491908],[-73.038546147138121,-38.666172848187145],[-73.038779735995163,-38.666108953762887],[-73.039346109578474,-38.665954029606219],[-73.039418259720563,-38.666013732433051],[-73.039566468417803,-38.666080414270745],[-73.039694246548507,-38.666103213664947],[-73.039935767524454,-38.666163102913394],[-73.040073286096899,-38.666187934900933],[-73.040232678195011,-38.666288139367545],[-73.040354903429474,-38.666404428357858],[-73.040546581556441,-38.666522224470206],[-73.040651871936305,-38.666542330213225],[-73.040811813571182,-38.666572390257798],[-73.040986572476385,-38.666614885323533],[-73.041230432577763,-38.666618657287515],[-73.041361432883363,-38.666683871784926],[-73.041551026761965,-38.666795406756421],[-73.041684584753128,-38.666844894999841],[-73.04183652415405,-38.666913573771282],[-73.041980318626088,-38.666955378480743],[-73.042070704695931,-38.667009182100855],[-73.042076336806886,-38.667012837444133],[-73.042113639890871,-38.667091625468331],[-73.042251416854398,-38.667204357782467],[-73.042417524798623,-38.667227445488599],[-73.042544541342977,-38.667274095697422],[-73.042764604828577,-38.667354919424668],[-73.043052018264461,-38.667512913163094],[-73.043239044299028,-38.66779081939756],[-73.043429459191628,-38.667947217693715],[-73.04355927510727,-38.667956338106414],[-73.043836424841928,-38.668012640865051],[-73.043926452942259,-38.668062298459304],[-73.044587076554322,-38.669785631666834],[-73.044701246579592,-38.670083451699846],[-73.044723106180555,-38.670143406861548],[-73.045255033477787,-38.671602339876735],[-73.045607663315096,-38.672427680929516],[-73.045702635040456,-38.672649963080794],[-73.045766973301284,-38.672818010418943],[-73.045888055258274,-38.673203089086812],[-73.046612404582618,-38.675132430175417],[-73.047231793221599,-38.676744758874648],[-73.045383284817802,-38.677139209584283],[-73.044932946920213,-38.677239818965873],[-73.044538537173963,-38.677333430830494],[-73.044428805693371,-38.677359475443303],[-73.044196251420303,-38.677414670305339],[-73.043505637185135,-38.677579211269567],[-73.043409630658118,-38.677598857230954],[-73.042602465200829,-38.677764028301226],[-73.042023330013194,-38.677886971823163],[-73.040458498261742,-38.678219152223967],[-73.040190349204863,-38.67828598707441],[-73.039937588191819,-38.678348985731752],[-73.038868855706838,-38.678615352372432],[-73.03875950220467,-38.678642607190127],[-73.038459805463518,-38.678717299558834],[-73.037971666012993,-38.678819170533941],[-73.036681800610921,-38.679152602672332],[-73.036244700568474,-38.679263883620202],[-73.036004618002238,-38.67864897416608],[-73.035664867382948,-38.677727966384516],[-73.035266272362207,-38.676647414884279],[-73.035027823196856,-38.676000988883523],[-73.034775060470182,-38.67531749690378],[-73.034703492263404,-38.675123968895058],[-73.034641898773714,-38.674954120102193],[-73.034508418863311,-38.674586035114288],[-73.034383923552511,-38.674293435773173],[-73.034084663001707,-38.673502267609074],[-73.033617180809273,-38.672266326757821],[-73.033523417214369,-38.672268653191317],[-73.033376759811517,-38.671883831335464],[-73.033126358323656,-38.671086272091109],[-73.032532913724765,-38.669440397307042],[-73.032375238098368,-38.669003083458961],[-73.032231907601641,-38.668255263545078],[-73.032434680753497,-38.668254011164493],[-73.032626996569462,-38.66825282215725],[-73.032871665025795,-38.66826108281284],[-73.033238475653278,-38.668349684312261],[-73.033391395032325,-38.668347842159712],[-73.033564753964853,-38.668315983835143],[-73.03365153176226,-38.668247985224994],[-73.033717850530735,-38.668228019109414],[-73.033819772207281,-38.668216130543975],[-73.033977728238369,-38.668248425538508],[-73.034140977925034,-38.668208467856395],[-73.034222651093486,-38.668136509289695],[-73.034289028896893,-38.668100509305944],[-73.034390966970605,-38.668084565701626],[-73.034492918012347,-38.668064658420555],[-73.034656110671264,-38.668064878648913],[-73.034793873012632,-38.667996925200917],[-73.034875621097171,-38.667904877175999],[-73.035003057942205,-38.667860984202655],[-73.03510267739199,-38.667837008516422],[-73.035265746315332,-38.667797762557576],[-73.035299419174649,-38.667801731724268],[-73.035375022108852,-38.667821807418647],[-73.035411041361115,-38.667827605503916],[-73.035452360337089,-38.667837183406959]]]]},"properties":{"OBJECTID":96,"NOMBRE":"Fdo. Codihue","LUGAR":"Fdo. Codihue","Shape_Length":4570.7590457972938,"Shape_Area":1237787.675449271}},{"type":"Feature","id":97,"geometry":{"type":"Polygon","coordinates":[[[-72.983820131522322,-38.741595991441869],[-72.984333284020238,-38.74155533130584],[-72.984595261959441,-38.741507824967492],[-72.985116843540766,-38.741475544187253],[-72.986985874876495,-38.740961739457553],[-72.987887028862275,-38.740782761960354],[-72.988519557125599,-38.740723834447643],[-72.988706171930275,-38.740708254213509],[-72.989024111059692,-38.740681708969447],[-72.989236542293682,-38.740640354185047],[-72.989631263207713,-38.740563512471702],[-72.9901880155399,-38.74040552762299],[-72.990355849916909,-38.740380868885772],[-72.990666126977345,-38.740335283252975],[-72.990839853306255,-38.740295622553347],[-72.991015672958795,-38.740255483079572],[-72.9911729706415,-38.740227042299182],[-72.991173761592293,-38.740226899112727],[-72.991215921536238,-38.740336996578947],[-72.992220186415807,-38.742914804337566],[-72.992585531580005,-38.743852547927538],[-72.99264362963676,-38.74400166850107],[-72.99178482708507,-38.744252124049417],[-72.991199157349598,-38.744466013322445],[-72.990544191071479,-38.744711590124837],[-72.990072734833504,-38.744854737076082],[-72.98957467161776,-38.745121024579312],[-72.988998252614053,-38.745346232171578],[-72.988186592790925,-38.745468201691551],[-72.987452842630233,-38.745775284483926],[-72.987085899138208,-38.745980127570213],[-72.984072221680108,-38.747311005887589],[-72.981552502808867,-38.749752098692582],[-72.980214853596408,-38.750715703390256],[-72.979245320680377,-38.751063430772554],[-72.978742712227728,-38.751276541180289],[-72.978534662003057,-38.751364755554519],[-72.978505733123797,-38.751279961691822],[-72.977372271637606,-38.751296313778333],[-72.975520181187093,-38.750987885314132],[-72.973514166192814,-38.750450651073173],[-72.972438108871273,-38.749929523394663],[-72.971279377805928,-38.748929613350235],[-72.970559640546327,-38.748289039954166],[-72.969697424531233,-38.748148446872008],[-72.967837619868021,-38.748116116581869],[-72.966656181204044,-38.747919701771501],[-72.965826756869262,-38.747754527741968],[-72.964932492666478,-38.747613341675468],[-72.964387383157217,-38.747603846513321],[-72.963320889446706,-38.747524686290681],[-72.962976011972373,-38.747515307247845],[-72.961609276481838,-38.747293814694245],[-72.960270410422709,-38.746785965082978],[-72.960781729958867,-38.746017984499282],[-72.960841758534002,-38.745415451905743],[-72.961064015860487,-38.74507773859051],[-72.961230520351137,-38.745042305064722],[-72.96188236391518,-38.743896078027966],[-72.961833747763606,-38.7438615190447],[-72.961889415990058,-38.743660360952013],[-72.962155397794263,-38.742699197907029],[-72.964109328337798,-38.742339398944999],[-72.964175812910156,-38.743482314114182],[-72.964953990167857,-38.743539281884786],[-72.965011043200164,-38.743543458905734],[-72.965147654348826,-38.743553459035112],[-72.965255953131802,-38.743561386457806],[-72.965279218633214,-38.743566723033958],[-72.9653344109269,-38.743579382428472],[-72.965362007669228,-38.743585711675841],[-72.965379142737291,-38.743589642171713],[-72.965435626320911,-38.74359787190955],[-72.965456760803818,-38.743602163069873],[-72.965477896413802,-38.743606455147066],[-72.965490266500879,-38.743620660243977],[-72.965519908716061,-38.743604827675718],[-72.965537781861883,-38.743595282264756],[-72.965664844973261,-38.743601264459095],[-72.965722224182102,-38.743603965483921],[-72.966045709334608,-38.743619193744159],[-72.966185803476208,-38.743625788745938],[-72.966243064364662,-38.743628484752541],[-72.967649056534469,-38.743694661368991],[-72.971206800873659,-38.743862038735365],[-72.973749974238771,-38.74398253490115],[-72.975145778328809,-38.744041961607337],[-72.975225993891314,-38.744045376261724],[-72.975451169337759,-38.744054961686572],[-72.975745728414495,-38.744067499402604],[-72.975738707169512,-38.744035624689836],[-72.975731685930171,-38.744003749976656],[-72.975731361570553,-38.744002280147711],[-72.975682544267087,-38.743780669440866],[-72.975181803456351,-38.741507410229175],[-72.975472312772354,-38.741523524924133],[-72.975262432829211,-38.741041114208109],[-72.975773018463599,-38.740925795021425],[-72.976743824650711,-38.740679281641825],[-72.976764760772241,-38.740673965701419],[-72.976785696916252,-38.740668648856563],[-72.977064548521781,-38.740805471801892],[-72.977366866989982,-38.74090963344333],[-72.977725163096437,-38.741033078775089],[-72.978359890359854,-38.741250750596109],[-72.979489084948071,-38.741199149083648],[-72.980265919498081,-38.741162193618436],[-72.981057487428515,-38.74114106043605],[-72.981163627749297,-38.741133248453067],[-72.981226559643275,-38.741136545969134],[-72.981669983883407,-38.741159778657675],[-72.981827848283828,-38.741198070704606],[-72.982231356967574,-38.741382869070577],[-72.982677395632109,-38.741584416513263],[-72.982797079290194,-38.741593687457453],[-72.982916764109177,-38.741602959200314],[-72.983056975560004,-38.741601877903229],[-72.983820131522322,-38.741595991441869]]]},"properties":{"OBJECTID":97,"NOMBRE":"Malalcahuello","LUGAR":"Malalcahuello","Shape_Length":7290.2529290746015,"Shape_Area":1804955.4959069374}},{"type":"Feature","id":110,"geometry":{"type":"Polygon","coordinates":[[[-73.038082552026196,-38.719269797361811],[-73.039525936494229,-38.718897763257154],[-73.039857528312012,-38.718825664929348],[-73.04257092564167,-38.718235644949445],[-73.044733829262753,-38.723995866042117],[-73.04517760861404,-38.725090760248861],[-73.045670813570652,-38.72642455088971],[-73.045936990790651,-38.727098810436516],[-73.050054938870076,-38.725698594449661],[-73.052117011189665,-38.724997356172068],[-73.052145826748884,-38.724987557096107],[-73.052461258073748,-38.724880285368435],[-73.052618117747514,-38.724826940378811],[-73.052987412809159,-38.726004991787867],[-73.053084215191134,-38.726312566985385],[-73.053413023357123,-38.727226665132463],[-73.05356757720763,-38.727568154607091],[-73.051352316226229,-38.728332604217165],[-73.05534101269356,-38.737602411799919],[-73.053940824304235,-38.737337027227369],[-73.050375643653467,-38.736507455698344],[-73.047484192048231,-38.736313477602771],[-73.044772054162536,-38.736540579420762],[-73.042629047570443,-38.731008718821052],[-73.041475016531379,-38.728029404476004],[-73.040140616200233,-38.724332661580469],[-73.040088743147777,-38.724204045340137],[-73.038082552026196,-38.719269797361811]]]},"properties":{"OBJECTID":110,"NOMBRE":"El Toqui","LUGAR":"El Toqui","Shape_Length":6620.2637529094336,"Shape_Area":1408766.3960611508}},{"type":"Feature","id":111,"geometry":{"type":"Polygon","coordinates":[[[-73.022414439202166,-38.851143450885118],[-73.022621195964774,-38.85105683928461],[-73.022998465065797,-38.851027183521261],[-73.023110127884735,-38.850878886475968],[-73.023276657606431,-38.850816721787865],[-73.023443188197618,-38.850754556873454],[-73.023627446055315,-38.850785516382331],[-73.023804348790605,-38.850960021589195],[-73.02402182092537,-38.851019077629601],[-73.024357483166099,-38.851056194266903],[-73.024778168144223,-38.851123387080186],[-73.025479822273212,-38.85130947262563],[-73.025965630155,-38.851546910875129],[-73.026273843040926,-38.851697547164406],[-73.026473402926982,-38.851829700290232],[-73.026936518829274,-38.852029767645199],[-73.027380611641874,-38.852100680559921],[-73.027553069422481,-38.852166673464815],[-73.027725528657172,-38.852232667042585],[-73.028044973536652,-38.852174651716346],[-73.028299381298112,-38.852142903743633],[-73.028412608673904,-38.852098057000596],[-73.02849675871839,-38.852064727379144],[-73.028736133531169,-38.852072229075837],[-73.028911158494239,-38.852077713178161],[-73.029015444900622,-38.852049929348368],[-73.029020825400664,-38.852048495609814],[-73.029038166515008,-38.85204811526205],[-73.029864588142914,-38.852029985772859],[-73.030031109600458,-38.852067941601121],[-73.030378460252393,-38.852007101876502],[-73.030718023475757,-38.851897748203022],[-73.030895008925782,-38.851840750653139],[-73.031124291509698,-38.851706064568994],[-73.031255789615912,-38.851487595470068],[-73.031291629297471,-38.85142805237485],[-73.031281105678332,-38.851504219509131],[-73.031450075583123,-38.851615173047705],[-73.031492483864156,-38.851827664973406],[-73.031424404148069,-38.851997691220355],[-73.031402725015596,-38.852182052370686],[-73.031603892118895,-38.852383652963304],[-73.031781943432151,-38.852530599063542],[-73.031804544527546,-38.852549251427526],[-73.031863066947366,-38.852725886574554],[-73.032021654143676,-38.852863824454957],[-73.03217008150024,-38.852927702566717],[-73.032248226241251,-38.852997920635573],[-73.032324574225484,-38.85306652433696],[-73.032338439018616,-38.853085626760539],[-73.03234497324388,-38.853089953765455],[-73.032452309499789,-38.853190880161463],[-73.032493342841406,-38.853295518786709],[-73.032527005450817,-38.853381363558874],[-73.032694998349996,-38.85358239876404],[-73.032740150701571,-38.853595167768511],[-73.032915172410583,-38.853644662750305],[-73.033100863484705,-38.8537505875927],[-73.033118631999656,-38.853760723620816],[-73.033316631957106,-38.854025375271448],[-73.033386048428724,-38.854264305737019],[-73.03351297288782,-38.854408449002953],[-73.033562491498301,-38.854593547435059],[-73.033637574754877,-38.854684701942844],[-73.033750651842638,-38.854778630824526],[-73.033814729508961,-38.85481665002267],[-73.034033089804552,-38.855078127461248],[-73.034022755152066,-38.855152325619173],[-73.033787954945254,-38.855321817289358],[-73.033615229596563,-38.855334409051331],[-73.032708956825118,-38.855979400951284],[-73.03264333545232,-38.85605938286033],[-73.032481908575207,-38.856169332764779],[-73.032211646740862,-38.856173816440197],[-73.031971775035231,-38.856282336263284],[-73.031744925125054,-38.85646325500845],[-73.031644058279468,-38.85667331690405],[-73.031793526474885,-38.857000162814849],[-73.03184330120456,-38.857192498873665],[-73.031893076181404,-38.857384834912281],[-73.031886188810063,-38.857632530097689],[-73.031879527689497,-38.857696693745986],[-73.031865651435396,-38.857830358491867],[-73.031250823812002,-38.858211995091473],[-73.031001741936592,-38.858259016278353],[-73.030900451843479,-38.858278137425778],[-73.030628769656047,-38.858336605537659],[-73.030499620173742,-38.85842454662432],[-73.030417325422874,-38.858558322950081],[-73.030412185282913,-38.858742923052567],[-73.030457269279481,-38.858899427106003],[-73.030483922842222,-38.858991952528115],[-73.030463287586798,-38.859189784350399],[-73.030366080891156,-38.859306974049076],[-73.030249507277389,-38.859447511824165],[-73.030072603335441,-38.85956618862199],[-73.029950827674327,-38.85957450666676],[-73.02926268576779,-38.859977679100353],[-73.028834700812439,-38.860316508495529],[-73.028544524914864,-38.860460014280342],[-73.028384090602287,-38.860510910803193],[-73.028223657245434,-38.860561806217952],[-73.028003455686331,-38.86045029354095],[-73.027875331144315,-38.860497673189847],[-73.027993407062624,-38.860932293330322],[-73.028057281154318,-38.861117029900463],[-73.028282687081756,-38.861261450852702],[-73.028726242413427,-38.861268909401574],[-73.028976627224964,-38.861381285315368],[-73.029046876448277,-38.861469281322506],[-73.02906017440786,-38.861485939031063],[-73.028952029080415,-38.861670132640654],[-73.029155378800382,-38.86179429084347],[-73.028925714912361,-38.862078768906265],[-73.028589407706917,-38.862264584608162],[-73.028262676922949,-38.862536077182874],[-73.028206233805435,-38.862882017111311],[-73.028206654262576,-38.86290375555118],[-73.028199888238831,-38.862921476509626],[-73.028207511018806,-38.862948035526948],[-73.028212509231835,-38.863206519951184],[-73.028378182464735,-38.863542715280289],[-73.0282759758406,-38.863694108698233],[-73.028425201766865,-38.864207306221225],[-73.028327868865048,-38.864686195440754],[-73.028180817386769,-38.864845891342696],[-73.027954684138393,-38.864999764064656],[-73.027823885014158,-38.865146200373388],[-73.027929028258313,-38.865368661489676],[-73.027909776790324,-38.86703141894111],[-73.027885936883806,-38.867153292093015],[-73.027844257999305,-38.86749933048489],[-73.027850310453445,-38.867629041261118],[-73.027636623691421,-38.867909183692426],[-73.027601195187387,-38.868043771098996],[-73.027595768026387,-38.868241887819785],[-73.028014305947337,-38.868736815552367],[-73.027675256374877,-38.869044478285836],[-73.027472507252625,-38.869258035229642],[-73.027337143744916,-38.869595736126719],[-73.027071589787724,-38.869748563214166],[-73.026646468668289,-38.869739675899005],[-73.026619214216439,-38.86973910617499],[-73.026502971986304,-38.869786163239404],[-73.026298692115091,-38.869868860115758],[-73.026090805955107,-38.869937452927154],[-73.025913452455043,-38.87004704364206],[-73.025880312497691,-38.870096094568815],[-73.025669915240044,-38.870317824732858],[-73.025663867165008,-38.870395058797733],[-73.025642791181639,-38.870664225341422],[-73.025703265653974,-38.870880067958623],[-73.025763740465763,-38.871095910546529],[-73.025617817896702,-38.87124813523009],[-73.0254718946737,-38.871400360611808],[-73.025287207253996,-38.871529680697563],[-73.025102520319081,-38.871659000490347],[-73.024978628205005,-38.87170257469915],[-73.024854735944018,-38.871746148772168],[-73.024608467765759,-38.871778518179049],[-73.024422404059948,-38.871722152345264],[-73.024242122530907,-38.871927598539997],[-73.02412714692845,-38.87208421501704],[-73.023973374714259,-38.872218187488492],[-73.023917435027727,-38.872260063453787],[-73.023670911806477,-38.872301560388507],[-73.023523131010322,-38.872152913303545],[-73.022955415840059,-38.871978887338535],[-73.022703793629262,-38.871782809550062],[-73.022571744581143,-38.871488283470775],[-73.022270878875219,-38.871382711809495],[-73.022048530449283,-38.871328797344447],[-73.021900703152994,-38.871322568599567],[-73.021863638108243,-38.871321007072481],[-73.021671966614704,-38.8714913066934],[-73.021494757958735,-38.871561376092302],[-73.021396046829082,-38.871674332558307],[-73.021313392011066,-38.871647591678105],[-73.020408857408796,-38.871354949976762],[-73.019709785079669,-38.870847578256992],[-73.019345074848275,-38.870594900713655],[-73.018852251956488,-38.870534842074925],[-73.018615916494582,-38.870366914803256],[-73.018188395086,-38.87027660278077],[-73.017799593476184,-38.870349339299651],[-73.017733941112212,-38.870124351219808],[-73.017755215814816,-38.870076223887672],[-73.017881093893848,-38.869791452890325],[-73.017945464088598,-38.869661035369276],[-73.017986937815806,-38.869577009287546],[-73.018092165576718,-38.869363811165577],[-73.018181336803266,-38.869259344612324],[-73.01831389522971,-38.869104048848882],[-73.018442205441502,-38.869050192023856],[-73.018670466492082,-38.868954380538],[-73.018844900549396,-38.868727325062352],[-73.019115578230242,-38.868374989039872],[-73.019119046823363,-38.868332417865432],[-73.019126350034341,-38.868242767512875],[-73.019152849686833,-38.867917497294577],[-73.019159341324851,-38.867837813088805],[-73.019120456287382,-38.867530731918578],[-73.019026559401439,-38.867352507670709],[-73.019027131746512,-38.867350781077228],[-73.019028102882487,-38.867347850251981],[-73.019018281242765,-38.867336794517115],[-73.018909701875728,-38.867130700533139],[-73.018556066408976,-38.866737303774855],[-73.017870310874102,-38.866320141368753],[-73.017528876069619,-38.866062116494014],[-73.017410068587125,-38.865776248612917],[-73.01754634122527,-38.865431614307631],[-73.017843902488053,-38.864990652504062],[-73.017958785672121,-38.864785720387879],[-73.018071632149613,-38.864471845655665],[-73.017984705956508,-38.864094497104674],[-73.017951962043924,-38.863567580086603],[-73.017704696915388,-38.862669101393905],[-73.017482538479754,-38.861861834662385],[-73.01737640895027,-38.86099787560282],[-73.017395567550182,-38.860946919083545],[-73.017219874687342,-38.860829049023067],[-73.017076159266622,-38.860457533555618],[-73.017090184728389,-38.859952720948385],[-73.017132287000749,-38.859689256065771],[-73.017002610489953,-38.859349057624463],[-73.016279461251031,-38.857258749334683],[-73.016267939425461,-38.857225256474621],[-73.016245570553068,-38.857160239278649],[-73.015885375590429,-38.856113262253636],[-73.015445964441341,-38.854835987343016],[-73.015450085981783,-38.854835006784327],[-73.015505069665764,-38.854821923850416],[-73.015564174868047,-38.854807860327227],[-73.015641996898893,-38.854789343867701],[-73.015793963607408,-38.854753185380169],[-73.015833040040647,-38.854688784318832],[-73.015866738699756,-38.854633245507991],[-73.01589133993032,-38.854592702207896],[-73.015900438456768,-38.854577706705101],[-73.015926014279472,-38.854535555380103],[-73.016147415579539,-38.854432517024911],[-73.016086571352801,-38.854164483680655],[-73.016016974604852,-38.854045169946566],[-73.015956416106278,-38.853941351803265],[-73.015899396284112,-38.853843597406993],[-73.015854366404938,-38.853666993808602],[-73.015794529612378,-38.853369199775862],[-73.016023801416964,-38.853104779036066],[-73.016261656513038,-38.852779057072929],[-73.016253937262292,-38.852565325728747],[-73.016090797320729,-38.85231830465591],[-73.016115654151633,-38.851985563893301],[-73.016286573030087,-38.851882360278047],[-73.016209033720259,-38.85165640306726],[-73.016271156574319,-38.851622590017172],[-73.016575051308962,-38.85149959214516],[-73.017268562077135,-38.851170321956616],[-73.017512192578224,-38.851188936868731],[-73.017518295950524,-38.851189403620495],[-73.017539818785721,-38.851191047642189],[-73.017657646894364,-38.851164614003714],[-73.018877282546299,-38.851146711433834],[-73.01900406837305,-38.851339527799816],[-73.019314902185371,-38.851544477695441],[-73.019498949577255,-38.85155661106225],[-73.019784434139908,-38.851450980863326],[-73.019918115430869,-38.851401518243399],[-73.020084411898338,-38.851217273691134],[-73.020246296250733,-38.851202827713522],[-73.020248471718233,-38.851201042691777],[-73.020394614057821,-38.851081187777353],[-73.020611030990139,-38.85112197893303],[-73.020663126677732,-38.851131797735654],[-73.02085194339142,-38.851091943939188],[-73.021209348592578,-38.85095596035017],[-73.021304644154981,-38.850992482664189],[-73.021427769487886,-38.851123731022014],[-73.021550896420621,-38.851254979278544],[-73.021774752495077,-38.851216719677247],[-73.0218874128186,-38.851069162469223],[-73.022017959564181,-38.851034607038081],[-73.022190750014971,-38.851175706390663],[-73.022414439202166,-38.851143450885118]]]},"properties":{"OBJECTID":111,"NOMBRE":"Mañío","LUGAR":"Mañio","Shape_Length":7518.6337460798832,"Shape_Area":2368243.4379702522}},{"type":"Feature","id":112,"geometry":{"type":"Polygon","coordinates":[[[-72.895607648070367,-38.826044396773753],[-72.897858904452434,-38.825502351426451],[-72.898500216971357,-38.825371886328256],[-72.899208757357911,-38.825227740280447],[-72.899214239774693,-38.825403118443909],[-72.899214786590932,-38.825420602893267],[-72.899255046044175,-38.82547953111014],[-72.899310844595647,-38.825561205178808],[-72.899316983587596,-38.825570190778095],[-72.899317489386618,-38.825570930613829],[-72.899819014113632,-38.825665710856626],[-72.900126294732274,-38.825762206839414],[-72.900175925924088,-38.825749978481824],[-72.900187744293731,-38.825747067119217],[-72.90028664486357,-38.825783174796705],[-72.900341067946101,-38.825839461403227],[-72.900340255284036,-38.825950063780375],[-72.900308548891303,-38.826033410389201],[-72.900314910333492,-38.826077401422843],[-72.90031909679152,-38.826106349364892],[-72.900319722953725,-38.826118986783932],[-72.900320313147034,-38.826130888314154],[-72.900521001993923,-38.826187898113169],[-72.900758868783868,-38.826189193844463],[-72.901150475527544,-38.826225486860608],[-72.901386103707694,-38.826126092195302],[-72.901400948890029,-38.826112170432758],[-72.901462107848161,-38.826029270812569],[-72.901489820186256,-38.825991707426077],[-72.901523754333354,-38.825902977203086],[-72.901536580397661,-38.825869438809441],[-72.901914057953022,-38.825807081733672],[-72.901801029446489,-38.825159483869619],[-72.901736309545299,-38.82513386516041],[-72.901619287625948,-38.82513366899412],[-72.901503807178713,-38.825164016569509],[-72.901351773626416,-38.825193706214094],[-72.901232650346529,-38.825182029686644],[-72.901081764058759,-38.825089679476264],[-72.90087208599779,-38.824923799543967],[-72.900954223582033,-38.82487656259616],[-72.900964835070212,-38.824870460528835],[-72.902528884319295,-38.82455222400614],[-72.903241397842194,-38.824400766814961],[-72.904434905235846,-38.824147054833048],[-72.90817482557074,-38.82335194279981],[-72.909042035260697,-38.823167552560278],[-72.909036879802969,-38.823175856078393],[-72.909212811568281,-38.823139919266012],[-72.909219019823524,-38.82312992082354],[-72.909368075199126,-38.823098226696452],[-72.910224057462642,-38.822933347521776],[-72.911245022435338,-38.822912577159222],[-72.911202438899508,-38.823418545096203],[-72.910893666203009,-38.823413048703941],[-72.910811743774914,-38.823411562388841],[-72.910536094256116,-38.82368141699272],[-72.910472563370249,-38.823736632670915],[-72.910409033537022,-38.823791848331929],[-72.91035347006202,-38.823834996605321],[-72.910214618900014,-38.823942819993057],[-72.909888223151256,-38.823901219199485],[-72.909744154682116,-38.823916420618524],[-72.909555743257812,-38.823936300051969],[-72.909285169872547,-38.824125333295576],[-72.909221890420767,-38.824257139704429],[-72.909030769189343,-38.824303066387735],[-72.908703445792241,-38.824553484032194],[-72.908713125029166,-38.824613257112617],[-72.908722804280046,-38.824673030192116],[-72.908745820637407,-38.824701949263194],[-72.908874466983136,-38.824863581811378],[-72.908909617813762,-38.82487346126323],[-72.908937863707621,-38.824881399676968],[-72.909564877392853,-38.825057625580783],[-72.909608597938117,-38.825386206801845],[-72.909481179831616,-38.825574644812377],[-72.909479611369321,-38.825628256136447],[-72.909478042876486,-38.825681868360512],[-72.909598873775096,-38.825857004550834],[-72.909677215255428,-38.825889133951549],[-72.909761117256039,-38.826566308787811],[-72.90942593426891,-38.826753190934625],[-72.909090750700557,-38.826940072085399],[-72.908608373007922,-38.827203787230289],[-72.908621447311404,-38.827240882638627],[-72.908780657929825,-38.827692587018781],[-72.909118150848315,-38.828650089491944],[-72.90929322965458,-38.829181531225771],[-72.909319891696342,-38.829222437016014],[-72.909654491183943,-38.829735779723229],[-72.909699680327265,-38.829872387776341],[-72.910788227863037,-38.83286161308839],[-72.90994485116596,-38.833057763895724],[-72.908552513191864,-38.833381573961354],[-72.90823455272843,-38.833466739483022],[-72.907764347940798,-38.833592680861742],[-72.907547696497673,-38.833646362955655],[-72.904610282647482,-38.834374155510261],[-72.904446083217167,-38.834412663489424],[-72.902233936114342,-38.834936040005715],[-72.902015422348768,-38.835000804203823],[-72.901974782913655,-38.83501284883237],[-72.901925317118483,-38.835027510029484],[-72.901871246646508,-38.835040762148644],[-72.901817174977623,-38.835054015122033],[-72.901313081673337,-38.835166515849622],[-72.900540116914954,-38.835339016754624],[-72.899957673725439,-38.835485051997416],[-72.898784382860526,-38.835770164163065],[-72.898688966849022,-38.835793349782143],[-72.898284925149838,-38.835878111924615],[-72.897563400034045,-38.836055841049145],[-72.896966879975864,-38.836215962971302],[-72.895083873276874,-38.836305391639058],[-72.894974886588585,-38.835704851091847],[-72.895053553898578,-38.835263118374776],[-72.895058138252125,-38.835252780604499],[-72.895096354915538,-38.835078229995744],[-72.895238744324871,-38.834784840756782],[-72.895228035130629,-38.834561526527587],[-72.895226900175601,-38.834289732844695],[-72.895057686818873,-38.833975900153419],[-72.894973057392221,-38.833887971134516],[-72.894900835376745,-38.833812931519766],[-72.894824923762556,-38.833734059035827],[-72.894748265772336,-38.833496175451188],[-72.894748146372876,-38.833401801193162],[-72.89465351903047,-38.833014064885994],[-72.894649950632598,-38.833002989056098],[-72.894650361501974,-38.833001125925257],[-72.894274039856086,-38.831459093495596],[-72.894589912612631,-38.830151577741958],[-72.894618560688698,-38.829179429795808],[-72.894687655809307,-38.829006645056538],[-72.894815552563799,-38.828855183652962],[-72.894943448767535,-38.828703722090438],[-72.895013148467442,-38.828519677937692],[-72.895133387620348,-38.827468486037631],[-72.895391452949667,-38.826812846494562],[-72.89543192587908,-38.826397149925086],[-72.895458598833542,-38.826203905306556],[-72.895607648070367,-38.826044396773753]]]},"properties":{"OBJECTID":112,"NOMBRE":"Sta. Clara","LUGAR":"Sta. Clara","Shape_Length":5744.0473152049444,"Shape_Area":1453937.3556658342}}]}